"1,0";"31,05,2020";"Свиблово";"450072044";"Наезд на препятствие";"";"0";"0";"п Свиблово проезд Лазоревый 1 а к1";"0,0";"2,0";"1,0";"2,0";
"3,0";"31,05,2020";"Орехово-Борисово Южное";"450071349";"Наезд на стоящее ТС";"Московская кольцевая автомобильная дорога (МКАД) внутренняя сторона";"20";"0";"г Москва  ";"0,0";"1,0";"2,0";"3,0";
"4,0";"31,05,2020";"Тверской";"450071274";"Наезд на стоящее ТС";"";"0";"0";"г Москва ул Новослободская 64";"0,0";"1,0";"2,0";"3,0";
"5,0";"31,05,2020";"Кузьминки";"450071345";"Столкновение";"";"0";"0";"г Москва ул Окская 16 кр 1";"0,0";"1,0";"2,0";"3,0";
"6,0";"31,05,2020";"Братеево";"450071313";"Наезд на стоящее ТС";"";"0";"0";"г Москва ул Алма-Атинская 1";"0,0";"1,0";"4,0";"1,0";
"7,0";"31,05,2020";"Орехово-Борисово Южное";"450071370";"Столкновение";"";"0";"0";"г Москва ул Ясеневая 30";"1,0";"0,0";"2,0";"2,0";
"8,0";"31,05,2020";"Фили-Давыдково";"450071196";"Столкновение";"";"0";"0";"г Москва пр-кт Кутузовский 61";"1,0";"5,0";"3,0";"6,0";
"9,0";"31,05,2020";"Митино";"450071511";"Опрокидывание";"";"0";"0";"г Москва ш Пятницкое 34 1";"0,0";"1,0";"1,0";"1,0";
"10,0";"31,05,2020";"Митино";"450072260";"Столкновение";"";"0";"0";"г Москва ш Волоколамское 132";"0,0";"1,0";"2,0";"2,0";
"11,0";"31,05,2020";"Донской";"450071399";"Наезд на препятствие";"Третье транспортное кольцо (внутренняя сторона)";"8";"100";"г Москва  ";"0,0";"1,0";"2,0";"1,0";
"12,0";"31,05,2020";"Бирюлево Восточное";"450071416";"Столкновение";"";"0";"0";"г Москва ул Липецкая 40";"0,0";"1,0";"3,0";"4,0";
"13,0";"31,05,2020";"Краснопахорское поселение";"450071411";"Наезд на препятствие";"А-130 Москва - Малоярославец - Рославль - граница с Республикой Белоруссия (основное направление)";"47";"0";"  ";"0,0";"1,0";"1,0";"1,0";
"14,0";"30,05,2020";"Можайский";"450071083";"Столкновение";"";"0";"0";"г Москва ул Беловежская 77";"1,0";"1,0";"2,0";"2,0";
"15,0";"30,05,2020";"Гольяново";"450071101";"Столкновение";"";"0";"0";"г Москва ул Монтажная 13";"0,0";"4,0";"2,0";"4,0";
"16,0";"30,05,2020";"Останкинский";"450072072";"Столкновение";"";"0";"0";"г Москва б-р Звёздный 10 ст, 1";"0,0";"1,0";"2,0";"2,0";
"17,0";"30,05,2020";"Черемушки";"450071283";"Столкновение";"";"0";"0";"г Москва ул Новочерёмушкинская 63А, стр, 1";"0,0";"1,0";"2,0";"2,0";
"18,0";"30,05,2020";"Люблино";"450072107";"Столкновение";"";"0";"0";"г Москва ул Верхние Поля 48а";"0,0";"1,0";"2,0";"2,0";
"19,0";"30,05,2020";"Бибирево";"450071119";"Столкновение";"";"0";"0";"г Москва ул Пришвина 6а";"0,0";"1,0";"2,0";"2,0";
"20,0";"30,05,2020";"Выхино-Жулебино";"450071014";"Столкновение";"";"0";"0";"г Москва пр-кт Волгоградский 181 к,1";"0,0";"1,0";"2,0";"2,0";
"21,0";"30,05,2020";"Марьина роща";"450089658";"Наезд на пешехода";"";"0";"0";"г Москва  ";"0,0";"1,0";"1,0";"2,0";
"22,0";"30,05,2020";"Красносельский";"450071157";"Столкновение";"";"0";"0";"г Москва пер Красносельский 1-й 15";"0,0";"1,0";"2,0";"3,0";
"23,0";"30,05,2020";"Северное Медведково";"450071986";"Столкновение";"";"0";"0";"г Москва ул Широкая 24";"0,0";"1,0";"4,0";"2,0";
"24,0";"30,05,2020";"Гагаринский";"450071121";"Падение пассажира";"";"0";"0";"г Москва пр-кт Ленинский 38";"0,0";"1,0";"1,0";"2,0";
"25,0";"30,05,2020";"Внуковское";"450071057";"Столкновение";"";"0";"0";"поселение Внуковское ш Внуковское 1";"0,0";"1,0";"2,0";"2,0";
"26,0";"30,05,2020";"Марьино";"450071132";"Наезд на велосипедиста";"";"0";"0";"г Москва  ";"0,0";"1,0";"2,0";"2,0";
"27,0";"30,05,2020";"Замоскворечье";"450071107";"Наезд на пешехода";"";"0";"0";"г Москва ул Зацепский Вал 16 13";"0,0";"1,0";"1,0";"2,0";
"28,0";"30,05,2020";"Чертаново Северное";"450071239";"Столкновение";"";"0";"0";"г Москва мкр Чертаново Северное 3Б";"0,0";"3,0";"2,0";"3,0";
"29,0";"30,05,2020";"Дмитровский";"450071198";"Наезд на препятствие";"";"0";"0";"г Москва ул Ижорская 9 стр,53";"0,0";"1,0";"1,0";"2,0";
"30,0";"30,05,2020";"Крюково";"450071115";"Наезд на велосипедиста";"";"0";"0";"г Зеленоград  ";"0,0";"1,0";"2,0";"2,0";
"31,0";"29,05,2020";"Кунцево";"450070764";"Наезд на препятствие";"Северо-Западная хорда (СЗХ)";"0";"0";"г Москва ул Ярцевская 21";"0,0";"1,0";"1,0";"1,0";
"32,0";"29,05,2020";"Бирюлево Восточное";"450070593";"Столкновение";"Московская кольцевая автомобильная дорога (МКАД) внутренняя сторона";"27";"0";"г Москва  ";"0,0";"2,0";"3,0";"3,0";
"33,0";"29,05,2020";"Беговой";"450074566";"Наезд на пешехода";"";"0";"0";"г Москва  ";"0,0";"1,0";"1,0";"2,0";
"34,0";"29,05,2020";"Гольяново";"450070663";"Наезд на стоящее ТС";"Московская кольцевая автомобильная дорога (МКАД) внутренняя сторона";"102";"0";"г Москва  ";"0,0";"2,0";"3,0";"4,0";
"35,0";"29,05,2020";"Новогиреево";"450070903";"Столкновение";"";"0";"0";"г Москва проезд Сапёрный 12, корпус 1";"0,0";"2,0";"2,0";"2,0";
"36,0";"29,05,2020";"Донской";"450070917";"Столкновение";"";"0";"0";"г Москва пр-кт Ленинский 24";"0,0";"2,0";"2,0";"3,0";
"37,0";"29,05,2020";"Очаково-Матвеевское";"450070920";"Столкновение";"";"0";"0";"п Матвеевское ул Озёрная 37а";"0,0";"1,0";"2,0";"3,0";
"38,0";"29,05,2020";"Капотня";"450071090";"Наезд на стоящее ТС";"Московская кольцевая автомобильная дорога (МКАД) внешняя сторона";"16";"0";"г Москва  ";"0,0";"1,0";"2,0";"3,0";
"39,0";"29,05,2020";"Орехово-Борисово Южное";"450071285";"Столкновение";"";"0";"0";"г Москва ул Ясеневая 12";"0,0";"1,0";"3,0";"3,0";
"40,0";"29,05,2020";"Южнопортовый";"450070894";"Столкновение";"";"0";"0";"г Москва ул Шарикоподшипниковская 11";"0,0";"1,0";"2,0";"2,0";
"41,0";"29,05,2020";"Митино";"450070999";"Наезд на пешехода";"";"0";"0";"г Москва ш Волоколамское 139 с 1";"0,0";"1,0";"2,0";"2,0";
"42,0";"29,05,2020";"Царицыно";"450070606";"Наезд на стоящее ТС";"";"0";"0";"г Москва ул Промышленная 3";"0,0";"1,0";"3,0";"2,0";
"43,0";"28,05,2020";"Савёлки";"450070390";"Наезд на препятствие";"";"0";"0";"г Зеленоград пр-кт Московский 501";"0,0";"2,0";"1,0";"2,0";
"44,0";"28,05,2020";"Орехово-Борисово Южное";"450095131";"Опрокидывание";"Московская кольцевая автомобильная дорога (МКАД) внутренняя сторона";"23";"0";"г Москва  ";"0,0";"1,0";"1,0";"1,0";
"45,0";"28,05,2020";"Выхино-Жулебино";"450070404";"Столкновение";"Московская кольцевая автомобильная дорога (МКАД) внешняя сторона";"11";"0";"г Москва  ";"0,0";"1,0";"2,0";"2,0";
"46,0";"28,05,2020";"Южное Бутово";"450070490";"Опрокидывание";"";"0";"0";"г Москва ул Миргородская 13";"0,0";"1,0";"1,0";"1,0";
"47,0";"28,05,2020";"Нижегородский";"450070399";"Столкновение";"";"0";"0";"г Москва ул Нижегородская 72 2";"0,0";"1,0";"2,0";"3,0";
"48,0";"28,05,2020";"Нагатинский затон";"450070534";"Столкновение";"";"0";"0";"г Москва пр-кт Андропова ВЛ9";"0,0";"2,0";"3,0";"3,0";
"49,0";"28,05,2020";"Тверской";"450070574";"Столкновение";"М-10 Россия Москва - Тверь - Великий Новгород - Санкт-Петербург (основное направление)";"29";"300";"г Москва ул Тверская 17";"0,0";"1,0";"2,0";"3,0";
"50,0";"28,05,2020";"Теплый Стан";"450070564";"Наезд на пешехода";"Московская кольцевая автомобильная дорога (МКАД) внешняя сторона";"42";"0";"г Москва  ";"1,0";"0,0";"2,0";"3,0";
"51,0";"28,05,2020";"Алтуфьевский";"450070506";"Наезд на велосипедиста";"";"0";"0";"г Москва ул Бибиревская 1";"0,0";"1,0";"2,0";"2,0";
"52,0";"27,05,2020";"Бирюлево Восточное";"450069946";"Столкновение";"Московская кольцевая автомобильная дорога (МКАД) внешняя сторона";"28";"0";"г Москва  ";"0,0";"2,0";"2,0";"3,0";
"53,0";"27,05,2020";"Рязанский";"450069902";"Столкновение";"";"0";"0";"г Москва пр-кт Рязанский 18";"0,0";"1,0";"2,0";"3,0";
"54,0";"27,05,2020";"Сосенское";"450070099";"Столкновение";"";"0";"0";"п завода Мосрентген проезд Институтский 3";"0,0";"1,0";"3,0";"3,0";
"55,0";"27,05,2020";"Нагорный";"450070100";"Столкновение";"";"0";"0";"г Москва ш Варшавское 87Б";"0,0";"1,0";"2,0";"2,0";
"56,0";"27,05,2020";"Черемушки";"450070044";"Столкновение";"";"0";"0";"г Москва пр-кт Севастопольский 44к,1";"0,0";"1,0";"3,0";"4,0";
"57,0";"27,05,2020";"Марфино";"450069981";"Столкновение";"";"0";"0";"г Москва ул Ботаническая 41 корп,7";"0,0";"1,0";"2,0";"3,0";
"58,0";"27,05,2020";"Кунцево";"450070003";"Столкновение";"";"0";"0";"г Москва ул Ивана Франко 32 корп,1";"0,0";"1,0";"3,0";"3,0";
"59,0";"27,05,2020";"Строгино";"450070030";"Наезд на стоящее ТС";"Московская кольцевая автомобильная дорога (МКАД) внутренняя сторона";"63";"0";"г Москва  ";"1,0";"0,0";"3,0";"3,0";
"60,0";"27,05,2020";"Новогиреево";"450070432";"Столкновение";"";"0";"0";"г Москва пр-кт Федеративный 36";"0,0";"1,0";"2,0";"3,0";
"61,0";"27,05,2020";"Перово";"450070328";"Столкновение";"";"0";"0";"г Москва ш Энтузиастов 48 1";"0,0";"1,0";"3,0";"4,0";
"62,0";"27,05,2020";"Михайлово-Ярцевское поселение";"450070173";"Наезд на пешехода";"";"0";"0";" тер СНТ Плесково 4";"0,0";"1,0";"1,0";"2,0";
"63,0";"27,05,2020";"Кунцево";"450069869";"Наезд на стоящее ТС";"Московская кольцевая автомобильная дорога (МКАД) внешняя сторона";"58";"0";"г Москва  ";"0,0";"1,0";"3,0";"2,0";
"64,0";"27,05,2020";"Останкинский";"450070794";"Наезд на пешехода";"";"0";"0";"г Москва  ";"0,0";"1,0";"1,0";"2,0";
"65,0";"26,05,2020";"Бибирево";"450069781";"Наезд на пешехода";"";"0";"0";"г Москва ул Лескова 9";"0,0";"1,0";"1,0";"2,0";
"66,0";"26,05,2020";"Раменки";"450069770";"Наезд на пешехода";"";"0";"0";"г Москва  ";"0,0";"1,0";"2,0";"2,0";
"67,0";"26,05,2020";"Ховрино";"450069777";"Столкновение";"";"0";"0";"г Москва ул Беломорская 36";"0,0";"1,0";"2,0";"3,0";
"68,0";"26,05,2020";"Выхино-Жулебино";"450069637";"Столкновение";"";"0";"0";"г Москва ул Привольная 19";"0,0";"2,0";"2,0";"2,0";
"69,0";"26,05,2020";"Ясенево";"450069721";"Столкновение";"Московская кольцевая автомобильная дорога (МКАД) внешняя сторона";"39";"0";"г Москва  ";"0,0";"1,0";"6,0";"4,0";
"70,0";"26,05,2020";"Сосенское";"450069737";"Наезд на пешехода";"";"0";"0";" ул Адмирала Корнилова (п Мосрентген) 10";"0,0";"1,0";"1,0";"2,0";
"71,0";"26,05,2020";"Теплый Стан";"450069773";"Столкновение";"Московская кольцевая автомобильная дорога (МКАД) внешняя сторона";"41";"40";"г Москва  ";"0,0";"1,0";"3,0";"4,0";
"72,0";"26,05,2020";"Нагорный";"450069636";"Наезд на препятствие";"";"0";"0";"г Москва проезд Нагорный 12";"1,0";"3,0";"1,0";"4,0";
"73,0";"26,05,2020";"Ломоносовский";"450072153";"Наезд на пешехода";"";"0";"0";"г Москва  ";"0,0";"1,0";"1,0";"2,0";
"74,0";"26,05,2020";"Раменки";"450069733";"Столкновение";"";"0";"0";"г Москва  ";"0,0";"1,0";"2,0";"2,0";
"75,0";"26,05,2020";"Преображенское";"450069665";"Наезд на пешехода";"";"0";"0";"г Москва ул Халтуринская 2";"0,0";"1,0";"1,0";"2,0";
"76,0";"26,05,2020";"ГУ МВД 2 СП ДПС 2 бат,";"450069728";"Столкновение";"М-10 Россия Москва - Тверь - Великий Новгород - Санкт-Петербург (основное направление)";"29";"300";"г Москва ш Ленинградское владение 35";"0,0";"1,0";"4,0";"5,0";
"77,0";"26,05,2020";"Отрадное";"450070507";"Опрокидывание";"";"0";"0";"г Москва ул Декабристов 17";"0,0";"2,0";"1,0";"2,0";
"78,0";"26,05,2020";"Орехово-Борисово Южное";"450069635";"Наезд на стоящее ТС";"Московская кольцевая автомобильная дорога (МКАД) внутренняя сторона";"24";"0";"г Москва  ";"0,0";"2,0";"5,0";"4,0";
"79,0";"25,05,2020";"Свиблово";"450070016";"Столкновение";"";"0";"0";"п Свиблово ул Кольская 12, стр,23";"0,0";"1,0";"2,0";"2,0";
"80,0";"25,05,2020";"Хамовники";"450069483";"Наезд на препятствие";"Третье транспортное кольцо (внешняя сторона)";"15";"0";"г Москва проезд Новолужнецкий 15";"0,0";"1,0";"2,0";"2,0";
"81,0";"25,05,2020";"Тимирязевский";"450069632";"Наезд на велосипедиста";"";"0";"0";"г Москва  ";"0,0";"1,0";"2,0";"2,0";
"82,0";"25,05,2020";"Свиблово";"450070777";"Столкновение";"";"0";"0";"п Свиблово проезд Лазоревый 5 к1";"0,0";"1,0";"2,0";"3,0";
"83,0";"25,05,2020";"Восточное Измайлово";"450069277";"Наезд на препятствие";"Московская кольцевая автомобильная дорога (МКАД) внутренняя сторона";"106";"0";"г Москва  ";"0,0";"2,0";"1,0";"2,0";
"84,0";"25,05,2020";"Мещанский";"450070932";"Наезд на велосипедиста";"";"0";"0";"г Москва пр-кт Мира 92 стр,1";"0,0";"1,0";"2,0";"2,0";
"85,0";"25,05,2020";"Лианозово";"450069731";"Столкновение";"Московская кольцевая автомобильная дорога (МКАД) внешняя сторона";"84";"0";"г Москва  ";"0,0";"1,0";"6,0";"4,0";
"86,0";"25,05,2020";"Новокосино";"450069499";"Наезд на велосипедиста";"";"0";"0";"г Москва  ";"0,0";"1,0";"2,0";"2,0";
"87,0";"25,05,2020";"ГУ МВД 2 СП ДПС 2 бат,";"450069608";"Наезд на велосипедиста";"А-106 Рублево-Успенское шоссе";"23";"0";"г Москва  ";"0,0";"1,0";"2,0";"2,0";
"88,0";"25,05,2020";"Черемушки";"450069466";"Столкновение";"";"0";"0";"г Москва пр-кт Нахимовский 31 к,2";"0,0";"1,0";"2,0";"3,0";
"89,0";"25,05,2020";"Фили-Давыдково";"450069600";"Столкновение";"";"0";"0";"г Москва ш Рублевское 4";"0,0";"1,0";"3,0";"4,0";
"90,0";"25,05,2020";"Савеловский";"450069464";"Наезд на велосипедиста";"";"0";"0";"г Москва  ";"0,0";"1,0";"2,0";"2,0";
"91,0";"24,05,2020";"Выхино-Жулебино";"450069185";"Наезд на стоящее ТС";"Московская кольцевая автомобильная дорога (МКАД) внешняя сторона";"10";"0";"г Москва  ";"1,0";"1,0";"2,0";"3,0";
"92,0";"24,05,2020";"Бирюлево Восточное";"450069248";"Наезд на препятствие";"";"0";"0";"г Москва ул Касимовская ВЛ31";"0,0";"1,0";"1,0";"1,0";
"93,0";"24,05,2020";"Митино";"450069262";"Столкновение";"";"0";"0";"г Москва ш Пятницкое 39";"0,0";"2,0";"3,0";"4,0";
"94,0";"24,05,2020";"Солнцево";"450069254";"Столкновение";"";"0";"0";"г Москва ул Богданова 21";"0,0";"1,0";"2,0";"2,0";
"95,0";"24,05,2020";"Нагорный";"450069266";"Столкновение";"";"0";"0";"г Москва пр-кт Нахимовский 2";"0,0";"1,0";"2,0";"3,0";
"96,0";"24,05,2020";"Ярославский";"450069156";"Столкновение";"";"0";"0";"г Москва ш Ярославское 143";"0,0";"1,0";"2,0";"2,0";
"97,0";"24,05,2020";"Выхино-Жулебино";"450069163";"Столкновение";"";"0";"0";"г Москва пр-кт Волгоградский 181к1";"1,0";"0,0";"2,0";"2,0";
"98,0";"24,05,2020";"Замоскворечье";"450069244";"Столкновение";"";"0";"0";"г Москва ул Люсиновская 21";"0,0";"1,0";"2,0";"3,0";
"99,0";"24,05,2020";"Раменки";"450069243";"Столкновение";"";"0";"0";"г Москва ул Лобачевского 98";"0,0";"1,0";"2,0";"2,0";
"100,0";"24,05,2020";"Фили-Давыдково";"450069081";"Наезд на препятствие";"";"0";"0";"г Москва пр-кт Кутузовский 10 км";"0,0";"1,0";"1,0";"1,0";
"101,0";"23,05,2020";"Гольяново";"450069022";"Столкновение";"";"0";"0";"г Москва ул Алтайская 27";"0,0";"3,0";"4,0";"5,0";
"102,0";"23,05,2020";"Басманный";"450068789";"Наезд на препятствие";"";"0";"0";"г Москва ул Красносельская Нижн, 45 12";"0,0";"1,0";"1,0";"2,0";
"103,0";"23,05,2020";"Дорогомилово";"450068755";"Наезд на препятствие";"";"0";"0";"г Москва пр-кт Кутузовский 8 км";"0,0";"1,0";"2,0";"2,0";
"104,0";"23,05,2020";"Кунцево";"450078375";"Наезд на препятствие";"Московская кольцевая автомобильная дорога (МКАД) внутренняя сторона";"57";"0";"г Москва  ";"0,0";"1,0";"1,0";"2,0";
"105,0";"23,05,2020";"Щаповское поселение";"450068881";"Столкновение";"Подольск-А-101 Москва-Малоярославец-Рославль";"12";"0";"  ";"0,0";"1,0";"2,0";"3,0";
"106,0";"23,05,2020";"Фили-Давыдково";"450068829";"Наезд на пешехода";"";"0";"0";"г Москва ул Герасима Курина 14 корп, 1";"0,0";"1,0";"1,0";"2,0";
"107,0";"23,05,2020";"Первомайское поселение";"450069005";"Наезд на препятствие";"";"0";"0";"д Ширяево ул Озёрная 56";"1,0";"0,0";"1,0";"1,0";
"108,0";"23,05,2020";"Даниловский";"450068945";"Столкновение";"";"0";"0";"г Москва ул Трофимова 9";"0,0";"1,0";"2,0";"2,0";
"109,0";"23,05,2020";"Кунцево";"450069014";"Столкновение";"Северо-Западная хорда (СЗХ)";"0";"0";"г Москва ул Ярцевская 25";"0,0";"1,0";"3,0";"3,0";
"110,0";"22,05,2020";"Северное Медведково";"450068684";"Наезд на пешехода";"";"0";"0";"г Москва  ";"0,0";"1,0";"2,0";"2,0";
"111,0";"22,05,2020";"Хамовники";"450068731";"Столкновение";"Третье транспортное кольцо (внутренняя сторона)";"5";"0";"г Москва ул Хамовнический Вал 14 ТТК внутр";"0,0";"1,0";"3,0";"2,0";
"112,0";"22,05,2020";"Метрогородок";"450068575";"Столкновение";"Московская кольцевая автомобильная дорога (МКАД) внешняя сторона";"94";"0";"г Москва  ";"0,0";"2,0";"6,0";"7,0";
"113,0";"22,05,2020";"Коньково";"450068695";"Столкновение";"";"0";"0";"г Москва ул Обручева 32";"0,0";"1,0";"2,0";"3,0";
"114,0";"22,05,2020";"ГУ МВД 2 СП ДПС 2 бат,";"450068739";"Наезд на пешехода";"М-10 Россия Москва - Тверь - Великий Новгород - Санкт-Петербург (основное направление)";"29";"300";"г Москва ш Ленинградское владение 5";"0,0";"1,0";"1,0";"2,0";
"115,0";"22,05,2020";"Дорогомилово";"450068461";"Столкновение";"Третье транспортное кольцо (внутренняя сторона)";"18";"540";"г Москва пр-кт Кутузовский 32к1";"0,0";"1,0";"2,0";"3,0";
"116,0";"22,05,2020";"Измайлово";"450068725";"Наезд на пешехода";"";"0";"0";"г Москва проезд Заводской 21 9";"0,0";"1,0";"1,0";"2,0";
"117,0";"22,05,2020";"Филимонковское";"450068508";"Столкновение";"";"0";"0";"п Валуево гск Валуево 1";"0,0";"1,0";"3,0";"3,0";
"118,0";"22,05,2020";"Раменки";"450068749";"Наезд на пешехода";"";"0";"0";"г Москва  ";"0,0";"1,0";"1,0";"2,0";
"119,0";"22,05,2020";"Марьино";"450068602";"Опрокидывание";"";"0";"0";"г Москва ул Люблинская 179 1";"0,0";"1,0";"1,0";"1,0";
"120,0";"22,05,2020";"Бирюлево Восточное";"450068692";"Столкновение";"";"0";"0";"г Москва ул Радиальная 6-я 10";"0,0";"1,0";"3,0";"3,0";
"121,0";"22,05,2020";"Некрасовка";"450069489";"Столкновение";"";"0";"0";"п Некрасовка ул Вертолётчиков 7к1";"0,0";"1,0";"3,0";"2,0";
"122,0";"22,05,2020";"Чертаново Южное";"450068527";"Наезд на пешехода";"";"0";"0";"г Москва ш Варшавское 160";"0,0";"1,0";"1,0";"2,0";
"123,0";"21,05,2020";"Академический";"450068074";"Наезд на препятствие";"";"0";"0";"г Москва ул Вавилова 24";"0,0";"1,0";"1,0";"1,0";
"124,0";"21,05,2020";"Лосиноостровский";"450068627";"Столкновение";"";"0";"0";"г Москва ул Тайнинская 4";"0,0";"1,0";"2,0";"2,0";
"125,0";"21,05,2020";"Хорошевский";"450070616";"Наезд на пешехода";"";"0";"0";"г Москва  ";"0,0";"1,0";"1,0";"2,0";
"126,0";"21,05,2020";"Очаково-Матвеевское";"450068482";"Наезд на стоящее ТС";"Московская кольцевая автомобильная дорога (МКАД) внутренняя сторона";"49";"0";"п Матвеевское  ";"0,0";"1,0";"2,0";"2,0";
"127,0";"21,05,2020";"Митино";"450068441";"Наезд на пешехода";"";"0";"0";"г Москва ш Пятницкое 21 корп, 1";"0,0";"4,0";"1,0";"4,0";
"128,0";"21,05,2020";"Ярославский";"450068286";"Столкновение";"";"0";"0";"г Москва ул Проходчиков 1";"0,0";"1,0";"2,0";"2,0";
"129,0";"21,05,2020";"Пресненский";"450068444";"Столкновение";"Третье транспортное кольцо (внутренняя сторона)";"14";"0";"г Москва ш Звенигородское 28";"0,0";"1,0";"3,0";"3,0";
"130,0";"21,05,2020";"Нагатинский затон";"450068335";"Столкновение";"";"0";"0";"г Москва ул Судостроительная 21 11";"0,0";"1,0";"2,0";"2,0";
"131,0";"21,05,2020";"Митино";"450068349";"Наезд на велосипедиста";"";"0";"0";"г Москва ш Пятницкое 17 корп, 1";"0,0";"1,0";"2,0";"2,0";
"132,0";"21,05,2020";"Ростокино";"450068633";"Столкновение";"";"0";"0";"г Москва пр-кт Мира 181";"0,0";"1,0";"2,0";"3,0";
"133,0";"21,05,2020";"Новокосино";"450074800";"Наезд на пешехода";"";"0";"0";"г Москва  ";"0,0";"1,0";"1,0";"2,0";
"134,0";"21,05,2020";"Алексеевский";"450075246";"Столкновение";"";"0";"0";"г Москва пр-кт Мира 128";"0,0";"1,0";"2,0";"2,0";
"135,0";"21,05,2020";"Обручевский";"450069160";"Столкновение";"";"0";"0";"г Москва ул Гарибальди 26";"0,0";"1,0";"3,0";"4,0";
"136,0";"21,05,2020";"Старое Крюково";"450068071";"Наезд на пешехода";"";"0";"0";"г Зеленоград пр-кт Панфиловский 833";"0,0";"1,0";"1,0";"2,0";
"137,0";"20,05,2020";"Дорогомилово";"450067980";"Столкновение";"";"0";"0";"г Москва пр-кт Кутузовский 45";"0,0";"1,0";"3,0";"3,0";
"138,0";"20,05,2020";"Ясенево";"450067909";"Столкновение";"Московская кольцевая автомобильная дорога (МКАД) внутренняя сторона";"39";"560";"г Москва  ";"0,0";"1,0";"3,0";"2,0";
"139,0";"20,05,2020";"Южное Бутово";"450068311";"Столкновение";"";"0";"0";"г Москва ул Скобелевская 2";"0,0";"1,0";"2,0";"3,0";
"140,0";"20,05,2020";"Нагатино-Садовники";"450067939";"Столкновение";"";"0";"0";"г Москва ш Каширское 5 К1";"0,0";"1,0";"4,0";"4,0";
"141,0";"20,05,2020";"Северное Тушино";"450067716";"Столкновение";"Московская кольцевая автомобильная дорога (МКАД) внешняя сторона";"71";"0";"г Москва  ";"0,0";"1,0";"2,0";"2,0";
"142,0";"20,05,2020";"Аэропорт";"450067835";"Столкновение";"";"0";"0";"г Москва аллея Петровско-Разумовская 10 к 1";"0,0";"3,0";"4,0";"3,0";
"143,0";"20,05,2020";"Щаповское поселение";"450067872";"Наезд на препятствие";"";"0";"0";"п Щапово ул Садовый Квартал 53";"1,0";"0,0";"1,0";"1,0";
"144,0";"19,05,2020";"Тимирязевский";"450067606";"Столкновение";"";"0";"0";"г Москва ш Дмитровское 27, корп, 1";"0,0";"1,0";"2,0";"3,0";
"145,0";"19,05,2020";"Алексеевский";"450067416";"Столкновение";"";"0";"0";"г Москва пр-кт Мира 150";"0,0";"1,0";"2,0";"2,0";
"146,0";"19,05,2020";"Строгино";"450067511";"Столкновение";"";"0";"0";"г Москва пр-кт Маршала Жукова 79";"0,0";"2,0";"3,0";"5,0";
"147,0";"19,05,2020";"Строгино";"450067624";"Столкновение";"Московская кольцевая автомобильная дорога (МКАД) внешняя сторона";"63";"0";"г Москва  ";"0,0";"1,0";"2,0";"3,0";
"148,0";"19,05,2020";"Пресненский";"450067619";"Столкновение";"";"0";"0";"г Москва ул Грузинская Б, 76";"0,0";"1,0";"2,0";"2,0";
"149,0";"19,05,2020";"Зюзино";"450069745";"Наезд на велосипедиста";"";"0";"0";"г Москва ул Болотниковская 21 стр, 2";"0,0";"1,0";"2,0";"2,0";
"150,0";"19,05,2020";"Тропарево-Никулино";"450067470";"Наезд на пешехода";"";"0";"0";"г Москва ул Покрышкина 8 корп, 1";"0,0";"1,0";"1,0";"2,0";
"151,0";"18,05,2020";"Зюзино";"450067418";"Столкновение";"";"0";"0";"г Москва пл Севастопольская 73";"0,0";"1,0";"2,0";"2,0";
"152,0";"18,05,2020";"Северное Измайлово";"450067269";"Столкновение";"";"0";"0";"г Москва ш Щёлковское 54";"0,0";"1,0";"4,0";"5,0";
"153,0";"18,05,2020";"Бибирево";"450067475";"Столкновение";"Московская кольцевая автомобильная дорога (МКАД) внутренняя сторона";"85";"0";"г Москва  ";"0,0";"1,0";"3,0";"3,0";
"154,0";"18,05,2020";"Беговой";"450067245";"Столкновение";"Третье транспортное кольцо (внутренняя сторона)";"37";"100";"г Москва ул Беговая 11";"0,0";"1,0";"3,0";"4,0";
"155,0";"18,05,2020";"Выхино-Жулебино";"450067187";"Столкновение";"";"0";"0";"г Москва ул Привольная 15";"0,0";"1,0";"3,0";"4,0";
"156,0";"18,05,2020";"Лианозово";"450072461";"Наезд на велосипедиста";"";"0";"0";"г Москва ш Алтуфьевское 93а";"0,0";"1,0";"2,0";"2,0";
"157,0";"18,05,2020";"Бирюлево Западное";"450067234";"Наезд на пешехода";"";"0";"0";"г Москва  ";"0,0";"1,0";"1,0";"2,0";
"158,0";"18,05,2020";"Бибирево";"450067454";"Наезд на пешехода";"";"0";"0";"г Москва ул Конёнкова 13";"0,0";"1,0";"1,0";"2,0";
"159,0";"18,05,2020";"Кунцево";"450068677";"Падение пассажира";"";"0";"0";"г Москва ул Молодогвардейская 25к1";"0,0";"1,0";"1,0";"2,0";
"160,0";"18,05,2020";"Очаково-Матвеевское";"450067839";"Наезд на пешехода";"";"0";"0";"п Матвеевское  ";"0,0";"1,0";"1,0";"2,0";
"161,0";"17,05,2020";"Текстильщики";"450067584";"Столкновение";"";"0";"0";"г Москва ул Люблинская 17к1";"0,0";"1,0";"2,0";"3,0";
"162,0";"17,05,2020";"Хорошево-Мневники";"450066881";"Наезд на препятствие";"";"0";"0";"г Москва ул Народного Ополчения 20К1";"0,0";"1,0";"1,0";"1,0";
"163,0";"17,05,2020";"Кузьминки";"450066945";"Наезд на велосипедиста";"";"0";"0";"г Москва ул Юных Ленинцев 52";"0,0";"1,0";"2,0";"2,0";
"164,0";"17,05,2020";"Замоскворечье";"450066984";"Наезд на велосипедиста";"";"0";"0";"г Москва ул Татарская 7стр1";"0,0";"1,0";"2,0";"2,0";
"165,0";"17,05,2020";"Таганский";"450067019";"Столкновение";"";"0";"0";"г Москва ул Калитниковская Б, 12";"0,0";"1,0";"2,0";"3,0";
"166,0";"17,05,2020";"Лосиноостровский";"450067484";"Наезд на пешехода";"";"0";"0";"г Москва  ";"0,0";"1,0";"1,0";"2,0";
"167,0";"16,05,2020";"Ярославский";"450066778";"Наезд на препятствие";"Московская кольцевая автомобильная дорога (МКАД) внешняя сторона";"93";"0";"г Москва  ";"0,0";"1,0";"1,0";"1,0";
"168,0";"16,05,2020";"Кузьминки";"450066818";"Наезд на пешехода";"";"0";"0";"г Москва пр-кт Волгоградский 123 корп, 1";"0,0";"1,0";"1,0";"2,0";
"169,0";"16,05,2020";"Текстильщики";"450066750";"Опрокидывание";"";"0";"0";"г Москва б-р Волжский 40";"0,0";"1,0";"1,0";"1,0";
"170,0";"16,05,2020";"Солнцево";"450066724";"Наезд на пешехода";"";"0";"0";"г Москва  ";"0,0";"1,0";"1,0";"2,0";
"171,0";"16,05,2020";"Соколиная гора";"450067578";"Наезд на пешехода";"";"0";"0";"г Москва  ";"0,0";"1,0";"1,0";"2,0";
"172,0";"16,05,2020";"Печатники";"450066773";"Столкновение";"";"0";"0";"г Москва ул Шоссейная 88";"0,0";"1,0";"2,0";"3,0";
"173,0";"16,05,2020";"Хорошево-Мневники";"450066636";"Наезд на пешехода";"Северо-Западная хорда (СЗХ)";"0";"0";"г Москва ул Народного Ополчения 22";"1,0";"0,0";"1,0";"2,0";
"174,0";"16,05,2020";"Северное Измайлово";"450066637";"Столкновение";"";"0";"0";"г Москва ш Щёлковское 82 кор,1";"0,0";"1,0";"2,0";"2,0";
"175,0";"16,05,2020";"Покровское-Стрешнево";"450066629";"Наезд на препятствие";"Московская кольцевая автомобильная дорога (МКАД) внутренняя сторона";"68";"0";"г Москва  ";"0,0";"1,0";"1,0";"1,0";
"176,0";"16,05,2020";"Выхино-Жулебино";"450066771";"Столкновение";"Московская кольцевая автомобильная дорога (МКАД) внутренняя сторона";"9";"0";"г Москва  ";"0,0";"2,0";"5,0";"5,0";
"177,0";"16,05,2020";"Можайский";"450066734";"Наезд на стоящее ТС";"Московская кольцевая автомобильная дорога (МКАД) внешняя сторона";"56";"0";"г Москва  ";"0,0";"1,0";"3,0";"4,0";
"178,0";"16,05,2020";"Коньково";"450066775";"Наезд на велосипедиста";"";"0";"0";"г Москва  ";"0,0";"1,0";"2,0";"2,0";
"179,0";"16,05,2020";"Тропарево-Никулино";"450066854";"Столкновение";"Московская кольцевая автомобильная дорога (МКАД) внешняя сторона";"45";"0";"г Москва  ";"0,0";"1,0";"2,0";"2,0";
"180,0";"16,05,2020";"Московский";"450066737";"Опрокидывание";"";"0";"0";"г Московский мкр 1-й 5";"0,0";"1,0";"1,0";"1,0";
"181,0";"16,05,2020";"Восточное Дегунино";"450066647";"Наезд на стоящее ТС";"";"0";"0";"г Москва ул Дубнинская 30 корпус 2";"0,0";"1,0";"3,0";"1,0";
"182,0";"15,05,2020";"Братеево";"450066630";"Столкновение";"";"0";"0";"г Москва ул Братеевская 4 К1";"0,0";"2,0";"2,0";"2,0";
"183,0";"15,05,2020";"Сокольники";"450066530";"Столкновение";"";"0";"0";"г Москва ул Олений Вал 9";"0,0";"1,0";"2,0";"2,0";
"184,0";"15,05,2020";"Крылатское";"450066549";"Наезд на пешехода";"";"0";"0";"г Москва б-р Осенний 12 корп, 1";"0,0";"1,0";"1,0";"2,0";
"185,0";"15,05,2020";"Орехово-Борисово Северное";"450066486";"Наезд на пешехода";"";"0";"0";"г Москва ул Шипиловская 32А";"1,0";"0,0";"2,0";"2,0";
"186,0";"15,05,2020";"Войковский";"450068618";"Наезд на стоящее ТС";"М-10 Россия Москва - Тверь - Великий Новгород - Санкт-Петербург (основное направление)";"29";"300";"г Москва ш Ленинградское 6";"0,0";"1,0";"3,0";"3,0";
"187,0";"15,05,2020";"Киевский";"450066363";"Столкновение";"";"0";"0";"д Шеломово ул Центральная 1";"1,0";"0,0";"2,0";"2,0";
"188,0";"15,05,2020";"Бирюлево Восточное";"450067902";"Столкновение";"";"0";"0";"г Москва ул Липецкая 54";"0,0";"1,0";"2,0";"2,0";
"189,0";"15,05,2020";"Нижегородский";"450066312";"Столкновение";"";"0";"0";"г Москва ул Нижегородская 71";"0,0";"2,0";"3,0";"3,0";
"190,0";"15,05,2020";"Вороновское поселение";"450066562";"Столкновение";"А-130 Москва - Малоярославец - Рославль - граница с Республикой Белоруссия (основное направление)";"58";"0";"с Вороново  ";"1,0";"0,0";"2,0";"2,0";
"191,0";"15,05,2020";"Внуковское";"450066674";"Столкновение";"";"0";"0";"поселение Внуковское ш Внуковское 1км";"0,0";"1,0";"2,0";"2,0";
"192,0";"15,05,2020";"Чертаново Центральное";"450067860";"Столкновение";"";"0";"0";"г Москва ул Дорожная 3 К6";"0,0";"1,0";"3,0";"3,0";
"193,0";"15,05,2020";"Красносельский";"450066503";"Наезд на пешехода";"";"0";"0";"г Москва ул Краснопрудная 26";"0,0";"1,0";"1,0";"2,0";
"194,0";"14,05,2020";"Замоскворечье";"450066227";"Столкновение";"";"0";"0";"г Москва ул Зацепский Вал 5";"0,0";"1,0";"3,0";"3,0";
"195,0";"14,05,2020";"Выхино-Жулебино";"450066340";"Столкновение";"";"0";"0";"г Москва ул Ферганская 12";"0,0";"1,0";"2,0";"3,0";
"196,0";"14,05,2020";"Нагатино-Садовники";"450066238";"Наезд на пешехода";"";"0";"0";"г Москва  ";"0,0";"1,0";"1,0";"2,0";
"197,0";"14,05,2020";"Марьина роща";"450066440";"Столкновение";"";"0";"0";"г Москва пр-кт Мира 92";"0,0";"1,0";"4,0";"4,0";
"198,0";"14,05,2020";"Сокольники";"450070515";"Столкновение";"";"0";"0";"г Москва ул Егерская 5";"0,0";"1,0";"2,0";"2,0";
"199,0";"14,05,2020";"Марьино";"450066229";"Столкновение";"";"0";"0";"г Москва ул Люблинская 179 1";"0,0";"1,0";"2,0";"2,0";
"200,0";"14,05,2020";"Обручевский";"450066155";"Наезд на велосипедиста";"";"0";"0";"г Москва  ";"0,0";"1,0";"2,0";"2,0";
"201,0";"14,05,2020";"Люблино";"450066175";"Наезд на стоящее ТС";"Московская кольцевая автомобильная дорога (МКАД) внутренняя сторона";"13";"0";"г Москва  ";"0,0";"2,0";"2,0";"3,0";
"202,0";"14,05,2020";"Косино-Ухтомский";"450068933";"Наезд на пешехода";"";"0";"0";"п Ухтомский  ";"0,0";"1,0";"2,0";"2,0";
"203,0";"14,05,2020";"Митино";"450066236";"Столкновение";"";"0";"0";"г Москва ш Пятницкое 6";"0,0";"1,0";"2,0";"3,0";
"204,0";"14,05,2020";"Бирюлево Восточное";"450067864";"Столкновение";"Московская кольцевая автомобильная дорога (МКАД) внутренняя сторона";"24";"0";"г Москва  ";"0,0";"1,0";"2,0";"3,0";
"205,0";"14,05,2020";"Сокольники";"450066086";"Наезд на препятствие";"";"0";"0";"г Москва ул Сокольнический Вал 6";"0,0";"1,0";"3,0";"3,0";
"206,0";"14,05,2020";"Крылатское";"450066153";"Столкновение";"";"0";"0";"г Москва ул Крылатская 17-2";"0,0";"1,0";"3,0";"3,0";
"207,0";"14,05,2020";"Ивановское";"450066368";"Столкновение";"";"0";"0";"г Москва ш Энтузиастов 92г";"0,0";"1,0";"2,0";"3,0";
"208,0";"14,05,2020";"ГУ МВД 2 СП ДПС 2 бат,";"450066607";"Столкновение";"А-106 Рублево-Успенское шоссе";"12";"0";"г Москва  ";"0,0";"1,0";"2,0";"2,0";
"209,0";"14,05,2020";"Кунцево";"450066134";"Наезд на пешехода";"Северо-Западная хорда (СЗХ)";"0";"0";"г Москва ул Ярцевская 19";"0,0";"1,0";"1,0";"2,0";
"210,0";"14,05,2020";"Десёновское";"450066162";"Столкновение";"А-130 Москва - Малоярославец - Рославль - граница с Республикой Белоруссия (основное направление)";"37";"0";"  ";"0,0";"1,0";"3,0";"2,0";
"211,0";"14,05,2020";"Выхино-Жулебино";"450066223";"Столкновение";"Московская кольцевая автомобильная дорога (МКАД) внешняя сторона";"8";"0";"г Москва  ";"0,0";"1,0";"2,0";"2,0";
"212,0";"14,05,2020";"Пресненский";"450066140";"Столкновение";"Третье транспортное кольцо (внутренняя сторона)";"13";"0";"г Москва ул Подвойского 18";"0,0";"1,0";"2,0";"3,0";
"213,0";"13,05,2020";"Перово";"450066095";"Столкновение";"";"0";"0";"г Москва ш Энтузиастов 50";"0,0";"1,0";"2,0";"3,0";
"214,0";"13,05,2020";"Текстильщики";"450065926";"Наезд на пешехода";"";"0";"0";"г Москва ул Люблинская 17 КОР 1";"0,0";"1,0";"1,0";"2,0";
"215,0";"13,05,2020";"Хорошево-Мневники";"450065936";"Столкновение";"";"0";"0";"г Москва наб Карамышевская 32 2";"0,0";"1,0";"2,0";"2,0";
"216,0";"13,05,2020";"Филевский парк";"450066055";"Столкновение";"";"0";"0";"г Москва ул Василисы Кожиной 18";"0,0";"1,0";"2,0";"2,0";
"217,0";"13,05,2020";"Крюково";"450065872";"Столкновение";"";"0";"0";"г Зеленоград пр-кт Георгиевский 1701";"0,0";"2,0";"2,0";"3,0";
"218,0";"13,05,2020";"Клёновское";"450065982";"Наезд на велосипедиста";"";"0";"0";"с Кленово ул Центральная 90";"0,0";"2,0";"2,0";"3,0";
"219,0";"13,05,2020";"Северное Измайлово";"450065783";"Столкновение";"";"0";"0";"г Москва  ";"0,0";"1,0";"2,0";"2,0";
"220,0";"13,05,2020";"Гольяново";"450065960";"Наезд на пешехода";"";"0";"0";"г Москва  ";"0,0";"1,0";"1,0";"2,0";
"221,0";"13,05,2020";"Кузьминки";"450065928";"Наезд на велосипедиста";"";"0";"0";"г Москва ул Зеленодольская 44";"0,0";"1,0";"2,0";"2,0";
"222,0";"13,05,2020";"Аэропорт";"450066046";"Наезд на пешехода";"";"0";"0";"г Москва пер Балтийский 1-й 3 25";"0,0";"1,0";"1,0";"2,0";
"223,0";"13,05,2020";"Орехово-Борисово Южное";"450066172";"Столкновение";"";"0";"0";"г Москва ул Ясеневая 43 48";"0,0";"1,0";"2,0";"3,0";
"224,0";"12,05,2020";"Тропарево-Никулино";"450065503";"Наезд на пешехода";"Московская кольцевая автомобильная дорога (МКАД) внутренняя сторона";"46";"50";"г Москва  ";"1,0";"0,0";"2,0";"2,0";
"225,0";"12,05,2020";"Москворечье-Сабурово";"450065630";"Наезд на пешехода";"";"0";"0";"г Москва ул Москворечье 21 К2";"0,0";"1,0";"1,0";"3,0";
"226,0";"12,05,2020";"Выхино-Жулебино";"450088104";"Столкновение";"";"0";"0";"г Москва ул Привольная 54к2";"0,0";"1,0";"2,0";"3,0";
"227,0";"12,05,2020";"Очаково-Матвеевское";"450065674";"Наезд на стоящее ТС";"";"0";"0";"п Матвеевское ул Генерала Дорохова 5, стр,2";"0,0";"1,0";"2,0";"2,0";
"228,0";"12,05,2020";"Выхино-Жулебино";"450065556";"Столкновение";"Московская кольцевая автомобильная дорога (МКАД) внешняя сторона";"8";"0";"г Москва  ";"0,0";"1,0";"7,0";"4,0";
"229,0";"12,05,2020";"Новофёдоровское поселение";"450065709";"Столкновение";"";"0";"0";"д Яковлевское ул Дорожная 29а";"1,0";"0,0";"2,0";"2,0";
"230,0";"12,05,2020";"Ховрино";"450065587";"Столкновение";"Северо-Восточная хорда (СВХ)";"0";"0";"г Москва проезд Библиотечный 2 стр 1";"0,0";"1,0";"2,0";"2,0";
"231,0";"12,05,2020";"Люблино";"450065685";"Наезд на велосипедиста";"";"0";"0";"г Москва ул Краснодонская 51";"0,0";"1,0";"2,0";"2,0";
"232,0";"12,05,2020";"Лианозово";"450066478";"Столкновение";"Московская кольцевая автомобильная дорога (МКАД) внешняя сторона";"84";"0";"г Москва  ";"0,0";"1,0";"2,0";"2,0";
"233,0";"12,05,2020";"Теплый Стан";"450065723";"Столкновение";"Московская кольцевая автомобильная дорога (МКАД) внешняя сторона";"42";"880";"г Москва  ";"0,0";"3,0";"7,0";"9,0";
"234,0";"12,05,2020";"Выхино-Жулебино";"450065892";"Столкновение";"";"0";"0";"г Москва б-р Жулебинский 10";"0,0";"1,0";"2,0";"2,0";
"235,0";"12,05,2020";"Выхино-Жулебино";"450065505";"Наезд на препятствие";"Московская кольцевая автомобильная дорога (МКАД) внутренняя сторона";"11";"0";"г Москва  ";"1,0";"0,0";"1,0";"1,0";
"236,0";"12,05,2020";"Чертаново Южное";"450066206";"Столкновение";"";"0";"0";"г Москва ш Варшавское 143 К3";"0,0";"2,0";"2,0";"4,0";
"237,0";"12,05,2020";"Тимирязевский";"450065510";"Наезд на стоящее ТС";"";"0";"0";"г Москва ш Дмитровское 42";"0,0";"1,0";"2,0";"2,0";
"238,0";"12,05,2020";"Северное Бутово";"450065592";"Столкновение";"";"0";"0";"п Бутово ул Варшавское шоссе 167";"0,0";"1,0";"7,0";"8,0";
"239,0";"12,05,2020";"Новогиреево";"450065512";"Наезд на препятствие";"";"0";"0";"г Москва пр-кт Зелёный 42";"0,0";"1,0";"1,0";"1,0";
"240,0";"12,05,2020";"Алексеевский";"450065593";"Столкновение";"";"0";"0";"г Москва проезд Рижский 15";"0,0";"1,0";"2,0";"2,0";
"241,0";"12,05,2020";"Капотня";"450065874";"Столкновение";"";"0";"0";"г Москва кв-л Капотня 2-й 1";"0,0";"1,0";"2,0";"2,0";
"242,0";"12,05,2020";"Лефортово";"450065651";"Столкновение";"Третье транспортное кольцо (внешняя сторона)";"1";"0";"г Москва  ";"0,0";"1,0";"3,0";"4,0";
"243,0";"11,05,2020";"Люблино";"450065377";"Наезд на препятствие";"Московская кольцевая автомобильная дорога (МКАД) внутренняя сторона";"14";"0";"г Москва  ";"0,0";"1,0";"1,0";"1,0";
"244,0";"11,05,2020";"Солнцево";"450065900";"Наезд на препятствие";"";"0";"0";"г Москва ул Родниковая 18";"0,0";"1,0";"1,0";"1,0";
"245,0";"11,05,2020";"Бибирево";"450065428";"Наезд на пешехода";"";"0";"0";"г Москва ш Алтуфьевское 100";"0,0";"1,0";"1,0";"2,0";
"246,0";"11,05,2020";"Алексеевский";"450065933";"Столкновение";"";"0";"0";"г Москва пр-кт Мира 98 стр 1";"0,0";"1,0";"2,0";"2,0";
"247,0";"11,05,2020";"Сокол";"450066332";"Наезд на препятствие";"";"0";"0";"г Москва ш Волоколамское 4, корп, 5";"0,0";"1,0";"1,0";"1,0";
"248,0";"11,05,2020";"Северный";"450065439";"Столкновение";"";"0";"0";"г Москва ш Долгопрудненское 8";"0,0";"4,0";"2,0";"5,0";
"249,0";"11,05,2020";"Метрогородок";"450065427";"Наезд на стоящее ТС";"Московская кольцевая автомобильная дорога (МКАД) внешняя сторона";"98";"0";"г Москва  ";"0,0";"1,0";"2,0";"3,0";
"250,0";"11,05,2020";"Арбат";"450065421";"Наезд на пешехода";"";"0";"0";"г Москва ул Воздвиженка 18 9";"1,0";"0,0";"1,0";"2,0";
"251,0";"11,05,2020";"Гольяново";"450065423";"Столкновение";"Московская кольцевая автомобильная дорога (МКАД) внешняя сторона";"102";"0";"г Москва  ";"0,0";"2,0";"2,0";"3,0";
"252,0";"11,05,2020";"Братеево";"450065610";"Наезд на стоящее ТС";"Московская кольцевая автомобильная дорога (МКАД) внешняя сторона";"19";"0";"г Москва  ";"0,0";"2,0";"2,0";"3,0";
"253,0";"11,05,2020";"Свиблово";"450065447";"Столкновение";"";"0";"0";"п Свиблово ул Снежная 25";"0,0";"1,0";"2,0";"2,0";
"254,0";"11,05,2020";"Гольяново";"450065410";"Наезд на пешехода";"";"0";"0";"г Москва  ";"0,0";"1,0";"1,0";"2,0";
"255,0";"11,05,2020";"Орехово-Борисово Южное";"450065498";"Наезд на пешехода";"";"0";"0";"г Москва  ";"0,0";"1,0";"2,0";"2,0";
"256,0";"10,05,2020";"Головинский";"450066049";"Наезд на стоящее ТС";"Северо-Восточная хорда (СВХ)";"3";"200";"г Москва наб Лихоборская 2Б";"0,0";"1,0";"2,0";"2,0";
"257,0";"10,05,2020";"Теплый Стан";"450065307";"Столкновение";"";"0";"0";"г Москва ул Профсоюзная 142 к,1";"0,0";"2,0";"2,0";"3,0";
"258,0";"10,05,2020";"Вешняки";"450065340";"Наезд на пешехода";"Московская кольцевая автомобильная дорога (МКАД) внутренняя сторона";"4";"0";"г Москва  ";"1,0";"0,0";"1,0";"2,0";
"259,0";"10,05,2020";"Ново-Переделкино";"450065243";"Столкновение";"";"0";"0";"г Москва ул Лукинская 4";"0,0";"3,0";"2,0";"3,0";
"260,0";"10,05,2020";"Лефортово";"450065327";"Наезд на препятствие";"";"0";"0";"г Москва пер Юрьевский 16, кор, 2";"0,0";"1,0";"1,0";"1,0";
"261,0";"10,05,2020";"Ховрино";"450065362";"Столкновение";"";"0";"0";"г Москва ул Петрозаводская 19, корп,1";"0,0";"1,0";"2,0";"2,0";
"262,0";"10,05,2020";"ГУ МВД 2 СП ДПС 2 бат,";"450065241";"Наезд на препятствие";"А-106 Рублево-Успенское шоссе";"24";"0";"г Москва  ";"0,0";"1,0";"1,0";"2,0";
"263,0";"10,05,2020";"Дорогомилово";"450065303";"Столкновение";"";"0";"0";"г Москва пр-кт Кутузовский 34";"0,0";"1,0";"2,0";"2,0";
"264,0";"10,05,2020";"Войковский";"450065320";"Столкновение";"М-10 Россия Москва - Тверь - Великий Новгород - Санкт-Петербург (основное направление)";"29";"300";"г Москва ш Ленинградское 56";"0,0";"1,0";"2,0";"2,0";
"265,0";"10,05,2020";"Внуково";"450065319";"Наезд на пешехода";"";"0";"0";"п Внуково ул Интернациональная 2-1";"0,0";"1,0";"1,0";"2,0";
"266,0";"09,05,2020";"Северное Медведково";"450065159";"Наезд на стоящее ТС";"Московская кольцевая автомобильная дорога (МКАД) внешняя сторона";"90";"0";"г Москва  ";"0,0";"2,0";"4,0";"4,0";
"267,0";"09,05,2020";"Южное Бутово";"450065097";"Наезд на стоящее ТС";"";"0";"0";"г Москва ул Академика Семёнова 21";"1,0";"1,0";"3,0";"3,0";
"268,0";"09,05,2020";"Восточное Дегунино";"450065212";"Наезд на пешехода";"";"0";"0";"г Москва ул Дубнинская 40Ак2";"0,0";"1,0";"1,0";"2,0";
"269,0";"09,05,2020";"Московский";"450065310";"Столкновение";"М-3 Украина Москва - Калуга - Брянск - граница с Украиной (основное направление)";"21";"200";"  ";"0,0";"1,0";"2,0";"3,0";
"270,0";"09,05,2020";"Проспект Вернадского";"450065167";"Столкновение";"";"0";"0";"г Москва ул Лобачевского 52";"0,0";"1,0";"2,0";"2,0";
"271,0";"09,05,2020";"Дорогомилово";"450065120";"Наезд на препятствие";"Третье транспортное кольцо (внутренняя сторона)";"18";"800";"г Москва ул Киевская 27";"0,0";"1,0";"1,0";"1,0";
"272,0";"09,05,2020";"Мещанский";"450065246";"Столкновение";"";"0";"0";"г Москва пл Сухаревская М, 5";"0,0";"1,0";"2,0";"2,0";
"273,0";"08,05,2020";"Люблино";"450065081";"Наезд на стоящее ТС";"Московская кольцевая автомобильная дорога (МКАД) внутренняя сторона";"12";"0";"г Москва  ";"0,0";"3,0";"3,0";"5,0";
"274,0";"08,05,2020";"Орехово-Борисово Северное";"450065070";"Столкновение";"";"0";"0";"г Москва проезд Борисовский 46А";"0,0";"1,0";"2,0";"2,0";
"275,0";"08,05,2020";"Даниловский";"450065072";"Столкновение";"";"0";"0";"г Москва ул Тульская Б, 2";"0,0";"1,0";"2,0";"2,0";
"276,0";"08,05,2020";"Вешняки";"450064940";"Наезд на стоящее ТС";"Московская кольцевая автомобильная дорога (МКАД) внутренняя сторона";"6";"0";"г Москва  ";"1,0";"0,0";"2,0";"2,0";
"277,0";"08,05,2020";"Южное Бутово";"450065056";"Столкновение";"";"0";"0";"г Москва ул Скобелевская 12";"0,0";"1,0";"2,0";"2,0";
"278,0";"08,05,2020";"Вороновское поселение";"450065055";"Наезд на пешехода";"А-130 Москва - Малоярославец - Рославль - граница с Республикой Белоруссия (основное направление)";"56";"10";"  ";"1,0";"0,0";"1,0";"2,0";
"279,0";"08,05,2020";"Роговское поселение";"450064969";"Столкновение";"А-130 Москва - Малоярославец - Рославль - граница с Республикой Белоруссия (основное направление)";"69";"200";"  ";"0,0";"1,0";"2,0";"2,0";
"280,0";"08,05,2020";"Троицк";"450065100";"Столкновение";"А-130 Москва - Малоярославец - Рославль - граница с Республикой Белоруссия (основное направление)";"38";"0";"г Троицк  ";"0,0";"1,0";"2,0";"2,0";
"281,0";"07,05,2020";"Чертаново Южное";"450064732";"Столкновение";"";"0";"0";"г Москва ул Академика Янгеля 2";"0,0";"1,0";"2,0";"2,0";
"282,0";"07,05,2020";"Лосиноостровский";"450064788";"Наезд на пешехода";"";"0";"0";"г Москва ул Малыгина 2";"1,0";"0,0";"1,0";"2,0";
"283,0";"07,05,2020";"Вороновское поселение";"450064687";"Столкновение";"А-130 Москва - Малоярославец - Рославль - граница с Республикой Белоруссия (основное направление)";"0";"850";"  ";"0,0";"2,0";"2,0";"2,0";
"284,0";"07,05,2020";"Тверской";"450064754";"Наезд на пешехода";"";"0";"0";"г Москва наб Кремлевская 0";"0,0";"1,0";"2,0";"2,0";
"285,0";"07,05,2020";"Нижегородский";"450065187";"Столкновение";"";"0";"0";"г Москва проезд Остаповский 3, стр, 1";"0,0";"1,0";"2,0";"2,0";
"286,0";"07,05,2020";"Теплый Стан";"450064838";"Столкновение";"Московская кольцевая автомобильная дорога (МКАД) внутренняя сторона";"41";"0";"г Москва  ";"0,0";"1,0";"2,0";"3,0";
"287,0";"07,05,2020";"Нижегородский";"450065195";"Столкновение";"";"0";"0";"г Москва ул Нижегородская 27ас2";"0,0";"1,0";"2,0";"2,0";
"288,0";"07,05,2020";"Строгино";"450064800";"Столкновение";"Московская кольцевая автомобильная дорога (МКАД) внешняя сторона";"61";"0";"г Москва  ";"0,0";"1,0";"3,0";"2,0";
"289,0";"06,05,2020";"Орехово-Борисово Северное";"450064524";"Наезд на пешехода";"";"0";"0";"г Москва ш Каширское 61 К3А";"0,0";"1,0";"1,0";"2,0";
"290,0";"06,05,2020";"Куркино";"450064415";"Наезд на препятствие";"";"0";"0";"г Москва ш Новокуркинское 39";"1,0";"0,0";"1,0";"1,0";
"291,0";"06,05,2020";"Бирюлево Восточное";"450064561";"Наезд на пешехода";"";"0";"0";"г Москва  ";"0,0";"1,0";"1,0";"2,0";
"292,0";"06,05,2020";"Донской";"450064416";"Столкновение";"";"0";"0";"г Москва ш Варшавское 10 К1";"0,0";"1,0";"2,0";"2,0";
"293,0";"05,05,2020";"Выхино-Жулебино";"450064959";"Столкновение";"";"0";"0";"г Москва ш Новорязанское км19с2";"0,0";"1,0";"2,0";"2,0";
"294,0";"05,05,2020";"Люблино";"450064845";"Столкновение";"Московская кольцевая автомобильная дорога (МКАД) внешняя сторона";"14";"0";"г Москва  ";"0,0";"2,0";"2,0";"2,0";
"295,0";"05,05,2020";"Ново-Переделкино";"450064284";"Столкновение";"";"0";"0";"г Москва ш Боровское 36";"0,0";"2,0";"2,0";"2,0";
"296,0";"05,05,2020";"Северное Бутово";"450064236";"Столкновение";"Московская кольцевая автомобильная дорога (МКАД) внешняя сторона";"36";"0";"п Бутово  ";"0,0";"2,0";"2,0";"3,0";
"297,0";"05,05,2020";"Северное Измайлово";"450064242";"Наезд на препятствие";"Московская кольцевая автомобильная дорога (МКАД) внешняя сторона";"105";"0";"г Москва  ";"0,0";"1,0";"1,0";"1,0";
"298,0";"04,05,2020";"Бирюлево Западное";"450064051";"Столкновение";"";"0";"0";"г Москва проезд Востряковский 23 К3";"0,0";"1,0";"2,0";"3,0";
"299,0";"04,05,2020";"Северный";"450064937";"Наезд на препятствие";"Московская кольцевая автомобильная дорога (МКАД) внешняя сторона";"82";"0";"г Москва  ";"0,0";"1,0";"3,0";"3,0";
"300,0";"03,05,2020";"Филимонковское";"450064004";"Опрокидывание";"";"0";"0";"п Марьино гск Марьино-1 2";"0,0";"1,0";"1,0";"1,0";
"301,0";"03,05,2020";"Соколиная гора";"450063908";"Столкновение";"";"0";"0";"г Москва проезд Окружной 34 кор,4";"0,0";"3,0";"2,0";"3,0";
"302,0";"03,05,2020";"Краснопахорское поселение";"450063956";"Наезд на пешехода";"А-130 Москва - Малоярославец - Рославль - граница с Республикой Белоруссия (основное направление)";"45";"0";"  ";"1,0";"0,0";"1,0";"2,0";
"303,0";"03,05,2020";"Хамовники";"450064010";"Наезд на внезапно возникшее препятствие";"Третье транспортное кольцо (внешняя сторона)";"14";"0";"г Москва наб Лужнецкая 2 4стр4";"0,0";"1,0";"1,0";"1,0";
"304,0";"03,05,2020";"Выхино-Жулебино";"450064407";"Столкновение";"";"0";"0";"г Москва пр-кт Волгоградский 179 29";"0,0";"1,0";"2,0";"2,0";
"305,0";"02,05,2020";"Перово";"450064119";"Столкновение";"";"0";"0";"г Москва ш Энтузиастов 64";"0,0";"1,0";"3,0";"4,0";
"306,0";"02,05,2020";"Бирюлево Восточное";"450063768";"Столкновение";"";"0";"0";"г Москва ул Лебедянская 22 К1";"0,0";"2,0";"3,0";"3,0";
"307,0";"02,05,2020";"Киевский";"450063819";"Съезд с дороги";"М-3 Украина Москва - Калуга - Брянск - граница с Украиной (основное направление)";"62";"0";"  ";"0,0";"1,0";"1,0";"1,0";
"308,0";"02,05,2020";"Десёновское";"450063897";"Столкновение";"А-130 Москва - Малоярославец - Рославль - граница с Республикой Белоруссия (основное направление)";"31";"0";"  ";"0,0";"2,0";"2,0";"3,0";
"309,0";"02,05,2020";"Можайский";"450063923";"Столкновение";"";"0";"0";"г Москва ш Аминьевское 22";"0,0";"1,0";"2,0";"2,0";
"310,0";"02,05,2020";"Орехово-Борисово Северное";"450063903";"Столкновение";"";"0";"0";"г Москва ш Каширское 84 К1";"0,0";"1,0";"2,0";"2,0";
"311,0";"02,05,2020";"Проспект Вернадского";"450063813";"Опрокидывание";"";"0";"0";"г Москва пр-кт Вернадского 14а";"0,0";"1,0";"1,0";"1,0";
"312,0";"02,05,2020";"Капотня";"450063854";"Наезд на препятствие";"";"0";"0";"г Москва ул Верхние Поля 25А, стр, 1";"0,0";"1,0";"1,0";"1,0";
"313,0";"02,05,2020";"Богородское";"450063941";"Столкновение";"";"0";"0";"г Москва ул Мясниковская 1-я 14";"0,0";"1,0";"2,0";"2,0";
"314,0";"02,05,2020";"Троицк";"450063795";"Съезд с дороги";"А-130 Москва - Малоярославец - Рославль - граница с Республикой Белоруссия (основное направление)";"38";"0";"г Троицк  ";"0,0";"1,0";"1,0";"2,0";
"315,0";"01,05,2020";"Раменки";"450063724";"Столкновение";"";"0";"0";"г Москва ул Лобачевского 98";"0,0";"2,0";"2,0";"3,0";
"316,0";"01,05,2020";"Головинский";"450063773";"Наезд на препятствие";"";"0";"0";"г Москва ул Флотская 67";"0,0";"1,0";"1,0";"1,0";
"317,0";"01,05,2020";"Бескудниковский";"450063576";"Наезд на пешехода";"";"0";"0";"г Москва  ";"0,0";"1,0";"2,0";"2,0";
"318,0";"01,05,2020";"Войковский";"450063834";"Столкновение";"";"0";"0";"г Москва ул Космонавта Волкова 6а";"0,0";"1,0";"2,0";"2,0";
"319,0";"01,05,2020";"Орехово-Борисово Южное";"450063758";"Столкновение";"";"0";"0";"г Москва ул Воронежская 20";"0,0";"2,0";"2,0";"3,0";
"320,0";"01,05,2020";"Десёновское";"450063760";"Столкновение";"А-130 Москва - Малоярославец - Рославль - граница с Республикой Белоруссия (основное направление)";"32";"0";"  ";"0,0";"1,0";"2,0";"2,0";
"321,0";"01,05,2020";"Тропарево-Никулино";"450063769";"Столкновение";"Московская кольцевая автомобильная дорога (МКАД) внешняя сторона";"45";"0";"г Москва  ";"0,0";"1,0";"3,0";"4,0";
"322,0";"01,05,2020";"Северное Тушино";"450063647";"Падение пассажира";"";"0";"0";"г Москва ул Планерная 20 к, 1";"0,0";"1,0";"1,0";"2,0";
"323,0";"01,05,2020";"Строгино";"450063732";"Столкновение";"";"0";"0";"г Москва ул Исаковского 8, к, 4";"0,0";"1,0";"2,0";"2,0";