"1,0";"30,04,2018";"Центральный";"";"Падение пассажира";"";"0";"0";"г Санкт-Петербург проезд Дворцовый 2";"0,0";"1,0";"1,0";"2,0";
"3,0";"30,04,2018";"Центральный";"";"Наезд на препятствие";"";"0";"0";"г Санкт-Петербург пр-кт Обуховской Обороны мост Александра Невс";"0,0";"1,0";"1,0";"1,0";
"4,0";"30,04,2018";"Василеостровский";"";"Столкновение";"";"0";"0";"г Санкт-Петербург наб Макарова 16";"0,0";"1,0";"2,0";"2,0";
"5,0";"30,04,2018";"Пушкинский";"";"Столкновение";"";"0";"0";"г Пушкин ул Железнодорожная 40";"0,0";"3,0";"2,0";"3,0";
"6,0";"30,04,2018";"Петроградский";"";"Наезд на пешехода";"";"0";"0";"г Санкт-Петербург наб Петровская 2";"0,0";"1,0";"1,0";"2,0";
"7,0";"30,04,2018";"Кировский";"";"Наезд на препятствие";"";"0";"0";"г Санкт-Петербург ул Автомобильная 108 по пр,Стачек";"0,0";"1,0";"1,0";"2,0";
"8,0";"30,04,2018";"Приморский";"";"Наезд на пешехода";"";"0";"0";"г Санкт-Петербург ул Ильюшина 1";"0,0";"1,0";"1,0";"2,0";
"9,0";"30,04,2018";"Выборгский";"";"Столкновение";"";"0";"0";"г Санкт-Петербург ул Кантемировская 26";"0,0";"2,0";"4,0";"6,0";
"10,0";"30,04,2018";"Петроградский";"";"Наезд на пешехода";"";"0";"0";"г Санкт-Петербург пр-кт Каменноостровский 2";"0,0";"1,0";"1,0";"2,0";
"11,0";"30,04,2018";"Калининский";"";"Столкновение";"";"0";"0";"г Санкт-Петербург пр-кт Светлановский 97 А";"0,0";"2,0";"2,0";"4,0";
"12,0";"30,04,2018";"Кировский";"";"Столкновение";"";"0";"0";"г Санкт-Петербург ул Солдата Корзуна 5";"0,0";"1,0";"5,0";"5,0";
"13,0";"29,04,2018";"Невский";"";"Падение пассажира";"";"0";"0";"г Санкт-Петербург пр-кт Большевиков 100 по Октябрьской н";"0,0";"1,0";"1,0";"2,0";
"14,0";"29,04,2018";"Московский";"";"Столкновение";"";"0";"0";"г Санкт-Петербург ул Кубинская 70";"0,0";"1,0";"2,0";"2,0";
"15,0";"29,04,2018";"Московский";"";"Иной вид ДТП";"";"0";"0";"г Санкт-Петербург ул Фрунзе 18";"0,0";"1,0";"1,0";"1,0";
"16,0";"29,04,2018";"Курортный";"";"Столкновение";"";"0";"0";"г Сестрорецк ш Приморское 202";"0,0";"1,0";"2,0";"3,0";
"17,0";"29,04,2018";"Кировский";"";"Столкновение";"";"0";"0";"г Санкт-Петербург ул Двинская 25";"0,0";"2,0";"2,0";"3,0";
"18,0";"29,04,2018";"Приморский";"";"Падение пассажира";"";"0";"0";"г Санкт-Петербург  ";"0,0";"3,0";"1,0";"4,0";
"19,0";"29,04,2018";"Центральный";"";"Наезд на велосипедиста";"";"0";"0";"г Санкт-Петербург ул Восстания 3";"0,0";"1,0";"2,0";"2,0";
"20,0";"29,04,2018";"Калининский";"";"Наезд на пешехода";"";"0";"0";"г Санкт-Петербург пр-кт Науки 19 КОР 1";"0,0";"1,0";"1,0";"2,0";
"21,0";"29,04,2018";"Красногвардейский";"";"Столкновение";"";"0";"0";"г Санкт-Петербург ш Рябовское 8";"0,0";"1,0";"2,0";"3,0";
"22,0";"29,04,2018";"Кировский";"";"Наезд на препятствие";"";"0";"0";"г Санкт-Петербург пр-кт Народного Ополчения 77";"0,0";"1,0";"1,0";"1,0";
"23,0";"29,04,2018";"Фрунзенский";"";"Столкновение";"";"0";"0";"г Санкт-Петербург пр-кт Славы 40 к 1";"0,0";"3,0";"2,0";"3,0";
"24,0";"29,04,2018";"Курортный";"";"Наезд на пешехода";"Таможенная дорога";"0";"0";"г Санкт-Петербург  ";"0,0";"1,0";"1,0";"2,0";
"25,0";"29,04,2018";"Невский";"";"Наезд на пешехода";"";"0";"0";"г Санкт-Петербург пр-кт Обуховской Обороны 17";"0,0";"3,0";"1,0";"3,0";
"26,0";"29,04,2018";"Невский";"";"Наезд на препятствие";"";"0";"0";"г Санкт-Петербург пр-кт Большевиков 37 к1";"0,0";"1,0";"3,0";"3,0";
"27,0";"29,04,2018";"Красносельский";"";"Столкновение";"";"0";"0";"г Санкт-Петербург пр-кт Кузнецова 14к1";"0,0";"2,0";"3,0";"4,0";
"28,0";"29,04,2018";"Красносельский";"";"Наезд на пешехода";"";"0";"0";"г Санкт-Петербург ул Рихарда Зорге 3";"0,0";"1,0";"1,0";"2,0";
"29,0";"29,04,2018";"Московский";"";"Столкновение";"";"0";"0";"г Санкт-Петербург ул Внуковская 2";"0,0";"1,0";"2,0";"3,0";
"30,0";"29,04,2018";"Приморский";"";"Наезд на препятствие";"Западный скоростной диаметр";"28";"0";"г Санкт-Петербург  ";"0,0";"1,0";"1,0";"1,0";
"31,0";"28,04,2018";"Пушкинский";"";"Столкновение";"";"0";"0";"п Шушары ул Софийская Автозаводская ул";"0,0";"1,0";"2,0";"2,0";
"32,0";"28,04,2018";"Московский";"";"Столкновение";"";"0";"0";"г Санкт-Петербург пр-кт Лиговский 246";"0,0";"1,0";"3,0";"3,0";
"33,0";"28,04,2018";"Красногвардейский";"";"Столкновение";"";"0";"0";"г Санкт-Петербург пр-кт Индустриальный 45А";"0,0";"1,0";"2,0";"2,0";
"34,0";"28,04,2018";"Пушкинский";"";"Наезд на препятствие";"";"0";"0";"п Шушары проезд Николаевский Софийская ул";"0,0";"1,0";"1,0";"1,0";
"35,0";"28,04,2018";"Петроградский";"";"Наезд на пешехода";"";"0";"0";"г Санкт-Петербург пр-кт Каменноостровский 26-28";"0,0";"1,0";"1,0";"2,0";
"36,0";"28,04,2018";"Московский";"";"Столкновение";"А-118 Кольцевая автомобильная дорога вокруг г, Санкт-Петербурга";"71";"450";"г Санкт-Петербург  ";"0,0";"2,0";"2,0";"3,0";
"37,0";"28,04,2018";"Пушкинский";"";"Наезд на пешехода";"";"0";"0";"г Павловск пл Привокзальная 1";"0,0";"1,0";"1,0";"2,0";
"38,0";"28,04,2018";"Курортный";"";"Наезд на препятствие";"";"0";"0";"п Серово ш Приморское 640-а";"0,0";"1,0";"1,0";"1,0";
"39,0";"28,04,2018";"Московский";"";"Падение пассажира";"";"0";"0";"г Санкт-Петербург ул Ленсовета 28";"0,0";"1,0";"1,0";"2,0";
"40,0";"28,04,2018";"Калининский";"";"Столкновение";"";"0";"0";"г Санкт-Петербург пр-кт Гражданский 36";"0,0";"1,0";"2,0";"2,0";
"41,0";"28,04,2018";"Выборгский";"";"Наезд на пешехода";"";"0";"0";"г Санкт-Петербург ул Сердобольская 2Г";"0,0";"1,0";"1,0";"2,0";
"42,0";"28,04,2018";"Московский";"";"Столкновение";"";"0";"0";"г Санкт-Петербург пр-кт Московский 200";"0,0";"3,0";"2,0";"3,0";
"43,0";"28,04,2018";"Петроградский";"";"Столкновение";"";"0";"0";"г Санкт-Петербург наб Песочная 24 2";"0,0";"1,0";"2,0";"2,0";
"44,0";"28,04,2018";"Невский";"";"Столкновение";"";"0";"0";"г Санкт-Петербург наб Октябрьская 106";"0,0";"1,0";"3,0";"3,0";
"45,0";"27,04,2018";"Петроградский";"";"Наезд на пешехода";"";"0";"0";"г Санкт-Петербург пр-кт Большой П,С, 37";"0,0";"1,0";"1,0";"2,0";
"46,0";"27,04,2018";"Василеостровский";"";"Наезд на пешехода";"";"0";"0";"г Санкт-Петербург ул Нахимова 11";"0,0";"1,0";"1,0";"2,0";
"47,0";"27,04,2018";"Красногвардейский";"";"Падение пассажира";"";"0";"0";"г Санкт-Петербург пр-кт Ириновский 17";"0,0";"1,0";"1,0";"2,0";
"48,0";"27,04,2018";"Приморский";"";"Столкновение";"";"0";"0";"г Санкт-Петербург ул Парашютная ул, Байконурская";"1,0";"0,0";"2,0";"2,0";
"49,0";"27,04,2018";"Выборгский";"";"Наезд на пешехода";"";"0";"0";"г Санкт-Петербург пр-кт Раевского 24";"0,0";"1,0";"1,0";"2,0";
"50,0";"27,04,2018";"Невский";"";"Падение пассажира";"";"0";"0";"г Санкт-Петербург пр-кт Дальневосточный 48";"0,0";"1,0";"1,0";"2,0";
"51,0";"27,04,2018";"Петродворцовый";"";"Столкновение";"";"0";"0";"г Петергоф ул Ботаническая РЕКТОРСКИЙ ПРОЕЗД";"0,0";"2,0";"2,0";"4,0";
"52,0";"27,04,2018";"Фрунзенский";"";"Столкновение";"";"0";"0";"г Санкт-Петербург ул Бухарестская 23";"1,0";"2,0";"2,0";"5,0";
"53,0";"27,04,2018";"Невский";"";"Столкновение";"";"0";"0";"г Санкт-Петербург наб Октябрьская 108";"0,0";"1,0";"2,0";"3,0";
"54,0";"27,04,2018";"Фрунзенский";"";"Наезд на препятствие";"";"0";"0";"г Санкт-Петербург  ";"0,0";"1,0";"1,0";"1,0";
"55,0";"27,04,2018";"Московский";"";"Наезд на пешехода";"";"0";"0";"г Санкт-Петербург ул Орджоникидзе 20";"0,0";"1,0";"1,0";"2,0";
"56,0";"27,04,2018";"Выборгский";"";"Столкновение";"";"0";"0";"г Санкт-Петербург ул Есенина 32";"0,0";"1,0";"2,0";"3,0";
"57,0";"27,04,2018";"Калининский";"";"Наезд на пешехода";"";"0";"0";"г Санкт-Петербург пр-кт Гражданский 41";"0,0";"1,0";"1,0";"2,0";
"58,0";"27,04,2018";"Фрунзенский";"";"Наезд на пешехода";"";"0";"0";"г Санкт-Петербург ул Бухарестская 5";"0,0";"1,0";"1,0";"2,0";
"59,0";"27,04,2018";"Красносельский";"";"Падение пассажира";"";"0";"0";"г Санкт-Петербург пр-кт Ленинский 84к,1";"0,0";"1,0";"1,0";"2,0";
"60,0";"27,04,2018";"Калининский";"";"Наезд на пешехода";"";"0";"0";"г Санкт-Петербург ул Комсомола 17";"0,0";"1,0";"1,0";"2,0";
"61,0";"27,04,2018";"Курортный";"";"Наезд на пешехода";"";"0";"0";"п Солнечное ш Приморское 1 км 857 м";"0,0";"1,0";"1,0";"2,0";
"62,0";"27,04,2018";"Приморский";"";"Столкновение";"";"0";"0";"п Лисий Нос ш Приморское 1 по Ленинградскому";"0,0";"1,0";"2,0";"2,0";
"63,0";"27,04,2018";"Калининский";"";"Наезд на пешехода";"";"0";"0";"г Санкт-Петербург ул Тимуровская 15 1";"0,0";"1,0";"1,0";"2,0";
"64,0";"27,04,2018";"Красносельский";"";"Столкновение";"";"0";"0";"г Санкт-Петербург пр-кт Героев ул,М,Захарова";"0,0";"1,0";"2,0";"2,0";
"65,0";"27,04,2018";"Калининский";"";"Столкновение";"";"0";"0";"г Санкт-Петербург ул Бестужевская 33";"0,0";"1,0";"2,0";"2,0";
"66,0";"27,04,2018";"Красносельский";"";"Наезд на пешехода";"";"0";"0";"г Санкт-Петербург ул Лётчика Пилютова 12";"0,0";"1,0";"1,0";"2,0";
"67,0";"27,04,2018";"Красногвардейский";"";"Наезд на пешехода";"";"0";"0";"г Санкт-Петербург ул Осипенко 8";"0,0";"1,0";"1,0";"2,0";
"68,0";"26,04,2018";"Московский";"";"Столкновение";"";"0";"0";"г Санкт-Петербург пр-кт Юрия Гагарина 4";"0,0";"1,0";"2,0";"2,0";
"69,0";"26,04,2018";"Центральный";"";"Наезд на пешехода";"";"0";"0";"г Санкт-Петербург пр-кт Невский 39 Г";"0,0";"1,0";"1,0";"2,0";
"70,0";"26,04,2018";"Выборгский";"";"Наезд на велосипедиста";"";"0";"0";"г Санкт-Петербург ул Поклонногорская Кольцова ул,";"0,0";"1,0";"2,0";"2,0";
"71,0";"26,04,2018";"Адмиралтейский";"";"Падение пассажира";"";"0";"0";"г Санкт-Петербург пр-кт Старо-Петергофский 41";"0,0";"1,0";"1,0";"2,0";
"72,0";"26,04,2018";"Невский";"";"Наезд на пешехода";"";"0";"0";"г Санкт-Петербург пр-кт Большевиков 21";"0,0";"1,0";"1,0";"2,0";
"73,0";"26,04,2018";"Выборгский";"";"Столкновение";"";"0";"0";"г Санкт-Петербург наб Пироговская ул, Фокина";"0,0";"1,0";"2,0";"2,0";
"74,0";"26,04,2018";"Фрунзенский";"";"Столкновение";"";"0";"0";"г Санкт-Петербург ул Купчинская 33 по Дунайскому пр,";"0,0";"1,0";"2,0";"2,0";
"75,0";"26,04,2018";"Выборгский";"";"Наезд на пешехода";"";"0";"0";"г Санкт-Петербург ул Поклонногорская Кольцова ул,";"0,0";"1,0";"1,0";"2,0";
"76,0";"26,04,2018";"Выборгский";"";"Падение пассажира";"";"0";"0";"г Санкт-Петербург ул Руднева 13";"0,0";"1,0";"1,0";"2,0";
"77,0";"26,04,2018";"Петродворцовый";"";"Столкновение";"";"0";"0";"п Стрельна ул Фронтовая 10";"1,0";"1,0";"2,0";"2,0";
"78,0";"26,04,2018";"Калининский";"";"Падение пассажира";"";"0";"0";"г Санкт-Петербург ул Комсомола 13";"0,0";"1,0";"1,0";"2,0";
"79,0";"26,04,2018";"Выборгский";"";"Столкновение";"";"0";"0";"г Санкт-Петербург наб Выборгская 29";"0,0";"1,0";"2,0";"3,0";
"80,0";"26,04,2018";"Фрунзенский";"";"Столкновение";"";"0";"0";"г Санкт-Петербург пр-кт Славы 12";"0,0";"2,0";"2,0";"4,0";
"81,0";"26,04,2018";"Кировский";"";"Столкновение";"";"0";"0";"г Санкт-Петербург пр-кт Стачек Корнеева";"0,0";"1,0";"2,0";"3,0";
"82,0";"26,04,2018";"Петродворцовый";"";"Наезд на велосипедиста";"";"0";"0";"г Петергоф ул Ботаническая 64 4";"0,0";"1,0";"2,0";"2,0";
"83,0";"26,04,2018";"Фрунзенский";"";"Столкновение";"А-118 Кольцевая автомобильная дорога вокруг г, Санкт-Петербурга";"80";"400";"г Санкт-Петербург  ";"0,0";"1,0";"3,0";"3,0";
"84,0";"25,04,2018";"Центральный";"";"Столкновение";"";"0";"0";"г Санкт-Петербург наб Реки Фонтанки 57";"0,0";"1,0";"2,0";"3,0";
"85,0";"25,04,2018";"Приморский";"";"Столкновение";"";"0";"0";"г Санкт-Петербург ул Савушкина 140";"0,0";"1,0";"2,0";"2,0";
"86,0";"25,04,2018";"Красногвардейский";"";"Падение пассажира";"";"0";"0";"г Санкт-Петербург пр-кт Ириновский 21";"0,0";"1,0";"1,0";"2,0";
"87,0";"25,04,2018";"Приморский";"";"Наезд на пешехода";"";"0";"0";"г Санкт-Петербург пр-кт Испытателей 13";"0,0";"1,0";"1,0";"2,0";
"88,0";"25,04,2018";"Невский";"";"Наезд на пешехода";"";"0";"0";"г Санкт-Петербург ул Крыленко 19";"0,0";"1,0";"1,0";"2,0";
"89,0";"25,04,2018";"Василеостровский";"";"Наезд на пешехода";"";"0";"0";"г Санкт-Петербург ул Карташихина 19";"0,0";"1,0";"1,0";"2,0";
"90,0";"25,04,2018";"Фрунзенский";"";"Падение пассажира";"";"0";"0";"г Санкт-Петербург ул Бухарестская 86";"0,0";"2,0";"1,0";"3,0";
"91,0";"25,04,2018";"Московский";"";"Столкновение";"";"0";"0";"г Санкт-Петербург пр-кт Лиговский 262";"0,0";"1,0";"2,0";"2,0";
"92,0";"25,04,2018";"Фрунзенский";"";"Наезд на пешехода";"";"0";"0";"г Санкт-Петербург пр-кт Лиговский 218";"0,0";"1,0";"1,0";"2,0";
"93,0";"25,04,2018";"Фрунзенский";"";"Наезд на пешехода";"";"0";"0";"г Санкт-Петербург  ";"0,0";"1,0";"1,0";"2,0";
"94,0";"25,04,2018";"Московский";"";"Наезд на пешехода";"";"0";"0";"г Санкт-Петербург ул Ленсовета 22";"0,0";"1,0";"1,0";"2,0";
"95,0";"25,04,2018";"Красносельский";"";"Наезд на пешехода";"";"0";"0";"г Санкт-Петербург пр-кт Кузнецова 32";"0,0";"1,0";"1,0";"2,0";
"96,0";"25,04,2018";"Невский";"";"Наезд на пешехода";"";"0";"0";"г Санкт-Петербург пр-кт Обуховской Обороны 106";"0,0";"1,0";"1,0";"2,0";
"97,0";"25,04,2018";"Курортный";"";"Опрокидывание";"Зеленогорское шоссе";"0";"850";"г Санкт-Петербург  ";"0,0";"1,0";"1,0";"1,0";
"98,0";"25,04,2018";"Красносельский";"";"Столкновение";"";"0";"0";"г Санкт-Петербург ул Маршала Казакова ул,Доблести";"0,0";"1,0";"2,0";"3,0";
"99,0";"24,04,2018";"Центральный";"";"Столкновение";"";"0";"0";"г Санкт-Петербург пр-кт Невский Б,Морская";"0,0";"1,0";"2,0";"3,0";
"100,0";"24,04,2018";"Василеостровский";"";"Столкновение";"";"0";"0";"г Санкт-Петербург пр-кт Малый В,О, 49";"0,0";"1,0";"2,0";"2,0";
"101,0";"24,04,2018";"Василеостровский";"";"Столкновение";"";"0";"0";"г Санкт-Петербург наб Университетская 1";"0,0";"2,0";"2,0";"3,0";
"102,0";"24,04,2018";"Пушкинский";"";"Столкновение";"";"0";"0";"п Шушары ул Софийская Автозаводская";"0,0";"2,0";"3,0";"3,0";
"103,0";"24,04,2018";"Красногвардейский";"";"Падение пассажира";"";"0";"0";"г Санкт-Петербург пр-кт Новочеркасский 46";"0,0";"1,0";"1,0";"2,0";
"104,0";"24,04,2018";"Красногвардейский";"";"Наезд на пешехода";"";"0";"0";"г Санкт-Петербург пр-кт Новочеркасский 38";"0,0";"1,0";"1,0";"2,0";
"105,0";"24,04,2018";"Приморский";"";"Наезд на стоящее ТС";"";"0";"0";"г Санкт-Петербург ул Парашютная Долгоозерная ул,";"0,0";"1,0";"2,0";"3,0";
"106,0";"24,04,2018";"Пушкинский";"";"Столкновение";"";"0";"0";"г Пушкин ш Павловское Кедринская";"0,0";"1,0";"2,0";"3,0";
"107,0";"24,04,2018";"Красногвардейский";"";"Наезд на стоящее ТС";"";"0";"0";"г Санкт-Петербург пр-кт Пискарёвский 33";"0,0";"1,0";"2,0";"2,0";
"108,0";"23,04,2018";"Невский";"";"Столкновение";"";"0";"0";"г Санкт-Петербург пр-кт Дальневосточный 40";"0,0";"1,0";"2,0";"3,0";
"109,0";"23,04,2018";"Приморский";"";"Наезд на пешехода";"";"0";"0";"г Санкт-Петербург ул Оптиков туристская";"0,0";"1,0";"1,0";"2,0";
"110,0";"23,04,2018";"Выборгский";"";"Столкновение";"";"0";"0";"г Санкт-Петербург пр-кт Северный Есенина";"0,0";"2,0";"2,0";"4,0";
"111,0";"23,04,2018";"Адмиралтейский";"";"Наезд на пешехода";"";"0";"0";"г Санкт-Петербург ул 5-я Красноармейская 2 39";"0,0";"1,0";"1,0";"2,0";
"112,0";"23,04,2018";"Приморский";"";"Наезд на препятствие";"";"0";"0";"г Санкт-Петербург пр-кт Королёва 48 К,1";"0,0";"1,0";"2,0";"2,0";
"113,0";"23,04,2018";"Невский";"";"Столкновение";"";"0";"0";"г Санкт-Петербург ул Ванеева 11";"0,0";"1,0";"2,0";"3,0";
"114,0";"23,04,2018";"Красногвардейский";"";"Наезд на пешехода";"";"0";"0";"г Санкт-Петербург ул Ленская 20";"0,0";"1,0";"1,0";"2,0";
"115,0";"23,04,2018";"Колпинский";"";"Наезд на пешехода";"";"0";"0";"г Колпино  ";"0,0";"1,0";"1,0";"2,0";
"116,0";"23,04,2018";"Выборгский";"";"Наезд на пешехода";"";"0";"0";"г Санкт-Петербург пр-кт 2-й Муринский 10к1";"0,0";"1,0";"1,0";"2,0";
"117,0";"23,04,2018";"Выборгский";"";"Наезд на пешехода";"";"0";"0";"г Санкт-Петербург пр-кт Ярославский 28";"0,0";"1,0";"1,0";"2,0";
"118,0";"23,04,2018";"Кировский";"";"Столкновение";"";"0";"0";"г Санкт-Петербург пр-кт Народного Ополчения 2";"1,0";"3,0";"3,0";"4,0";
"119,0";"23,04,2018";"Кировский";"";"Столкновение";"";"0";"0";"г Санкт-Петербург  ";"0,0";"1,0";"2,0";"3,0";
"120,0";"23,04,2018";"Кировский";"";"Столкновение";"";"0";"0";"г Санкт-Петербург пр-кт Ветеранов пр,М,Жукова";"0,0";"3,0";"2,0";"4,0";
"121,0";"23,04,2018";"Красносельский";"";"Наезд на пешехода";"";"0";"0";"г Санкт-Петербург ул Маршала Захарова 40";"0,0";"1,0";"1,0";"2,0";
"122,0";"23,04,2018";"Приморский";"";"Наезд на пешехода";"";"0";"0";"г Санкт-Петербург пр-кт Королёва 61";"0,0";"1,0";"1,0";"2,0";
"123,0";"22,04,2018";"Калининский";"";"Наезд на стоящее ТС";"";"0";"0";"г Санкт-Петербург пр-кт Маршала Блюхера 33";"1,0";"1,0";"3,0";"2,0";
"124,0";"22,04,2018";"Адмиралтейский";"";"Наезд на пешехода";"";"0";"0";"г Санкт-Петербург наб Обводного канала 124";"0,0";"1,0";"1,0";"2,0";
"125,0";"22,04,2018";"Выборгский";"";"Наезд на пешехода";"";"0";"0";"г Санкт-Петербург ул Руднева 1";"0,0";"1,0";"1,0";"2,0";
"126,0";"22,04,2018";"Красносельский";"";"Наезд на пешехода";"";"0";"0";"г Санкт-Петербург пр-кт Ветеранов 114к4вод";"0,0";"1,0";"1,0";"2,0";
"127,0";"22,04,2018";"Московский";"";"Наезд на пешехода";"";"0";"0";"г Санкт-Петербург пр-кт Московский Благодатная ул,";"0,0";"1,0";"1,0";"2,0";
"128,0";"22,04,2018";"Красносельский";"";"Столкновение";"";"0";"0";"г Санкт-Петербург ул Маршала Захарова 34";"0,0";"1,0";"2,0";"3,0";
"129,0";"22,04,2018";"Выборгский";"";"Наезд на пешехода";"";"0";"0";"г Санкт-Петербург ул Ивана Фомина 9";"0,0";"1,0";"1,0";"2,0";
"130,0";"22,04,2018";"Фрунзенский";"";"Столкновение";"";"0";"0";"г Санкт-Петербург пр-кт Лиговский 153 А";"0,0";"1,0";"2,0";"3,0";
"131,0";"22,04,2018";"Адмиралтейский";"";"Наезд на пешехода";"";"0";"0";"г Санкт-Петербург ул Садовая 37";"0,0";"1,0";"1,0";"2,0";
"132,0";"22,04,2018";"Калининский";"";"Наезд на препятствие";"";"0";"0";"г Санкт-Петербург ул Карпинского 38";"0,0";"1,0";"1,0";"2,0";
"133,0";"21,04,2018";"Калининский";"";"Наезд на пешехода";"";"0";"0";"г Санкт-Петербург пр-кт Просвещения 67";"0,0";"1,0";"1,0";"2,0";
"134,0";"21,04,2018";"Московский";"";"Наезд на пешехода";"";"0";"0";"г Санкт-Петербург пр-кт Московский 186";"0,0";"1,0";"1,0";"2,0";
"135,0";"21,04,2018";"Выборгский";"";"Столкновение";"";"0";"0";"п Парголово ш Выборгское 369к3";"0,0";"1,0";"2,0";"2,0";
"136,0";"21,04,2018";"Василеостровский";"";"Падение пассажира";"";"0";"0";"г Санкт-Петербург пр-кт Средний В,О, 74";"0,0";"1,0";"1,0";"2,0";
"137,0";"21,04,2018";"Московский";"";"Столкновение";"";"0";"0";"г Санкт-Петербург ш Московское 11 к 1";"0,0";"1,0";"2,0";"3,0";
"138,0";"21,04,2018";"Калининский";"";"Падение пассажира";"";"0";"0";"г Санкт-Петербург пр-кт Пискарёвский 32";"0,0";"1,0";"1,0";"2,0";
"139,0";"21,04,2018";"Красносельский";"";"Падение пассажира";"";"0";"0";"г Санкт-Петербург ш Петергофское 98";"0,0";"1,0";"1,0";"2,0";
"140,0";"21,04,2018";"Василеостровский";"";"Наезд на пешехода";"";"0";"0";"г Санкт-Петербург линия 8-я В,О, 71";"0,0";"1,0";"1,0";"2,0";
"141,0";"21,04,2018";"Красногвардейский";"";"Наезд на пешехода";"";"0";"0";"г Санкт-Петербург пр-кт Среднеохтинский 23";"0,0";"1,0";"1,0";"2,0";
"142,0";"21,04,2018";"Московский";"";"Столкновение";"";"0";"0";"г Санкт-Петербург ш Пулковское 55";"0,0";"4,0";"2,0";"4,0";
"143,0";"21,04,2018";"Красносельский";"";"Наезд на препятствие";"";"0";"0";"г Санкт-Петербург ул Маршала Захарова 42";"0,0";"1,0";"1,0";"1,0";
"144,0";"21,04,2018";"Невский";"";"Столкновение";"";"0";"0";"г Санкт-Петербург ул Народная 33";"0,0";"1,0";"2,0";"2,0";
"145,0";"21,04,2018";"Красногвардейский";"";"Падение пассажира";"";"0";"0";"г Санкт-Петербург ул Коммуны 10";"0,0";"1,0";"1,0";"2,0";
"146,0";"21,04,2018";"Красносельский";"";"Наезд на пешехода";"А-118 Кольцевая автомобильная дорога вокруг г, Санкт-Петербурга";"66";"380";"г Санкт-Петербург  ";"0,0";"1,0";"1,0";"2,0";
"147,0";"21,04,2018";"Красносельский";"";"Наезд на препятствие";"А-118 Кольцевая автомобильная дорога вокруг г, Санкт-Петербурга";"79";"200";"г Санкт-Петербург  ";"0,0";"1,0";"1,0";"1,0";
"148,0";"21,04,2018";"Невский";"";"Наезд на пешехода";"";"0";"0";"г Санкт-Петербург ул Коллонтай 10";"0,0";"1,0";"1,0";"2,0";
"149,0";"21,04,2018";"Приморский";"";"Наезд на пешехода";"";"0";"0";"г Санкт-Петербург пр-кт Королёва д,57 к,1";"1,0";"0,0";"1,0";"2,0";
"150,0";"21,04,2018";"Выборгский";"";"Столкновение";"";"0";"0";"г Санкт-Петербург пр-кт Энгельса Манчестерская";"0,0";"2,0";"3,0";"5,0";
"151,0";"21,04,2018";"Красногвардейский";"";"Столкновение";"";"0";"0";"г Санкт-Петербург пр-кт Наставников 11 1";"0,0";"1,0";"2,0";"3,0";
"152,0";"21,04,2018";"Фрунзенский";"";"Наезд на пешехода";"";"0";"0";"г Санкт-Петербург ул Белы Куна 6 корп,1";"0,0";"1,0";"1,0";"2,0";
"153,0";"20,04,2018";"Красносельский";"";"Столкновение";"";"0";"0";"г Санкт-Петербург ш Петергофское дорога на лэмз";"0,0";"1,0";"4,0";"4,0";
"154,0";"20,04,2018";"Приморский";"";"Наезд на пешехода";"";"0";"0";"г Санкт-Петербург ш Ланское Студенческая ул,";"0,0";"1,0";"1,0";"2,0";
"155,0";"20,04,2018";"Петродворцовый";"";"Наезд на пешехода";"";"0";"0";"п Стрельна ш Санкт-Петербургское 76";"0,0";"1,0";"1,0";"2,0";
"156,0";"20,04,2018";"Невский";"";"Наезд на пешехода";"";"0";"0";"г Санкт-Петербург ул Белышева 5 6";"0,0";"1,0";"1,0";"2,0";
"157,0";"20,04,2018";"Василеостровский";"";"Наезд на пешехода";"";"0";"0";"г Санкт-Петербург пр-кт Средний В,О, 31";"0,0";"1,0";"1,0";"2,0";
"158,0";"20,04,2018";"Приморский";"";"Наезд на пешехода";"";"0";"0";"г Санкт-Петербург пр-кт Богатырский Стародеревенская ул,";"0,0";"2,0";"1,0";"3,0";
"159,0";"20,04,2018";"Невский";"";"Наезд на пешехода";"";"0";"0";"г Санкт-Петербург  ";"0,0";"1,0";"1,0";"2,0";
"160,0";"20,04,2018";"Фрунзенский";"";"Падение пассажира";"";"0";"0";"г Санкт-Петербург пр-кт Дунайский 38";"0,0";"1,0";"1,0";"2,0";
"161,0";"20,04,2018";"Красносельский";"";"Наезд на пешехода";"";"0";"0";"г Красное Село ул Первого Мая пр, Ленина";"0,0";"1,0";"1,0";"2,0";
"162,0";"20,04,2018";"Фрунзенский";"";"Наезд на пешехода";"";"0";"0";"г Санкт-Петербург ул Белы Куна 15";"0,0";"1,0";"1,0";"2,0";
"163,0";"20,04,2018";"Московский";"";"Наезд на пешехода";"";"0";"0";"г Санкт-Петербург пр-кт Новоизмайловский 4 двор";"0,0";"1,0";"1,0";"2,0";
"164,0";"20,04,2018";"Василеостровский";"";"Наезд на велосипедиста";"";"0";"0";"г Санкт-Петербург ул Кораблестроителей 37 к,1";"0,0";"1,0";"2,0";"2,0";
"165,0";"20,04,2018";"Калининский";"";"Столкновение";"";"0";"0";"г Санкт-Петербург пр-кт Науки 49";"0,0";"1,0";"2,0";"2,0";
"166,0";"20,04,2018";"Калининский";"";"Наезд на пешехода";"";"0";"0";"г Санкт-Петербург ул Киришская 9";"0,0";"1,0";"1,0";"2,0";
"167,0";"20,04,2018";"Приморский";"";"Наезд на пешехода";"";"0";"0";"г Санкт-Петербург ул Яхтенная 30-2";"0,0";"1,0";"2,0";"3,0";
"168,0";"19,04,2018";"Калининский";"";"Наезд на пешехода";"";"0";"0";"г Санкт-Петербург ул Тимуровская 22";"0,0";"1,0";"1,0";"2,0";
"169,0";"19,04,2018";"Московский";"";"Наезд на пешехода";"";"0";"0";"г Санкт-Петербург пр-кт Московский ул, Типанова ЮП";"0,0";"2,0";"1,0";"3,0";
"170,0";"19,04,2018";"Курортный";"";"Наезд на пешехода";"";"0";"0";"п Песочный ул Мельничная 15";"0,0";"1,0";"1,0";"2,0";
"171,0";"19,04,2018";"Василеостровский";"";"Столкновение";"";"0";"0";"г Санкт-Петербург ул Уральская 13";"0,0";"1,0";"2,0";"3,0";
"172,0";"19,04,2018";"Калининский";"";"Наезд на пешехода";"";"0";"0";"г Санкт-Петербург пр-кт Полюстровский 51";"0,0";"1,0";"1,0";"2,0";
"173,0";"19,04,2018";"Калининский";"";"Наезд на велосипедиста";"";"0";"0";"г Санкт-Петербург пр-кт Науки 29";"0,0";"1,0";"2,0";"2,0";
"174,0";"19,04,2018";"Выборгский";"";"Столкновение";"";"0";"0";"г Санкт-Петербург пр-кт Энгельса 27";"0,0";"2,0";"2,0";"3,0";
"175,0";"19,04,2018";"Приморский";"";"Столкновение";"";"0";"0";"г Санкт-Петербург пр-кт Королёва Серебристый б-р";"0,0";"3,0";"2,0";"4,0";
"176,0";"19,04,2018";"Невский";"";"Столкновение";"";"0";"0";"г Санкт-Петербург пр-кт Большевиков 38-2";"0,0";"1,0";"2,0";"3,0";
"177,0";"19,04,2018";"Московский";"";"Падение пассажира";"";"0";"0";"г Санкт-Петербург ул Благодатная 43";"0,0";"1,0";"1,0";"2,0";
"178,0";"19,04,2018";"Центральный";"";"Падение пассажира";"";"0";"0";"г Санкт-Петербург пр-кт Лиговский 89";"0,0";"2,0";"2,0";"4,0";
"179,0";"19,04,2018";"Выборгский";"";"Столкновение";"";"0";"0";"г Санкт-Петербург ул Карбышева Политихническая";"0,0";"1,0";"2,0";"2,0";
"180,0";"18,04,2018";"Невский";"";"Наезд на пешехода";"";"0";"0";"г Санкт-Петербург пр-кт Большевиков 11";"0,0";"1,0";"1,0";"2,0";
"181,0";"18,04,2018";"Кировский";"";"Наезд на пешехода";"";"0";"0";"г Санкт-Петербург пр-кт Маршала Жукова 32";"0,0";"1,0";"3,0";"4,0";
"182,0";"18,04,2018";"Выборгский";"";"Столкновение";"";"0";"0";"г Санкт-Петербург пр-кт Большой Сампсониевский 18";"0,0";"1,0";"3,0";"4,0";
"183,0";"18,04,2018";"Курортный";"";"Столкновение";"";"0";"0";"г Сестрорецк ш Приморское 348";"0,0";"3,0";"6,0";"4,0";
"184,0";"18,04,2018";"Красногвардейский";"";"Наезд на пешехода";"";"0";"0";"г Санкт-Петербург пр-кт Энтузиастов 20к1";"0,0";"1,0";"1,0";"2,0";
"185,0";"18,04,2018";"Невский";"";"Наезд на стоящее ТС";"";"0";"0";"г Санкт-Петербург ул Народная 2";"0,0";"1,0";"3,0";"3,0";
"186,0";"18,04,2018";"Приморский";"";"Падение пассажира";"";"0";"0";"г Санкт-Петербург ул Савушкина 83";"0,0";"1,0";"1,0";"2,0";
"187,0";"18,04,2018";"Невский";"";"Наезд на пешехода";"";"0";"0";"г Санкт-Петербург пр-кт Дальневосточный 74";"0,0";"1,0";"1,0";"2,0";
"188,0";"18,04,2018";"Выборгский";"";"Наезд на пешехода";"";"0";"0";"г Санкт-Петербург б-р Поэтический 27 кор,1 по Художник";"0,0";"1,0";"1,0";"2,0";
"189,0";"18,04,2018";"Пушкинский";"";"Наезд на пешехода";"";"0";"0";"п Шушары ш Московское 52";"1,0";"0,0";"1,0";"2,0";
"190,0";"18,04,2018";"Приморский";"";"Наезд на пешехода";"";"0";"0";"г Санкт-Петербург пр-кт Коломяжский 15";"0,0";"1,0";"1,0";"2,0";
"191,0";"17,04,2018";"Приморский";"";"Столкновение";"";"0";"0";"г Санкт-Петербург ул Парашютная долгоозерная";"0,0";"1,0";"2,0";"2,0";
"192,0";"17,04,2018";"Приморский";"";"Столкновение";"";"0";"0";"п Парголово пр-кт Комендантский ул,Долгоозерная";"0,0";"1,0";"3,0";"3,0";
"193,0";"17,04,2018";"Московский";"";"Наезд на пешехода";"";"0";"0";"г Санкт-Петербург пр-кт Московский 191";"0,0";"1,0";"1,0";"2,0";
"194,0";"17,04,2018";"Московский";"";"Наезд на препятствие";"";"0";"0";"г Санкт-Петербург ул Кубинская 92";"0,0";"1,0";"1,0";"1,0";
"195,0";"17,04,2018";"Фрунзенский";"";"Столкновение";"";"0";"0";"г Санкт-Петербург ул Салова 29";"0,0";"1,0";"2,0";"2,0";
"196,0";"17,04,2018";"Выборгский";"";"Наезд на пешехода";"";"0";"0";"г Санкт-Петербург  ";"0,0";"1,0";"1,0";"2,0";
"197,0";"17,04,2018";"Красногвардейский";"";"Столкновение";"";"0";"0";"г Санкт-Петербург пр-кт Индустриальный 27";"0,0";"1,0";"4,0";"4,0";
"198,0";"17,04,2018";"Красногвардейский";"";"Наезд на пешехода";"";"0";"0";"г Санкт-Петербург ул Хасанская 1Б";"0,0";"1,0";"1,0";"2,0";
"199,0";"17,04,2018";"Выборгский";"";"Наезд на пешехода";"";"0";"0";"г Санкт-Петербург пр-кт Культуры пр, Луначарского";"0,0";"1,0";"1,0";"2,0";
"200,0";"17,04,2018";"Невский";"";"Столкновение";"";"0";"0";"г Санкт-Петербург ул Кржижановского 14";"0,0";"1,0";"3,0";"3,0";
"201,0";"17,04,2018";"Московский";"";"Наезд на пешехода";"";"0";"0";"г Санкт-Петербург пр-кт Космонавтов 39";"0,0";"1,0";"1,0";"2,0";
"202,0";"17,04,2018";"Петроградский";"";"Столкновение";"";"0";"0";"г Санкт-Петербург наб Кронверкская 7";"0,0";"1,0";"2,0";"2,0";
"203,0";"17,04,2018";"Петроградский";"";"Наезд на велосипедиста";"";"0";"0";"г Санкт-Петербург ул Пионерская 44";"0,0";"1,0";"2,0";"2,0";
"204,0";"17,04,2018";"Петродворцовый";"";"Наезд на пешехода";"";"0";"0";"г Петергоф ул Константиновская 12";"0,0";"1,0";"1,0";"2,0";
"205,0";"16,04,2018";"Приморский";"";"Столкновение";"";"0";"0";"г Санкт-Петербург ул Парашютная Долгоозерная ул,";"0,0";"2,0";"2,0";"3,0";
"206,0";"16,04,2018";"Пушкинский";"";"Наезд на препятствие";"";"0";"0";"г Пушкин ш Павловское 67";"0,0";"1,0";"1,0";"1,0";
"207,0";"16,04,2018";"Кировский";"";"Столкновение";"";"0";"0";"г Санкт-Петербург ул Промышленная 17лит1а";"0,0";"1,0";"2,0";"2,0";
"208,0";"16,04,2018";"Пушкинский";"";"Столкновение";"";"0";"0";"г Пушкин ул Московская Леонтьевская ул";"0,0";"2,0";"2,0";"4,0";
"209,0";"16,04,2018";"Выборгский";"";"Столкновение";"";"0";"0";"п Парголово ул Фёдора Абрамова Н,Рубцова";"0,0";"3,0";"2,0";"4,0";
"210,0";"16,04,2018";"Невский";"";"Столкновение";"";"0";"0";"г Санкт-Петербург ул Народная 100";"0,0";"1,0";"2,0";"2,0";
"211,0";"16,04,2018";"Невский";"";"Наезд на пешехода";"";"0";"0";"г Санкт-Петербург  ";"0,0";"2,0";"1,0";"3,0";
"212,0";"16,04,2018";"Центральный";"";"Столкновение";"";"0";"0";"г Санкт-Петербург пр-кт Литейный 14";"0,0";"1,0";"2,0";"2,0";
"213,0";"16,04,2018";"Адмиралтейский";"";"Наезд на пешехода";"";"0";"0";"г Санкт-Петербург пр-кт Загородный 52";"0,0";"1,0";"1,0";"2,0";
"214,0";"16,04,2018";"Курортный";"";"Столкновение";"А-123 Зеленогорск - Приморск - Выборг";"108";"877";"г Санкт-Петербург  ";"0,0";"2,0";"2,0";"3,0";
"215,0";"16,04,2018";"Красносельский";"";"Наезд на препятствие";"";"0";"0";"г Санкт-Петербург ул Десантников 22";"0,0";"1,0";"2,0";"1,0";
"216,0";"16,04,2018";"Курортный";"";"Столкновение";"Зеленогорское шоссе";"16";"520";"г Санкт-Петербург  ";"0,0";"2,0";"3,0";"4,0";
"217,0";"16,04,2018";"Московский";"";"Столкновение";"";"0";"0";"г Санкт-Петербург пр-кт Витебский 22";"0,0";"1,0";"2,0";"2,0";
"218,0";"16,04,2018";"Фрунзенский";"";"Наезд на пешехода";"";"0";"0";"г Санкт-Петербург ул Белградская 1";"0,0";"1,0";"1,0";"2,0";
"219,0";"16,04,2018";"Адмиралтейский";"";"Столкновение";"";"0";"0";"г Санкт-Петербург ул Писарева 2";"0,0";"2,0";"2,0";"4,0";
"220,0";"15,04,2018";"Центральный";"";"Столкновение";"";"0";"0";"г Санкт-Петербург пр-кт Невский 69";"0,0";"1,0";"2,0";"2,0";
"221,0";"15,04,2018";"Фрунзенский";"";"Падение пассажира";"";"0";"0";"г Санкт-Петербург ул Димитрова 69 по ул, бухарестск";"0,0";"1,0";"1,0";"2,0";
"222,0";"15,04,2018";"Невский";"";"Столкновение";"";"0";"0";"г Санкт-Петербург пр-кт Дальневосточный 13";"0,0";"2,0";"2,0";"3,0";
"223,0";"15,04,2018";"Фрунзенский";"";"Столкновение";"";"0";"0";"г Санкт-Петербург ул Бухарестская 69";"0,0";"2,0";"2,0";"3,0";
"224,0";"15,04,2018";"Невский";"";"Наезд на велосипедиста";"";"0";"0";"г Санкт-Петербург  ";"0,0";"1,0";"2,0";"2,0";
"225,0";"15,04,2018";"Пушкинский";"";"Падение пассажира";"";"0";"0";"г Пушкин ул Ленинградская 16";"0,0";"2,0";"1,0";"3,0";
"226,0";"15,04,2018";"Кировский";"";"Наезд на велосипедиста";"";"0";"0";"г Санкт-Петербург пр-кт Ленинский 116";"0,0";"1,0";"2,0";"2,0";
"227,0";"15,04,2018";"Невский";"";"Наезд на велосипедиста";"";"0";"0";"г Санкт-Петербург  ";"0,0";"1,0";"2,0";"2,0";
"228,0";"15,04,2018";"Петродворцовый";"";"Наезд на пешехода";"";"0";"0";"п Стрельна ш Санкт-Петербургское 90";"0,0";"1,0";"1,0";"2,0";
"229,0";"15,04,2018";"Невский";"";"Наезд на пешехода";"";"0";"0";"г Санкт-Петербург  ";"0,0";"1,0";"1,0";"2,0";
"230,0";"15,04,2018";"Центральный";"";"Столкновение";"";"0";"0";"г Санкт-Петербург ул Марата боровая";"0,0";"1,0";"2,0";"3,0";
"231,0";"15,04,2018";"Петродворцовый";"";"Столкновение";"";"0";"0";"г Петергоф пр-кт Санкт-Петербургский 60";"0,0";"1,0";"2,0";"2,0";
"232,0";"15,04,2018";"Калининский";"";"Наезд на пешехода";"";"0";"0";"г Санкт-Петербург пр-кт Непокорённых 16";"0,0";"1,0";"1,0";"2,0";
"233,0";"15,04,2018";"Приморский";"";"Наезд на велосипедиста";"";"0";"0";"г Санкт-Петербург ул Ильюшина 15 кор 1";"0,0";"1,0";"2,0";"2,0";
"234,0";"15,04,2018";"Петродворцовый";"";"Наезд на пешехода";"";"0";"0";"г Петергоф ул Парковая 20 2";"0,0";"1,0";"1,0";"2,0";
"235,0";"14,04,2018";"Красногвардейский";"";"Наезд на препятствие";"";"0";"0";"г Санкт-Петербург ш Революции 84К1";"1,0";"0,0";"1,0";"2,0";
"236,0";"14,04,2018";"Василеостровский";"";"Падение пассажира";"";"0";"0";"г Санкт-Петербург пр-кт Большой В,О, 61";"0,0";"1,0";"1,0";"2,0";
"237,0";"14,04,2018";"Красногвардейский";"";"Падение пассажира";"";"0";"0";"г Санкт-Петербург ул Большая Пороховская 45";"0,0";"1,0";"1,0";"2,0";
"238,0";"14,04,2018";"Красносельский";"";"Наезд на пешехода";"";"0";"0";"г Красное Село ш Гатчинское Красногородская";"0,0";"1,0";"1,0";"2,0";
"239,0";"14,04,2018";"Кировский";"";"Наезд на велосипедиста";"";"0";"0";"г Санкт-Петербург пр-кт Дачный 19корп1";"0,0";"1,0";"2,0";"2,0";
"240,0";"14,04,2018";"Центральный";"";"Наезд на пешехода";"";"0";"0";"г Санкт-Петербург  ";"0,0";"1,0";"1,0";"2,0";
"241,0";"14,04,2018";"Приморский";"";"Наезд на препятствие";"";"0";"0";"г Санкт-Петербург ул Ильюшина 1к1";"0,0";"1,0";"1,0";"1,0";
"242,0";"14,04,2018";"Курортный";"";"Наезд на препятствие";"";"0";"0";"г Сестрорецк  ";"0,0";"1,0";"2,0";"1,0";
"243,0";"14,04,2018";"Невский";"";"Столкновение";"";"0";"0";"г Санкт-Петербург пр-кт Дальневосточный 56";"0,0";"1,0";"2,0";"3,0";
"244,0";"14,04,2018";"Пушкинский";"";"Столкновение";"";"0";"0";"п Шушары ул Ростовская (Славянка) Северская ул,";"0,0";"2,0";"2,0";"4,0";
"245,0";"14,04,2018";"Центральный";"";"Падение пассажира";"";"0";"0";"г Санкт-Петербург пр-кт Суворовский 4";"0,0";"1,0";"1,0";"2,0";
"246,0";"14,04,2018";"Московский";"";"Наезд на пешехода";"";"0";"0";"г Санкт-Петербург пр-кт Витебский 47б";"0,0";"1,0";"1,0";"2,0";
"247,0";"14,04,2018";"Пушкинский";"";"Наезд на пешехода";"";"0";"0";"г Пушкин ул Ленинградская 36";"0,0";"1,0";"1,0";"2,0";
"248,0";"14,04,2018";"Петроградский";"";"Столкновение";"";"0";"0";"г Санкт-Петербург наб Реки Карповки 13";"0,0";"2,0";"2,0";"4,0";
"249,0";"14,04,2018";"Красносельский";"";"Столкновение";"А-118 Кольцевая автомобильная дорога вокруг г, Санкт-Петербурга";"76";"0";"г Санкт-Петербург  ";"0,0";"1,0";"3,0";"3,0";
"250,0";"14,04,2018";"Пушкинский";"";"Опрокидывание";"";"0";"0";"г Пушкин ул Московская 55 литА";"0,0";"1,0";"1,0";"1,0";
"251,0";"14,04,2018";"Приморский";"";"Столкновение";"";"0";"0";"г Санкт-Петербург пр-кт Лахтинский 92";"0,0";"2,0";"3,0";"4,0";
"252,0";"14,04,2018";"Адмиралтейский";"";"Столкновение";"";"0";"0";"г Санкт-Петербург ул Якубовича 3";"0,0";"1,0";"2,0";"2,0";
"253,0";"13,04,2018";"Красногвардейский";"";"Наезд на велосипедиста";"";"0";"0";"г Санкт-Петербург пр-кт Энергетиков 50";"0,0";"1,0";"2,0";"2,0";
"254,0";"13,04,2018";"Курортный";"";"Столкновение";"";"0";"0";"г Сестрорецк ш Левашовское 6";"0,0";"1,0";"2,0";"2,0";
"255,0";"13,04,2018";"Пушкинский";"";"Наезд на пешехода";"А-118 Кольцевая автомобильная дорога вокруг г, Санкт-Петербурга";"75";"800";"г Санкт-Петербург  ";"1,0";"0,0";"2,0";"2,0";
"256,0";"13,04,2018";"Невский";"";"Наезд на пешехода";"";"0";"0";"г Санкт-Петербург ул Бабушкина 135";"0,0";"1,0";"1,0";"2,0";
"257,0";"13,04,2018";"Адмиралтейский";"";"Наезд на пешехода";"";"0";"0";"г Санкт-Петербург пр-кт Московский 30";"0,0";"2,0";"1,0";"3,0";
"258,0";"13,04,2018";"Приморский";"";"Столкновение";"";"0";"0";"г Санкт-Петербург пр-кт Приморский 22";"0,0";"1,0";"3,0";"4,0";
"259,0";"13,04,2018";"Кировский";"";"Наезд на пешехода";"";"0";"0";"г Санкт-Петербург ул Автовская 2";"0,0";"1,0";"1,0";"2,0";
"260,0";"13,04,2018";"Красносельский";"";"Наезд на пешехода";"";"0";"0";"г Санкт-Петербург пр-кт Кузнецова 20";"0,0";"1,0";"2,0";"2,0";
"261,0";"13,04,2018";"Невский";"";"Столкновение";"";"0";"0";"г Санкт-Петербург пр-кт Большевиков 21";"0,0";"1,0";"2,0";"3,0";
"262,0";"13,04,2018";"Московский";"";"Столкновение";"";"0";"0";"г Санкт-Петербург ш Московское 5";"0,0";"1,0";"2,0";"2,0";
"263,0";"13,04,2018";"Невский";"";"Столкновение";"";"0";"0";"г Санкт-Петербург пр-кт Большевиков 19";"0,0";"1,0";"3,0";"4,0";
"264,0";"13,04,2018";"Кировский";"";"Столкновение";"";"0";"0";"г Санкт-Петербург пр-кт Стачек 84";"0,0";"3,0";"3,0";"5,0";
"265,0";"13,04,2018";"Адмиралтейский";"";"Наезд на пешехода";"";"0";"0";"г Санкт-Петербург ул Рузовская 14";"0,0";"1,0";"1,0";"2,0";
"266,0";"12,04,2018";"Московский";"";"Падение пассажира";"";"0";"0";"г Санкт-Петербург пр-кт Московский 184";"0,0";"1,0";"1,0";"2,0";
"267,0";"12,04,2018";"Курортный";"";"Столкновение";"А-123 Зеленогорск - Приморск - Выборг";"4";"900";"г Санкт-Петербург  ";"0,0";"4,0";"3,0";"5,0";
"268,0";"12,04,2018";"Невский";"";"Столкновение";"";"0";"0";"г Санкт-Петербург пр-кт Обуховской Обороны 287 корп,1";"0,0";"1,0";"2,0";"2,0";
"269,0";"12,04,2018";"Кировский";"";"Столкновение";"";"0";"0";"г Санкт-Петербург пр-кт Маршала Жукова Ленинский пр,";"0,0";"1,0";"3,0";"3,0";
"270,0";"12,04,2018";"Курортный";"";"Наезд на препятствие";"";"0";"0";"г Сестрорецк ул Тарховская 31";"0,0";"1,0";"1,0";"1,0";
"271,0";"12,04,2018";"Московский";"";"Наезд на пешехода";"";"0";"0";"г Санкт-Петербург ул Бассейная 45";"0,0";"1,0";"1,0";"2,0";
"272,0";"12,04,2018";"Московский";"";"Наезд на препятствие";"";"0";"0";"г Санкт-Петербург ул Ленсовета 87";"0,0";"1,0";"1,0";"2,0";
"273,0";"12,04,2018";"Приморский";"";"Столкновение";"";"0";"0";"г Санкт-Петербург пр-кт Богатырский Яхтенная ул,";"0,0";"1,0";"2,0";"2,0";
"274,0";"12,04,2018";"Калининский";"";"Наезд на пешехода";"";"0";"0";"г Санкт-Петербург пр-кт Просвещения 51";"0,0";"1,0";"1,0";"2,0";
"275,0";"12,04,2018";"Красногвардейский";"";"Падение пассажира";"";"0";"0";"г Санкт-Петербург ул Коммуны 56";"0,0";"1,0";"1,0";"2,0";
"276,0";"12,04,2018";"Калининский";"";"Падение пассажира";"";"0";"0";"г Санкт-Петербург ул Учительская 18";"0,0";"1,0";"1,0";"2,0";
"277,0";"12,04,2018";"Московский";"";"Наезд на пешехода";"";"0";"0";"г Санкт-Петербург пр-кт Лиговский 254";"0,0";"1,0";"1,0";"2,0";
"278,0";"12,04,2018";"Адмиралтейский";"";"Столкновение";"";"0";"0";"г Санкт-Петербург б-р Конногвардейский 13";"0,0";"1,0";"2,0";"2,0";
"279,0";"12,04,2018";"Невский";"";"Наезд на пешехода";"";"0";"0";"г Санкт-Петербург проезд 3-й Рыбацкий 11";"0,0";"1,0";"1,0";"2,0";
"280,0";"12,04,2018";"Курортный";"";"Падение пассажира";"";"0";"0";"г Зеленогорск пр-кт Ленина 21";"0,0";"1,0";"1,0";"2,0";
"281,0";"11,04,2018";"Колпинский";"";"Падение пассажира";"";"0";"0";"п Понтонный ул Южная 3";"0,0";"1,0";"1,0";"2,0";
"282,0";"11,04,2018";"Петроградский";"";"Наезд на пешехода";"";"0";"0";"г Санкт-Петербург ул Красного Курсанта 30";"0,0";"1,0";"1,0";"2,0";
"283,0";"11,04,2018";"Невский";"";"Наезд на стоящее ТС";"";"0";"0";"г Санкт-Петербург пр-кт Большевиков 15";"0,0";"1,0";"2,0";"2,0";
"284,0";"11,04,2018";"Красногвардейский";"";"Опрокидывание";"";"0";"0";"г Санкт-Петербург пр-кт Металлистов 82";"0,0";"1,0";"1,0";"1,0";
"285,0";"11,04,2018";"Московский";"";"Наезд на пешехода";"";"0";"0";"г Санкт-Петербург пр-кт Лиговский 283";"0,0";"1,0";"1,0";"2,0";
"286,0";"11,04,2018";"Красногвардейский";"";"Падение пассажира";"";"0";"0";"г Санкт-Петербург ш Революции 85";"0,0";"1,0";"1,0";"2,0";
"287,0";"11,04,2018";"Колпинский";"";"Наезд на пешехода";"";"0";"0";"г Колпино ул Ижорского Батальона 2 по Красная";"0,0";"1,0";"1,0";"2,0";
"288,0";"11,04,2018";"Выборгский";"";"Падение пассажира";"";"0";"0";"г Санкт-Петербург пр-кт Художников пр, Луначарского";"0,0";"1,0";"2,0";"3,0";
"289,0";"11,04,2018";"Красносельский";"";"Наезд на велосипедиста";"";"0";"0";"г Санкт-Петербург ул Доблести 28";"0,0";"1,0";"2,0";"2,0";
"290,0";"11,04,2018";"Выборгский";"";"Наезд на велосипедиста";"";"0";"0";"г Санкт-Петербург ул Сантьяго-де-Куба 4к1";"0,0";"1,0";"2,0";"2,0";
"291,0";"10,04,2018";"Приморский";"";"Наезд на пешехода";"";"0";"0";"г Санкт-Петербург ул Торжковская 2";"0,0";"1,0";"1,0";"2,0";
"292,0";"10,04,2018";"Московский";"";"Наезд на пешехода";"";"0";"0";"г Санкт-Петербург ул Звёздная 9";"0,0";"1,0";"1,0";"2,0";
"293,0";"10,04,2018";"Фрунзенский";"";"Столкновение";"";"0";"0";"г Санкт-Петербург ул Малая Бухарестская 6 корп,1";"0,0";"1,0";"2,0";"2,0";
"294,0";"10,04,2018";"Пушкинский";"";"Столкновение";"";"0";"0";"п Шушары ул Софийская 96";"0,0";"1,0";"3,0";"2,0";
"295,0";"10,04,2018";"Курортный";"";"Наезд на препятствие";"А-181 Скандинавия Санкт-Петербург - Выборг - граница с Финляндской Республикой (основное направление)";"163";"280";"г Санкт-Петербург  ";"0,0";"1,0";"1,0";"1,0";
"296,0";"10,04,2018";"Московский";"";"Столкновение";"";"0";"0";"г Санкт-Петербург пр-кт Витебский Орджоникидзе ул";"0,0";"1,0";"2,0";"2,0";
"297,0";"10,04,2018";"Московский";"";"Наезд на пешехода";"";"0";"0";"г Санкт-Петербург ш Пулковское 37";"0,0";"1,0";"1,0";"2,0";
"298,0";"10,04,2018";"Фрунзенский";"";"Падение пассажира";"";"0";"0";"г Санкт-Петербург ул Белы Куна 26";"0,0";"1,0";"1,0";"2,0";
"299,0";"10,04,2018";"Невский";"";"Столкновение";"";"0";"0";"г Санкт-Петербург пр-кт Обуховской Обороны 163";"0,0";"1,0";"2,0";"2,0";
"300,0";"10,04,2018";"Фрунзенский";"";"Столкновение";"";"0";"0";"г Санкт-Петербург ул Бухарестская 76к1";"0,0";"1,0";"3,0";"4,0";
"301,0";"10,04,2018";"Красносельский";"";"Наезд на пешехода";"";"0";"0";"г Санкт-Петербург пр-кт Ленинский 92, корп,1";"0,0";"1,0";"1,0";"2,0";
"302,0";"10,04,2018";"Фрунзенский";"";"Столкновение";"";"0";"0";"г Санкт-Петербург пр-кт Дунайский 44";"0,0";"1,0";"2,0";"2,0";
"303,0";"10,04,2018";"Московский";"";"Падение пассажира";"";"0";"0";"г Санкт-Петербург пр-кт Московский 129";"0,0";"1,0";"1,0";"2,0";
"304,0";"10,04,2018";"Московский";"";"Столкновение";"";"0";"0";"г Санкт-Петербург пр-кт Юрия Гагарина 14к1";"0,0";"2,0";"3,0";"4,0";
"305,0";"09,04,2018";"Кировский";"";"Наезд на пешехода";"";"0";"0";"г Санкт-Петербург  ";"0,0";"1,0";"1,0";"2,0";
"306,0";"09,04,2018";"Московский";"";"Столкновение";"";"0";"0";"г Санкт-Петербург пр-кт Космонавтов звездная";"1,0";"0,0";"2,0";"2,0";
"307,0";"09,04,2018";"Красносельский";"";"Наезд на пешехода";"";"0";"0";"г Санкт-Петербург ш Петергофское 73 лит,Б";"0,0";"1,0";"1,0";"2,0";
"308,0";"09,04,2018";"Фрунзенский";"";"Столкновение";"";"0";"0";"г Санкт-Петербург ул Будапештская 95-1";"0,0";"1,0";"2,0";"2,0";
"309,0";"09,04,2018";"Московский";"";"Наезд на препятствие";"";"0";"0";"г Санкт-Петербург пр-кт Московский 158 Ч";"0,0";"1,0";"1,0";"1,0";
"310,0";"09,04,2018";"Выборгский";"";"Наезд на пешехода";"";"0";"0";"г Санкт-Петербург  ";"0,0";"1,0";"1,0";"2,0";
"311,0";"09,04,2018";"Московский";"";"Наезд на препятствие";"А-118 Кольцевая автомобильная дорога вокруг г, Санкт-Петербурга";"72";"280";"г Санкт-Петербург  ";"0,0";"2,0";"1,0";"3,0";
"312,0";"09,04,2018";"Пушкинский";"";"Столкновение";"";"0";"0";"п Шушары дор Ленсоветовская 1";"0,0";"1,0";"2,0";"3,0";
"313,0";"09,04,2018";"Невский";"";"Столкновение";"";"0";"0";"г Санкт-Петербург наб Октябрьская 44";"0,0";"1,0";"2,0";"3,0";
"314,0";"09,04,2018";"Фрунзенский";"";"Столкновение";"";"0";"0";"г Санкт-Петербург ул Бухарестская 24 к,1";"0,0";"1,0";"4,0";"5,0";
"315,0";"09,04,2018";"Выборгский";"";"Наезд на пешехода";"";"0";"0";"г Санкт-Петербург ул Смолячкова 14 кор,1";"0,0";"1,0";"1,0";"2,0";
"316,0";"09,04,2018";"Адмиралтейский";"";"Наезд на пешехода";"";"0";"0";"г Санкт-Петербург пер Почтамтский 8";"1,0";"0,0";"1,0";"2,0";
"317,0";"09,04,2018";"Курортный";"";"Наезд на препятствие";"";"0";"0";"г Зеленогорск ш Зеленогорское 17";"1,0";"0,0";"1,0";"1,0";
"318,0";"09,04,2018";"Московский";"";"Столкновение";"";"0";"0";"г Санкт-Петербург пр-кт Московский Решетникова ул,";"0,0";"1,0";"2,0";"3,0";
"319,0";"09,04,2018";"Пушкинский";"";"Падение пассажира";"";"0";"0";"г Пушкин ул Садовая 16А";"0,0";"1,0";"1,0";"2,0";
"320,0";"09,04,2018";"Приморский";"";"Столкновение";"";"0";"0";"г Санкт-Петербург пр-кт Приморский 4";"0,0";"1,0";"2,0";"3,0";
"321,0";"09,04,2018";"Пушкинский";"";"Столкновение";"";"0";"0";"п Шушары пр-кт Витебский на против д,11А по М";"0,0";"5,0";"5,0";"9,0";
"322,0";"09,04,2018";"Василеостровский";"";"Наезд на пешехода";"";"0";"0";"г Санкт-Петербург линия Косая 16";"0,0";"1,0";"1,0";"2,0";
"323,0";"09,04,2018";"Выборгский";"";"Наезд на пешехода";"";"0";"0";"г Санкт-Петербург пр-кт Тихорецкий 26";"0,0";"1,0";"1,0";"2,0";
"324,0";"09,04,2018";"Курортный";"";"Наезд на пешехода";"";"0";"0";"г Сестрорецк ул Максима Горького 2";"0,0";"1,0";"1,0";"2,0";
"325,0";"09,04,2018";"Красногвардейский";"";"Падение пассажира";"";"0";"0";"г Санкт-Петербург пр-кт Ударников 29";"0,0";"1,0";"1,0";"2,0";
"326,0";"08,04,2018";"Московский";"";"Наезд на пешехода";"";"0";"0";"г Санкт-Петербург ул Костюшко 66";"0,0";"1,0";"1,0";"2,0";
"327,0";"08,04,2018";"Калининский";"";"Наезд на стоящее ТС";"А-118 Кольцевая автомобильная дорога вокруг г, Санкт-Петербурга";"29";"350";"г Санкт-Петербург  ";"0,0";"3,0";"2,0";"3,0";
"328,0";"08,04,2018";"Красносельский";"";"Наезд на пешехода";"";"0";"0";"г Санкт-Петербург ул Маршала Захарова 9";"1,0";"0,0";"1,0";"2,0";
"329,0";"08,04,2018";"Колпинский";"";"Столкновение";"";"0";"0";"г Колпино пр-кт Заводской Металлургов";"0,0";"1,0";"2,0";"2,0";
"330,0";"08,04,2018";"Фрунзенский";"";"Наезд на пешехода";"";"0";"0";"г Санкт-Петербург  ";"0,0";"1,0";"1,0";"2,0";
"331,0";"08,04,2018";"Центральный";"";"Наезд на пешехода";"";"0";"0";"г Санкт-Петербург пр-кт Невский кан, Грибоедова";"0,0";"1,0";"1,0";"2,0";
"332,0";"08,04,2018";"Петродворцовый";"";"Наезд на препятствие";"";"0";"0";"г Ломоносов ш Краснофлотское 1";"0,0";"3,0";"1,0";"3,0";
"333,0";"08,04,2018";"Невский";"";"Наезд на пешехода";"";"0";"0";"г Санкт-Петербург ул Ивановская 17";"0,0";"1,0";"1,0";"2,0";
"334,0";"08,04,2018";"Приморский";"";"Наезд на пешехода";"";"0";"0";"г Санкт-Петербург ул Яхтенная 32 корп 3";"0,0";"1,0";"1,0";"2,0";
"335,0";"07,04,2018";"Красногвардейский";"";"Столкновение";"";"0";"0";"г Санкт-Петербург ш Революции 21-3";"0,0";"1,0";"2,0";"2,0";
"336,0";"07,04,2018";"Колпинский";"";"Наезд на стоящее ТС";"";"0";"0";"г Колпино ул Машиностроителей 8";"0,0";"1,0";"2,0";"2,0";
"337,0";"07,04,2018";"Фрунзенский";"";"Наезд на пешехода";"";"0";"0";"г Санкт-Петербург  ";"0,0";"1,0";"1,0";"2,0";
"338,0";"07,04,2018";"Калининский";"";"Падение пассажира";"";"0";"0";"г Санкт-Петербург пр-кт Полюстровский 39";"0,0";"1,0";"1,0";"2,0";
"339,0";"07,04,2018";"Красносельский";"";"Столкновение";"А-118 Кольцевая автомобильная дорога вокруг г, Санкт-Петербурга";"84";"200";"г Санкт-Петербург  ";"0,0";"1,0";"3,0";"3,0";
"340,0";"07,04,2018";"Приморский";"";"Наезд на пешехода";"";"0";"0";"г Санкт-Петербург ул Ситцевая 3 к,1";"0,0";"1,0";"1,0";"2,0";
"341,0";"07,04,2018";"Выборгский";"";"Столкновение";"";"0";"0";"г Санкт-Петербург пр-кт Энгельса ул, Н, Рубцова";"0,0";"2,0";"3,0";"4,0";
"342,0";"07,04,2018";"Московский";"";"Наезд на препятствие";"А-118 Кольцевая автомобильная дорога вокруг г, Санкт-Петербурга";"75";"0";"г Санкт-Петербург  ";"0,0";"1,0";"1,0";"2,0";
"343,0";"07,04,2018";"Выборгский";"";"Наезд на пешехода";"";"0";"0";"г Санкт-Петербург  ";"0,0";"1,0";"1,0";"2,0";
"344,0";"07,04,2018";"Невский";"";"Столкновение";"";"0";"0";"г Санкт-Петербург наб Октябрьская 44Б";"0,0";"1,0";"2,0";"3,0";
"345,0";"07,04,2018";"Приморский";"";"Наезд на велосипедиста";"";"0";"0";"г Санкт-Петербург пер Лыжный Мебельная ул";"0,0";"1,0";"2,0";"2,0";
"346,0";"07,04,2018";"Василеостровский";"";"Наезд на пешехода";"";"0";"0";"г Санкт-Петербург ул Нахимова 1";"0,0";"1,0";"1,0";"2,0";
"347,0";"07,04,2018";"Приморский";"";"Наезд на препятствие";"";"0";"0";"г Санкт-Петербург ул Оптиков Мебельный проезд";"0,0";"1,0";"1,0";"2,0";
"348,0";"07,04,2018";"Калининский";"";"Столкновение";"";"0";"0";"г Санкт-Петербург пр-кт Науки Бутлерова ул, д,40";"0,0";"1,0";"2,0";"3,0";
"349,0";"07,04,2018";"Московский";"";"Столкновение";"";"0";"0";"г Санкт-Петербург ш Пулковское 68";"0,0";"3,0";"3,0";"5,0";
"350,0";"07,04,2018";"Невский";"";"Столкновение";"";"0";"0";"г Санкт-Петербург ул Латышских Стрелков 7 корпус 1";"1,0";"1,0";"2,0";"3,0";
"351,0";"06,04,2018";"Выборгский";"";"Столкновение";"";"0";"0";"г Санкт-Петербург пр-кт Культуры 1-й Верхний пер,";"0,0";"1,0";"2,0";"3,0";
"352,0";"06,04,2018";"Центральный";"";"Наезд на стоящее ТС";"";"0";"0";"г Санкт-Петербург мост Александра Невского мост";"0,0";"2,0";"2,0";"4,0";
"353,0";"06,04,2018";"Выборгский";"";"Наезд на препятствие";"";"0";"0";"г Санкт-Петербург пр-кт Суздальский 1";"0,0";"1,0";"1,0";"1,0";
"354,0";"06,04,2018";"Калининский";"";"Наезд на пешехода";"";"0";"0";"г Санкт-Петербург пр-кт Северный 91 1";"0,0";"1,0";"1,0";"2,0";
"355,0";"06,04,2018";"Невский";"";"Столкновение";"";"0";"0";"г Санкт-Петербург ул Грибакиных 40";"0,0";"1,0";"2,0";"3,0";
"356,0";"06,04,2018";"Приморский";"";"Наезд на препятствие";"Западный скоростной диаметр";"20";"200";"г Санкт-Петербург  ";"0,0";"1,0";"2,0";"3,0";
"357,0";"06,04,2018";"Петродворцовый";"";"Столкновение";"";"0";"0";"г Ломоносов пер Полигонный Ориенбаумский пр,";"0,0";"2,0";"2,0";"3,0";
"358,0";"06,04,2018";"Красносельский";"";"Падение пассажира";"";"0";"0";"г Санкт-Петербург ул Маршала Захарова 62";"0,0";"1,0";"1,0";"2,0";
"359,0";"06,04,2018";"Центральный";"";"Иной вид ДТП";"";"0";"0";"г Санкт-Петербург пр-кт Невский 53";"0,0";"1,0";"1,0";"2,0";
"360,0";"06,04,2018";"Красносельский";"";"Столкновение";"";"0";"0";"г Санкт-Петербург пр-кт Ленинский ул, Доблести";"0,0";"1,0";"2,0";"2,0";
"361,0";"06,04,2018";"Калининский";"";"Наезд на стоящее ТС";"";"0";"0";"г Санкт-Петербург пр-кт Кондратьевский 54";"0,0";"1,0";"3,0";"4,0";
"362,0";"06,04,2018";"Калининский";"";"Столкновение";"";"0";"0";"г Санкт-Петербург ул Ушинского 18";"0,0";"1,0";"3,0";"2,0";
"363,0";"06,04,2018";"Адмиралтейский";"";"Наезд на стоящее ТС";"";"0";"0";"г Санкт-Петербург ул Лифляндская 5б";"0,0";"1,0";"2,0";"3,0";
"364,0";"06,04,2018";"Кронштадтский";"";"Наезд на стоящее ТС";"А-118 Кольцевая автомобильная дорога вокруг г, Санкт-Петербурга";"10";"800";"г Санкт-Петербург  ";"0,0";"1,0";"2,0";"2,0";
"365,0";"06,04,2018";"Кировский";"";"Столкновение";"";"0";"0";"г Санкт-Петербург пр-кт Маршала Жукова бок,проезд пр,Стачек";"0,0";"1,0";"2,0";"2,0";
"366,0";"06,04,2018";"Невский";"";"Наезд на пешехода";"";"0";"0";"г Санкт-Петербург пр-кт Обуховской Обороны 291корпус 2";"0,0";"1,0";"1,0";"2,0";
"367,0";"06,04,2018";"Центральный";"";"Наезд на препятствие";"";"0";"0";"г Санкт-Петербург ул Тульская въез на мост Большео";"0,0";"2,0";"1,0";"2,0";
"368,0";"06,04,2018";"Василеостровский";"";"Столкновение";"";"0";"0";"г Санкт-Петербург ул Беринга 38";"0,0";"1,0";"2,0";"3,0";
"369,0";"06,04,2018";"Курортный";"";"Падение пассажира";"";"0";"0";"п Комарово ш Приморское 452 а";"0,0";"1,0";"1,0";"2,0";
"370,0";"05,04,2018";"Приморский";"";"Наезд на препятствие";"";"0";"0";"г Санкт-Петербург ш Приморское 4";"0,0";"1,0";"2,0";"2,0";
"371,0";"05,04,2018";"Красногвардейский";"";"Иной вид ДТП";"";"0";"0";"г Санкт-Петербург пл Карла Фаберже 8";"1,0";"0,0";"2,0";"2,0";
"372,0";"05,04,2018";"Невский";"";"Наезд на велосипедиста";"";"0";"0";"г Санкт-Петербург пр-кт Советский (Усть-Славянка) 57";"0,0";"1,0";"3,0";"2,0";
"373,0";"05,04,2018";"Красногвардейский";"";"Наезд на пешехода";"";"0";"0";"г Санкт-Петербург пр-кт Новочеркасский 17";"0,0";"1,0";"1,0";"2,0";
"374,0";"05,04,2018";"Калининский";"";"Столкновение";"";"0";"0";"г Санкт-Петербург пр-кт Маршала Блюхера Замшина ул,";"0,0";"1,0";"2,0";"2,0";
"375,0";"05,04,2018";"Красногвардейский";"";"Наезд на пешехода";"";"0";"0";"г Санкт-Петербург ул Якорная 1";"0,0";"1,0";"1,0";"2,0";
"376,0";"05,04,2018";"Кировский";"";"Наезд на пешехода";"";"0";"0";"г Санкт-Петербург ул Васи Алексеева 1";"0,0";"1,0";"1,0";"2,0";
"377,0";"05,04,2018";"Фрунзенский";"";"Наезд на пешехода";"";"0";"0";"г Санкт-Петербург ул Курская 25";"0,0";"1,0";"1,0";"2,0";
"378,0";"05,04,2018";"Красногвардейский";"";"Падение пассажира";"";"0";"0";"г Санкт-Петербург пр-кт Энергетиков 46";"0,0";"1,0";"1,0";"2,0";
"379,0";"05,04,2018";"Адмиралтейский";"";"Наезд на пешехода";"";"0";"0";"г Санкт-Петербург пр-кт Римского-Корсакова 22";"0,0";"1,0";"1,0";"2,0";
"380,0";"05,04,2018";"Кировский";"";"Столкновение";"";"0";"0";"г Санкт-Петербург пр-кт Стачек 15";"0,0";"1,0";"2,0";"2,0";
"381,0";"05,04,2018";"Курортный";"";"Падение пассажира";"";"0";"0";"г Сестрорецк ул Токарева 10";"0,0";"1,0";"1,0";"2,0";
"382,0";"05,04,2018";"Московский";"";"Столкновение";"";"0";"0";"г Санкт-Петербург пр-кт Московский 205";"0,0";"1,0";"2,0";"3,0";
"383,0";"05,04,2018";"Кировский";"";"Столкновение";"";"0";"0";"г Санкт-Петербург пр-кт Трамвайный пр, Стачек";"0,0";"1,0";"2,0";"2,0";
"384,0";"05,04,2018";"Адмиралтейский";"";"Наезд на пешехода";"";"0";"0";"г Санкт-Петербург пр-кт Измайловский 4";"0,0";"1,0";"1,0";"2,0";
"385,0";"05,04,2018";"Фрунзенский";"";"Наезд на пешехода";"";"0";"0";"г Санкт-Петербург ул Димитрова 18";"0,0";"1,0";"1,0";"2,0";
"386,0";"05,04,2018";"Центральный";"";"Наезд на пешехода";"";"0";"0";"г Санкт-Петербург пр-кт Невский 21";"0,0";"1,0";"1,0";"2,0";
"387,0";"05,04,2018";"Петроградский";"";"Наезд на пешехода";"";"0";"0";"г Санкт-Петербург ул Мира 37";"0,0";"1,0";"1,0";"2,0";
"388,0";"05,04,2018";"Красногвардейский";"";"Наезд на пешехода";"";"0";"0";"г Санкт-Петербург ул Магнитогорская 17";"0,0";"2,0";"1,0";"3,0";
"389,0";"04,04,2018";"Невский";"";"Наезд на стоящее ТС";"";"0";"0";"г Санкт-Петербург ул Ивановская 21";"0,0";"1,0";"2,0";"2,0";
"390,0";"04,04,2018";"Выборгский";"";"Наезд на пешехода";"";"0";"0";"г Санкт-Петербург пр-кт Культуры 7А";"0,0";"1,0";"1,0";"2,0";
"391,0";"04,04,2018";"Кировский";"";"Наезд на пешехода";"";"0";"0";"г Санкт-Петербург пр-кт Маршала Жукова 30";"0,0";"1,0";"1,0";"2,0";
"392,0";"04,04,2018";"Петроградский";"";"Столкновение";"";"0";"0";"г Санкт-Петербург ул Профессора Попова 2";"0,0";"1,0";"3,0";"2,0";
"393,0";"04,04,2018";"Калининский";"";"Столкновение";"";"0";"0";"г Санкт-Петербург ул Бутлерова 11 кор, 4-ул, Вернос";"0,0";"1,0";"3,0";"3,0";
"394,0";"04,04,2018";"Петроградский";"";"Столкновение";"";"0";"0";"г Санкт-Петербург пр-кт Морской 3";"0,0";"2,0";"2,0";"3,0";
"395,0";"04,04,2018";"Красносельский";"";"Столкновение";"";"0";"0";"г Санкт-Петербург ул Десантников 20-1";"0,0";"1,0";"4,0";"3,0";
"396,0";"04,04,2018";"Красносельский";"";"Наезд на препятствие";"";"0";"0";"г Красное Село ул Свободы ЮНЫХ ПИОНЕРОВ";"0,0";"1,0";"1,0";"1,0";
"397,0";"04,04,2018";"Калининский";"";"Наезд на пешехода";"";"0";"0";"г Санкт-Петербург пр-кт Светлановский Луначарского";"0,0";"2,0";"1,0";"3,0";
"398,0";"04,04,2018";"Красносельский";"";"Наезд на пешехода";"";"0";"0";"г Санкт-Петербург  ";"0,0";"1,0";"1,0";"2,0";
"399,0";"04,04,2018";"Красносельский";"";"Наезд на стоящее ТС";"А-118 Кольцевая автомобильная дорога вокруг г, Санкт-Петербурга";"80";"150";"г Санкт-Петербург  ";"0,0";"1,0";"2,0";"3,0";
"400,0";"04,04,2018";"Приморский";"";"Наезд на пешехода";"";"0";"0";"г Санкт-Петербург пр-кт Королёва 73";"0,0";"1,0";"1,0";"2,0";
"401,0";"03,04,2018";"Пушкинский";"";"Наезд на пешехода";"";"0";"0";"г Пушкин ул Новодеревенская 8";"0,0";"1,0";"1,0";"2,0";
"402,0";"03,04,2018";"Красногвардейский";"";"Столкновение";"А-118 Кольцевая автомобильная дорога вокруг г, Санкт-Петербурга";"31";"700";"г Санкт-Петербург  ";"0,0";"2,0";"3,0";"3,0";
"403,0";"03,04,2018";"Московский";"";"Наезд на препятствие";"";"0";"0";"г Санкт-Петербург ш Пулковское 21";"0,0";"1,0";"1,0";"1,0";
"404,0";"03,04,2018";"Невский";"";"Столкновение";"";"0";"0";"г Санкт-Петербург ул Кржижановского 12";"0,0";"2,0";"2,0";"2,0";
"405,0";"03,04,2018";"Московский";"";"Падение пассажира";"";"0";"0";"г Санкт-Петербург ул Решетникова 3";"0,0";"1,0";"1,0";"2,0";
"406,0";"03,04,2018";"Московский";"";"Столкновение";"";"0";"0";"г Санкт-Петербург ул Орджоникидзе 58к1";"0,0";"1,0";"3,0";"3,0";
"407,0";"03,04,2018";"Красносельский";"";"Наезд на препятствие";"";"0";"0";"г Санкт-Петербург пр-кт Ленинский пр,Кузнецова";"0,0";"1,0";"1,0";"1,0";
"408,0";"03,04,2018";"Василеостровский";"";"Наезд на пешехода";"";"0";"0";"г Санкт-Петербург ул Беринга 30";"0,0";"1,0";"1,0";"2,0";
"409,0";"03,04,2018";"Курортный";"";"Наезд на препятствие";"";"0";"0";"п Репино ш Приморское 416";"0,0";"1,0";"1,0";"2,0";
"410,0";"03,04,2018";"Петродворцовый";"";"Наезд на препятствие";"";"0";"0";"г Ломоносов ул Александровская ул, Победы";"0,0";"1,0";"1,0";"2,0";
"411,0";"03,04,2018";"Колпинский";"";"Столкновение";"";"0";"0";"г Колпино ул Тверская 58 6";"0,0";"1,0";"2,0";"3,0";
"412,0";"03,04,2018";"Петроградский";"";"Столкновение";"";"0";"0";"г Санкт-Петербург пр-кт Медиков 9";"0,0";"2,0";"3,0";"5,0";
"413,0";"03,04,2018";"Невский";"";"Падение пассажира";"";"0";"0";"г Санкт-Петербург пр-кт Шлиссельбургский 3";"0,0";"1,0";"1,0";"2,0";
"414,0";"02,04,2018";"Петроградский";"";"Наезд на стоящее ТС";"";"0";"0";"г Санкт-Петербург наб Реки Карповки 16";"0,0";"1,0";"4,0";"2,0";
"415,0";"02,04,2018";"Кировский";"";"Столкновение";"";"0";"0";"г Санкт-Петербург пр-кт Ленинский 140";"0,0";"1,0";"2,0";"2,0";
"416,0";"02,04,2018";"Красносельский";"";"Столкновение";"";"0";"0";"г Санкт-Петербург пр-кт Ленинский 81к1";"0,0";"1,0";"2,0";"2,0";
"417,0";"02,04,2018";"Московский";"";"Наезд на пешехода";"";"0";"0";"г Санкт-Петербург пр-кт Юрия Гагарина 16-3";"0,0";"1,0";"1,0";"2,0";
"418,0";"02,04,2018";"Выборгский";"";"Наезд на пешехода";"";"0";"0";"г Санкт-Петербург пр-кт Большой Сампсониевский 60 Б";"1,0";"0,0";"1,0";"2,0";
"419,0";"02,04,2018";"Выборгский";"";"Столкновение";"";"0";"0";"г Санкт-Петербург пр-кт Большой Сампсониевский 106";"0,0";"1,0";"3,0";"3,0";
"420,0";"02,04,2018";"Красносельский";"";"Столкновение";"";"0";"0";"г Санкт-Петербург ул Пограничника Гарькавого 1";"0,0";"1,0";"2,0";"3,0";
"421,0";"02,04,2018";"Адмиралтейский";"";"Наезд на пешехода";"";"0";"0";"г Санкт-Петербург ул 7-я Красноармейская 9";"0,0";"1,0";"1,0";"2,0";
"422,0";"02,04,2018";"Петроградский";"";"Наезд на пешехода";"";"0";"0";"г Санкт-Петербург пр-кт Каменноостровский 53";"0,0";"1,0";"1,0";"2,0";
"423,0";"02,04,2018";"Красносельский";"";"Столкновение";"А-118 Кольцевая автомобильная дорога вокруг г, Санкт-Петербурга";"60";"700";"г Санкт-Петербург  ";"0,0";"1,0";"2,0";"2,0";
"424,0";"02,04,2018";"Выборгский";"";"Наезд на пешехода";"";"0";"0";"п Парголово ш Выборгское (Осиновая Роща) 372";"0,0";"1,0";"1,0";"2,0";
"425,0";"02,04,2018";"Центральный";"";"Наезд на пешехода";"";"0";"0";"г Санкт-Петербург пр-кт Загородный 25";"0,0";"1,0";"1,0";"2,0";
"426,0";"02,04,2018";"Московский";"";"Наезд на пешехода";"";"0";"0";"г Санкт-Петербург ул Алтайская 14";"0,0";"1,0";"1,0";"2,0";
"427,0";"01,04,2018";"Невский";"";"Столкновение";"";"0";"0";"г Санкт-Петербург пр-кт Искровский 31";"0,0";"1,0";"3,0";"3,0";
"428,0";"01,04,2018";"Невский";"";"Наезд на препятствие";"";"0";"0";"г Санкт-Петербург ул Латышских Стрелков 31 б";"0,0";"3,0";"1,0";"3,0";
"429,0";"01,04,2018";"Приморский";"";"Столкновение";"";"0";"0";"г Санкт-Петербург дор Торфяная оптиков";"0,0";"1,0";"2,0";"2,0";
"430,0";"01,04,2018";"Петродворцовый";"";"Наезд на препятствие";"";"0";"0";"п Стрельна ул Нижняя Колония 14";"0,0";"1,0";"1,0";"1,0";
"431,0";"01,04,2018";"Фрунзенский";"";"Столкновение";"";"0";"0";"г Санкт-Петербург ул Белградская 10 к,1";"0,0";"1,0";"2,0";"3,0";
"432,0";"01,04,2018";"Кировский";"";"Наезд на пешехода";"";"0";"0";"г Санкт-Петербург  ";"0,0";"1,0";"1,0";"2,0";