"1,0";"28,02,2018";"Центральный";"";"Наезд на пешехода";"";"0";"0";"г Санкт-Петербург пр-кт Лиговский 3";"0,0";"1,0";"1,0";"2,0";
"3,0";"28,02,2018";"Кировский";"";"Столкновение";"";"0";"0";"г Санкт-Петербург пр-кт Стачек 206";"0,0";"1,0";"2,0";"2,0";
"4,0";"28,02,2018";"Красносельский";"";"Опрокидывание";"";"0";"0";"г Санкт-Петербург пр-кт Ветеранов 121";"0,0";"2,0";"1,0";"2,0";
"5,0";"28,02,2018";"Невский";"";"Падение пассажира";"";"0";"0";"г Санкт-Петербург ул Тепловозная 31";"0,0";"1,0";"1,0";"2,0";
"6,0";"28,02,2018";"Фрунзенский";"";"Столкновение";"";"0";"0";"г Санкт-Петербург ул Салова 82";"0,0";"1,0";"3,0";"4,0";
"7,0";"28,02,2018";"Петроградский";"";"Столкновение";"";"0";"0";"г Санкт-Петербург ул Куйбышева 10";"0,0";"1,0";"2,0";"2,0";
"8,0";"28,02,2018";"Пушкинский";"";"Столкновение";"";"0";"0";"г Пушкин ул Автомобильная Сетевая";"0,0";"1,0";"2,0";"3,0";
"9,0";"28,02,2018";"Пушкинский";"";"Столкновение";"";"0";"0";"г Пушкин ул Парковая 36";"0,0";"1,0";"2,0";"2,0";
"10,0";"28,02,2018";"Выборгский";"";"Падение пассажира";"";"0";"0";"г Санкт-Петербург пр-кт Луначарского 47";"0,0";"1,0";"1,0";"2,0";
"11,0";"28,02,2018";"Калининский";"";"Наезд на пешехода";"";"0";"0";"г Санкт-Петербург пр-кт Луначарского 82 1";"0,0";"1,0";"1,0";"2,0";
"12,0";"28,02,2018";"Василеостровский";"";"Наезд на пешехода";"";"0";"0";"г Санкт-Петербург наб Лейтенанта Шмидта 27";"0,0";"1,0";"1,0";"2,0";
"13,0";"28,02,2018";"Пушкинский";"";"Наезд на стоящее ТС";"А-118 Кольцевая автомобильная дорога вокруг г, Санкт-Петербурга";"79";"540";"г Санкт-Петербург  ";"0,0";"1,0";"3,0";"2,0";
"14,0";"27,02,2018";"Московский";"";"Падение пассажира";"";"0";"0";"г Санкт-Петербург ул Типанова 21";"0,0";"1,0";"1,0";"2,0";
"15,0";"27,02,2018";"Выборгский";"";"Наезд на пешехода";"";"0";"0";"г Санкт-Петербург ул Сердобольская 1";"0,0";"1,0";"1,0";"2,0";
"16,0";"27,02,2018";"Кировский";"";"Падение пассажира";"";"0";"0";"г Санкт-Петербург пр-кт Стачек 106";"0,0";"1,0";"1,0";"2,0";
"17,0";"27,02,2018";"Приморский";"";"Столкновение";"";"0";"0";"г Санкт-Петербург пр-кт Приморский 57 корп 1";"0,0";"3,0";"2,0";"4,0";
"18,0";"27,02,2018";"Петроградский";"";"Падение пассажира";"";"0";"0";"г Санкт-Петербург наб Песочная 2";"0,0";"1,0";"1,0";"2,0";
"19,0";"27,02,2018";"Невский";"";"Столкновение";"";"0";"0";"г Санкт-Петербург наб Октябрьская 114а";"0,0";"1,0";"2,0";"2,0";
"20,0";"27,02,2018";"Московский";"";"Наезд на пешехода";"";"0";"0";"г Санкт-Петербург ул Ново-Рыбинская Черниговская ул,";"0,0";"1,0";"1,0";"2,0";
"21,0";"27,02,2018";"Красносельский";"";"Падение пассажира";"";"0";"0";"г Санкт-Петербург ш Петергофское ул,доблести";"0,0";"1,0";"1,0";"2,0";
"22,0";"27,02,2018";"Приморский";"";"Столкновение";"";"0";"0";"г Санкт-Петербург пр-кт Коломяжский Королева";"0,0";"3,0";"2,0";"3,0";
"23,0";"27,02,2018";"Приморский";"";"Столкновение";"";"0";"0";"г Санкт-Петербург ул Оптиков Планерная ул,";"0,0";"1,0";"2,0";"2,0";
"24,0";"27,02,2018";"Выборгский";"";"Наезд на пешехода";"";"0";"0";"г Санкт-Петербург пр-кт Тореза 43";"0,0";"1,0";"1,0";"2,0";
"25,0";"27,02,2018";"Выборгский";"";"Наезд на пешехода";"";"0";"0";"г Санкт-Петербург пр-кт Культуры 26к1";"0,0";"1,0";"1,0";"2,0";
"26,0";"26,02,2018";"Приморский";"";"Падение пассажира";"";"0";"0";"г Санкт-Петербург дор Торфяная 7а";"0,0";"1,0";"1,0";"2,0";
"27,0";"26,02,2018";"Невский";"";"Столкновение";"";"0";"0";"г Санкт-Петербург пр-кт Дальневосточный 64";"0,0";"1,0";"2,0";"2,0";
"28,0";"26,02,2018";"Приморский";"";"Наезд на пешехода";"";"0";"0";"г Санкт-Петербург пр-кт Сизова 28";"0,0";"1,0";"1,0";"2,0";
"29,0";"26,02,2018";"Приморский";"";"Столкновение";"";"0";"0";"г Санкт-Петербург ул Мебельная Лыжный пер,";"0,0";"1,0";"2,0";"2,0";
"30,0";"26,02,2018";"Кировский";"";"Столкновение";"";"0";"0";"г Санкт-Петербург ул Возрождения Ул,Зайцева";"0,0";"1,0";"2,0";"2,0";
"31,0";"26,02,2018";"Петроградский";"";"Столкновение";"";"0";"0";"г Санкт-Петербург наб Песочная 12";"0,0";"1,0";"3,0";"3,0";
"32,0";"26,02,2018";"Кировский";"";"Наезд на пешехода";"";"0";"0";"г Санкт-Петербург б-р Новаторов 17";"0,0";"1,0";"1,0";"2,0";
"33,0";"26,02,2018";"Выборгский";"";"Столкновение";"";"0";"0";"г Санкт-Петербург пр-кт Энгельса 75";"0,0";"1,0";"2,0";"3,0";
"34,0";"26,02,2018";"Калининский";"";"Наезд на пешехода";"";"0";"0";"г Санкт-Петербург ул Минеральная 13";"0,0";"1,0";"1,0";"2,0";
"35,0";"26,02,2018";"Выборгский";"";"Наезд на пешехода";"";"0";"0";"г Санкт-Петербург пр-кт Просвещения 9";"0,0";"1,0";"1,0";"2,0";
"36,0";"26,02,2018";"Приморский";"";"Наезд на пешехода";"";"0";"0";"г Санкт-Петербург ул Парашютная 12Ново-Никитинская";"0,0";"1,0";"1,0";"2,0";
"37,0";"26,02,2018";"Петроградский";"";"Столкновение";"";"0";"0";"г Санкт-Петербург парк Александровский 1";"0,0";"1,0";"3,0";"2,0";
"38,0";"26,02,2018";"Калининский";"";"Наезд на пешехода";"";"0";"0";"г Санкт-Петербург ул Руставели 33";"0,0";"1,0";"2,0";"3,0";
"39,0";"26,02,2018";"Московский";"";"Падение пассажира";"";"0";"0";"г Санкт-Петербург ш Пулковское 47";"0,0";"1,0";"1,0";"2,0";
"40,0";"26,02,2018";"Выборгский";"";"Наезд на пешехода";"";"0";"0";"г Санкт-Петербург б-р Поэтический Художников пр-кт";"0,0";"1,0";"1,0";"2,0";
"41,0";"26,02,2018";"Красносельский";"";"Наезд на пешехода";"";"0";"0";"г Санкт-Петербург ул Доблести ул, М,Казакова";"0,0";"1,0";"1,0";"2,0";
"42,0";"26,02,2018";"Выборгский";"";"Столкновение";"";"0";"0";"г Санкт-Петербург ул Карбышева 7";"0,0";"1,0";"2,0";"3,0";
"43,0";"26,02,2018";"Калининский";"";"Наезд на пешехода";"";"0";"0";"г Санкт-Петербург пр-кт Гражданский 66к1";"0,0";"1,0";"1,0";"2,0";
"44,0";"26,02,2018";"Выборгский";"";"Столкновение";"";"0";"0";"п Парголово ул Фёдора Абрамова 8";"0,0";"1,0";"2,0";"3,0";
"45,0";"26,02,2018";"Красногвардейский";"";"Столкновение";"";"0";"0";"г Санкт-Петербург ул Апрельская 2";"0,0";"2,0";"4,0";"5,0";
"46,0";"25,02,2018";"Невский";"";"Наезд на пешехода";"";"0";"0";"г Санкт-Петербург ул Седова 85";"0,0";"1,0";"1,0";"2,0";
"47,0";"25,02,2018";"Невский";"";"Наезд на пешехода";"";"0";"0";"г Санкт-Петербург ул Дыбенко 28";"0,0";"1,0";"1,0";"2,0";
"48,0";"25,02,2018";"Красносельский";"";"Столкновение";"";"0";"0";"г Санкт-Петербург ш Таллинское (Старо-Паново) 129";"0,0";"1,0";"2,0";"3,0";
"49,0";"25,02,2018";"Кировский";"";"Наезд на препятствие";"";"0";"0";"г Санкт-Петербург пр-кт Стачек 74";"0,0";"1,0";"1,0";"2,0";
"50,0";"25,02,2018";"Фрунзенский";"";"Наезд на пешехода";"";"0";"0";"г Санкт-Петербург  ";"0,0";"1,0";"2,0";"2,0";
"51,0";"25,02,2018";"Московский";"";"Столкновение";"";"0";"0";"г Санкт-Петербург пр-кт Дунайский Витебский пр, ЮП";"0,0";"3,0";"3,0";"5,0";
"52,0";"25,02,2018";"Приморский";"";"Наезд на велосипедиста";"";"0";"0";"г Санкт-Петербург ул Гаккелевская 26";"0,0";"1,0";"2,0";"2,0";
"53,0";"25,02,2018";"Центральный";"";"Падение пассажира";"";"0";"0";"г Санкт-Петербург ул Мытнинская 15";"0,0";"1,0";"1,0";"2,0";
"54,0";"25,02,2018";"Центральный";"";"Наезд на пешехода";"";"0";"0";"г Санкт-Петербург пр-кт Лиговский 10";"0,0";"1,0";"1,0";"2,0";
"55,0";"25,02,2018";"Фрунзенский";"";"Столкновение";"";"0";"0";"г Санкт-Петербург пр-кт Славы 2 корп, 1";"0,0";"3,0";"3,0";"4,0";
"56,0";"25,02,2018";"Кировский";"";"Наезд на пешехода";"";"0";"0";"г Санкт-Петербург пр-кт Ветеранов Г,Симоняка";"0,0";"1,0";"2,0";"3,0";
"57,0";"25,02,2018";"Фрунзенский";"";"Наезд на пешехода";"";"0";"0";"г Санкт-Петербург ул Малая Балканская 3 по Димитрова";"0,0";"1,0";"1,0";"3,0";
"58,0";"25,02,2018";"Центральный";"";"Наезд на пешехода";"";"0";"0";"г Санкт-Петербург ул Некрасова 21";"0,0";"1,0";"1,0";"2,0";
"59,0";"25,02,2018";"Московский";"";"Наезд на препятствие";"";"0";"0";"г Санкт-Петербург ул Рыбинская 1";"0,0";"2,0";"1,0";"3,0";
"60,0";"25,02,2018";"Калининский";"";"Столкновение";"";"0";"0";"г Санкт-Петербург ул Лабораторная 20А";"0,0";"2,0";"2,0";"4,0";
"61,0";"25,02,2018";"Курортный";"";"Столкновение";"";"0";"0";"п Ушково ш Приморское 611";"1,0";"1,0";"3,0";"4,0";
"62,0";"25,02,2018";"Пушкинский";"";"Столкновение";"";"0";"0";"г Пушкин ул Малиновская 17";"0,0";"1,0";"2,0";"3,0";
"63,0";"25,02,2018";"Фрунзенский";"";"Столкновение";"";"0";"0";"г Санкт-Петербург пр-кт Славы 45";"0,0";"1,0";"2,0";"3,0";
"64,0";"25,02,2018";"Адмиралтейский";"";"Наезд на пешехода";"";"0";"0";"г Санкт-Петербург ул Садовая 44";"0,0";"1,0";"1,0";"2,0";
"65,0";"25,02,2018";"Кировский";"";"Наезд на пешехода";"";"0";"0";"г Санкт-Петербург пр-кт Ветеранов ул, Г,Симоняка";"0,0";"2,0";"1,0";"3,0";
"66,0";"24,02,2018";"Адмиралтейский";"";"Падение пассажира";"";"0";"0";"г Санкт-Петербург пл Балтийского вокзала 1";"0,0";"1,0";"1,0";"2,0";
"67,0";"24,02,2018";"Пушкинский";"";"Наезд на пешехода";"";"0";"0";"г Пушкин ул Оранжерейная Пушкинская";"0,0";"1,0";"1,0";"2,0";
"68,0";"24,02,2018";"Московский";"";"Столкновение";"";"0";"0";"г Санкт-Петербург ул Кузнецовская 35";"0,0";"1,0";"2,0";"2,0";
"69,0";"24,02,2018";"Калининский";"";"Столкновение";"";"0";"0";"г Санкт-Петербург пр-кт Непокорённых 13 к1";"0,0";"1,0";"2,0";"3,0";
"70,0";"24,02,2018";"Калининский";"";"Столкновение";"";"0";"0";"г Санкт-Петербург пр-кт Непокорённых 74Б";"0,0";"1,0";"2,0";"2,0";
"71,0";"24,02,2018";"Кировский";"";"Столкновение";"";"0";"0";"г Санкт-Петербург пр-кт Народного Ополчения ленинский пр,";"0,0";"1,0";"2,0";"2,0";
"72,0";"24,02,2018";"Пушкинский";"";"Столкновение";"";"0";"0";"г Пушкин ш Киевское 262 км,";"0,0";"1,0";"2,0";"2,0";
"73,0";"24,02,2018";"Красносельский";"";"Столкновение";"";"0";"0";"г Санкт-Петербург ш Таллинское (Старо-Паново) 129 лит,А";"0,0";"2,0";"2,0";"4,0";
"74,0";"24,02,2018";"Московский";"";"Столкновение";"";"0";"0";"г Санкт-Петербург ул Ленсовета 70";"0,0";"3,0";"3,0";"4,0";
"75,0";"24,02,2018";"Пушкинский";"";"Столкновение";"";"0";"0";"г Пушкин ул Магазейная Леонтьевская";"0,0";"1,0";"2,0";"3,0";
"76,0";"24,02,2018";"Пушкинский";"";"Наезд на пешехода";"";"0";"0";"п Шушары ш Колпинское 40";"0,0";"1,0";"1,0";"2,0";
"77,0";"24,02,2018";"Калининский";"";"Наезд на пешехода";"";"0";"0";"г Санкт-Петербург пр-кт Науки 16";"0,0";"1,0";"1,0";"2,0";
"78,0";"24,02,2018";"Выборгский";"";"Наезд на пешехода";"";"0";"0";"г Санкт-Петербург пр-кт Энгельса 42";"0,0";"1,0";"1,0";"2,0";
"79,0";"24,02,2018";"Центральный";"";"Падение пассажира";"";"0";"0";"г Санкт-Петербург пр-кт Загородный 34-36";"0,0";"1,0";"1,0";"2,0";
"80,0";"24,02,2018";"Пушкинский";"";"Столкновение";"";"0";"0";"п Шушары ш Московское 681 км 50 меров";"0,0";"2,0";"3,0";"4,0";
"81,0";"24,02,2018";"Красносельский";"";"Наезд на препятствие";"А-118 Кольцевая автомобильная дорога вокруг г, Санкт-Петербурга";"79";"12";"г Санкт-Петербург  ";"0,0";"1,0";"1,0";"1,0";
"82,0";"24,02,2018";"Московский";"";"Столкновение";"";"0";"0";"г Санкт-Петербург ш Пулковское 28";"0,0";"1,0";"2,0";"3,0";
"83,0";"23,02,2018";"Кировский";"";"Наезд на пешехода";"";"0";"0";"г Санкт-Петербург  ";"0,0";"1,0";"1,0";"2,0";
"84,0";"23,02,2018";"Адмиралтейский";"";"Столкновение";"";"0";"0";"г Санкт-Петербург ул Гороховая 11";"0,0";"1,0";"2,0";"2,0";
"85,0";"23,02,2018";"Курортный";"";"Столкновение";"";"0";"0";"г Сестрорецк пр-кт Красных Командиров 23";"0,0";"1,0";"2,0";"3,0";
"86,0";"22,02,2018";"Невский";"";"Наезд на пешехода";"";"0";"0";"г Санкт-Петербург  ";"0,0";"1,0";"1,0";"2,0";
"87,0";"22,02,2018";"Приморский";"";"Падение пассажира";"";"0";"0";"г Санкт-Петербург пр-кт Коломяжский 26";"0,0";"1,0";"1,0";"2,0";
"88,0";"22,02,2018";"Фрунзенский";"";"Наезд на пешехода";"";"0";"0";"г Санкт-Петербург  ";"0,0";"1,0";"1,0";"2,0";
"89,0";"22,02,2018";"Пушкинский";"";"Опрокидывание";"";"0";"0";"п Шушары ул Автозаводская 2";"1,0";"2,0";"1,0";"3,0";
"90,0";"22,02,2018";"Красносельский";"";"Падение пассажира";"";"0";"0";"г Санкт-Петербург пр-кт Ленинский 96, корп, 1";"0,0";"1,0";"1,0";"2,0";
"91,0";"22,02,2018";"Василеостровский";"";"Наезд на пешехода";"";"0";"0";"г Санкт-Петербург ул Беринга 30";"0,0";"1,0";"1,0";"2,0";
"92,0";"22,02,2018";"Калининский";"";"Столкновение";"";"0";"0";"г Санкт-Петербург ул Политехническая 29";"0,0";"3,0";"5,0";"3,0";
"93,0";"22,02,2018";"Фрунзенский";"";"Наезд на пешехода";"";"0";"0";"г Санкт-Петербург  ";"0,0";"1,0";"1,0";"2,0";
"94,0";"22,02,2018";"Фрунзенский";"";"Наезд на пешехода";"";"0";"0";"г Санкт-Петербург  ";"0,0";"1,0";"1,0";"2,0";
"95,0";"22,02,2018";"Калининский";"";"Наезд на пешехода";"";"0";"0";"г Санкт-Петербург ул Лабораторная 19";"0,0";"1,0";"1,0";"2,0";
"96,0";"22,02,2018";"Петроградский";"";"Наезд на пешехода";"";"0";"0";"г Санкт-Петербург ул Куйбышева 8";"0,0";"2,0";"1,0";"3,0";
"97,0";"22,02,2018";"Московский";"";"Столкновение";"";"0";"0";"г Санкт-Петербург пр-кт Витебский 12";"0,0";"1,0";"2,0";"2,0";
"98,0";"22,02,2018";"Невский";"";"Столкновение";"";"0";"0";"г Санкт-Петербург ул Ивановская 38";"0,0";"1,0";"2,0";"2,0";
"99,0";"22,02,2018";"Курортный";"";"Наезд на пешехода";"";"0";"0";"г Сестрорецк  ";"0,0";"1,0";"1,0";"2,0";
"100,0";"22,02,2018";"Выборгский";"";"Столкновение";"";"0";"0";"г Санкт-Петербург ш Выборгское 288";"0,0";"5,0";"3,0";"7,0";
"101,0";"22,02,2018";"Невский";"";"Столкновение";"";"0";"0";"г Санкт-Петербург ул Бадаева 6";"0,0";"1,0";"2,0";"2,0";
"102,0";"22,02,2018";"Адмиралтейский";"";"Столкновение";"";"0";"0";"г Санкт-Петербург наб Реки Фонтанки 151";"1,0";"1,0";"2,0";"3,0";
"103,0";"22,02,2018";"Калининский";"";"Наезд на пешехода";"";"0";"0";"г Санкт-Петербург пр-кт Северный 91к,1";"0,0";"1,0";"1,0";"2,0";
"104,0";"21,02,2018";"Центральный";"";"Падение пассажира";"";"0";"0";"г Санкт-Петербург пр-кт Невский 92";"0,0";"1,0";"1,0";"2,0";
"105,0";"21,02,2018";"Фрунзенский";"";"Столкновение";"";"0";"0";"г Санкт-Петербург пр-кт Александровской Фермы 20";"0,0";"1,0";"2,0";"2,0";
"106,0";"21,02,2018";"Кировский";"";"Столкновение";"";"0";"0";"г Санкт-Петербург пр-кт Стачек 5";"0,0";"1,0";"5,0";"5,0";
"107,0";"21,02,2018";"Московский";"";"Наезд на пешехода";"";"0";"0";"г Санкт-Петербург ул Типанова Демонстрационный ЮП";"0,0";"1,0";"1,0";"2,0";
"108,0";"21,02,2018";"Кировский";"";"Наезд на пешехода";"";"0";"0";"г Санкт-Петербург ул Червонного Казачества 2 по ул,Автовская";"0,0";"1,0";"1,0";"2,0";
"109,0";"21,02,2018";"Калининский";"";"Наезд на пешехода";"";"0";"0";"г Санкт-Петербург пр-кт Кондратьевский 3";"0,0";"1,0";"1,0";"2,0";
"110,0";"21,02,2018";"Красносельский";"";"Наезд на препятствие";"А-118 Кольцевая автомобильная дорога вокруг г, Санкт-Петербурга";"82";"850";"г Санкт-Петербург  ";"0,0";"1,0";"1,0";"1,0";
"111,0";"21,02,2018";"Красносельский";"";"Наезд на пешехода";"";"0";"0";"г Санкт-Петербург пр-кт Ленинский 67 к, 1";"0,0";"1,0";"1,0";"2,0";
"112,0";"21,02,2018";"Красносельский";"";"Столкновение";"";"0";"0";"г Санкт-Петербург пр-кт Народного Ополчения 207";"0,0";"1,0";"2,0";"3,0";
"113,0";"21,02,2018";"Адмиралтейский";"";"Наезд на пешехода";"";"0";"0";"г Санкт-Петербург пр-кт Английский 36";"0,0";"1,0";"1,0";"2,0";
"114,0";"21,02,2018";"Петроградский";"";"Столкновение";"";"0";"0";"г Санкт-Петербург парк Александровский 5";"0,0";"1,0";"3,0";"3,0";
"115,0";"21,02,2018";"Фрунзенский";"";"Наезд на пешехода";"";"0";"0";"г Санкт-Петербург наб Обводного канала 66";"0,0";"1,0";"1,0";"2,0";
"116,0";"21,02,2018";"Московский";"";"Столкновение";"";"0";"0";"г Санкт-Петербург пр-кт Московский 102 лит А";"0,0";"1,0";"3,0";"4,0";
"117,0";"21,02,2018";"Красногвардейский";"";"Наезд на пешехода";"";"0";"0";"г Санкт-Петербург пр-кт Косыгина 21б";"0,0";"1,0";"1,0";"2,0";
"118,0";"20,02,2018";"Центральный";"";"Столкновение";"";"0";"0";"г Санкт-Петербург ул Кременчугская ул, Военная д,12";"0,0";"1,0";"2,0";"4,0";
"119,0";"20,02,2018";"Фрунзенский";"";"Наезд на пешехода";"";"0";"0";"г Санкт-Петербург пр-кт Лиговский 185";"0,0";"1,0";"1,0";"2,0";
"120,0";"20,02,2018";"Петроградский";"";"Наезд на пешехода";"";"0";"0";"г Санкт-Петербург пр-кт Большой П,С, 11";"0,0";"1,0";"1,0";"2,0";
"121,0";"20,02,2018";"Кировский";"";"Падение пассажира";"";"0";"0";"г Санкт-Петербург пр-кт Стачек 90к2";"0,0";"1,0";"1,0";"2,0";
"122,0";"20,02,2018";"Адмиралтейский";"";"Наезд на пешехода";"";"0";"0";"г Санкт-Петербург ул Садовая 60";"0,0";"1,0";"1,0";"2,0";
"123,0";"20,02,2018";"Курортный";"";"Столкновение";"";"0";"0";"п Песочный ул Пограничная 77";"0,0";"2,0";"2,0";"2,0";
"124,0";"20,02,2018";"Приморский";"";"Наезд на пешехода";"";"0";"0";"г Санкт-Петербург пр-кт Испытателей Богатырский пр,";"0,0";"1,0";"1,0";"2,0";
"125,0";"20,02,2018";"Приморский";"";"Наезд на стоящее ТС";"";"0";"0";"г Санкт-Петербург ул Стародеревенская 13 по ул,Камышовая";"0,0";"1,0";"2,0";"2,0";
"126,0";"20,02,2018";"Красносельский";"";"Наезд на пешехода";"";"0";"0";"г Санкт-Петербург ул Маршала Захарова 56";"0,0";"1,0";"1,0";"2,0";
"127,0";"20,02,2018";"Кировский";"";"Наезд на пешехода";"";"0";"0";"г Санкт-Петербург  ";"0,0";"1,0";"1,0";"2,0";
"128,0";"20,02,2018";"Невский";"";"Столкновение";"";"0";"0";"г Санкт-Петербург пр-кт Большевиков 36";"0,0";"1,0";"2,0";"2,0";
"129,0";"20,02,2018";"Приморский";"";"Наезд на стоящее ТС";"";"0";"0";"г Санкт-Петербург ул Савушкина 141";"0,0";"1,0";"2,0";"3,0";
"130,0";"20,02,2018";"Красногвардейский";"";"Наезд на стоящее ТС";"";"0";"0";"г Санкт-Петербург пр-кт Малоохтинский 80 2";"0,0";"1,0";"3,0";"3,0";
"131,0";"19,02,2018";"Выборгский";"";"Наезд на пешехода";"";"0";"0";"г Санкт-Петербург пр-кт Тореза 72";"0,0";"1,0";"1,0";"2,0";
"132,0";"19,02,2018";"Колпинский";"";"Наезд на пешехода";"";"0";"0";"г Колпино ул Павловская 1";"0,0";"1,0";"1,0";"2,0";
"133,0";"19,02,2018";"Калининский";"";"Столкновение";"";"0";"0";"г Санкт-Петербург пр-кт Луначарского 91";"0,0";"1,0";"2,0";"2,0";
"134,0";"19,02,2018";"Красносельский";"";"Столкновение";"";"0";"0";"г Санкт-Петербург ш Красносельское (Горелово) 52";"0,0";"1,0";"3,0";"2,0";
"135,0";"19,02,2018";"Центральный";"";"Наезд на пешехода";"";"0";"0";"г Санкт-Петербург ул Садовая 5";"0,0";"1,0";"1,0";"2,0";
"136,0";"19,02,2018";"Калининский";"";"Наезд на пешехода";"";"0";"0";"г Санкт-Петербург пр-кт Северный 44";"0,0";"1,0";"1,0";"2,0";
"137,0";"19,02,2018";"Выборгский";"";"Наезд на пешехода";"";"0";"0";"г Санкт-Петербург пр-кт Институтский 11";"0,0";"1,0";"1,0";"2,0";
"138,0";"19,02,2018";"Колпинский";"";"Наезд на пешехода";"";"0";"0";"г Колпино пр-кт Ленина 64";"0,0";"1,0";"1,0";"2,0";
"139,0";"19,02,2018";"Центральный";"";"Наезд на препятствие";"";"0";"0";"г Санкт-Петербург наб Синопская 78";"0,0";"1,0";"2,0";"2,0";
"140,0";"19,02,2018";"Центральный";"";"Столкновение";"";"0";"0";"г Санкт-Петербург пр-кт Невский 37";"0,0";"1,0";"2,0";"3,0";
"141,0";"19,02,2018";"Калининский";"";"Наезд на пешехода";"";"0";"0";"г Санкт-Петербург  ";"0,0";"1,0";"1,0";"2,0";
"142,0";"19,02,2018";"Петродворцовый";"";"Столкновение";"";"0";"0";"г Петергоф ш Ораниенбаумское 34км 500м";"0,0";"1,0";"2,0";"2,0";
"143,0";"19,02,2018";"Московский";"";"Падение пассажира";"";"0";"0";"г Санкт-Петербург ул Типанова 27";"0,0";"1,0";"1,0";"2,0";
"144,0";"19,02,2018";"Московский";"";"Наезд на пешехода";"";"0";"0";"г Санкт-Петербург ш Пулковское 71";"0,0";"2,0";"2,0";"3,0";
"145,0";"18,02,2018";"Пушкинский";"";"Столкновение";"";"0";"0";"г Павловск ул Садовая 17";"0,0";"1,0";"2,0";"2,0";
"146,0";"18,02,2018";"Василеостровский";"";"Наезд на препятствие";"";"0";"0";"г Санкт-Петербург пр-кт Средний В,О, 86";"0,0";"1,0";"1,0";"1,0";
"147,0";"18,02,2018";"Пушкинский";"";"Столкновение";"";"0";"0";"г Пушкин ул Парковая Гусарская ул,";"0,0";"1,0";"2,0";"2,0";
"148,0";"18,02,2018";"Центральный";"";"Столкновение";"";"0";"0";"г Санкт-Петербург ул Марата 10";"0,0";"1,0";"2,0";"2,0";
"149,0";"18,02,2018";"Калининский";"";"Столкновение";"";"0";"0";"г Санкт-Петербург пр-кт Светлановский 85";"0,0";"1,0";"2,0";"3,0";
"150,0";"18,02,2018";"Пушкинский";"";"Наезд на стоящее ТС";"";"0";"0";"п Шушары пр-кт Витебский 1540 м до Петербургс";"0,0";"1,0";"3,0";"4,0";
"151,0";"18,02,2018";"Невский";"";"Наезд на препятствие";"";"0";"0";"г Санкт-Петербург наб Октябрьская 24 корпус 1";"0,0";"3,0";"3,0";"3,0";
"152,0";"18,02,2018";"Фрунзенский";"";"Столкновение";"";"0";"0";"г Санкт-Петербург ул Салова 63 по Бухарестской";"0,0";"1,0";"2,0";"2,0";
"153,0";"18,02,2018";"Фрунзенский";"";"Столкновение";"";"0";"0";"г Санкт-Петербург ул Софийская 35 по ул, Турку";"0,0";"1,0";"2,0";"2,0";
"154,0";"18,02,2018";"Красногвардейский";"";"Наезд на стоящее ТС";"";"0";"0";"г Санкт-Петербург ул Коммуны 67";"0,0";"1,0";"2,0";"3,0";
"155,0";"18,02,2018";"Выборгский";"";"Столкновение";"";"0";"0";"г Санкт-Петербург ш Выборгское ,";"0,0";"3,0";"2,0";"3,0";
"156,0";"18,02,2018";"Петроградский";"";"Наезд на пешехода";"";"0";"0";"г Санкт-Петербург пр-кт Большой П,С, 15";"0,0";"1,0";"1,0";"2,0";
"157,0";"18,02,2018";"Невский";"";"Наезд на пешехода";"";"0";"0";"г Санкт-Петербург ул Народная 8";"0,0";"1,0";"1,0";"2,0";
"158,0";"18,02,2018";"Адмиралтейский";"";"Наезд на пешехода";"";"0";"0";"г Санкт-Петербург ул Лифляндская 12";"0,0";"1,0";"1,0";"2,0";
"159,0";"18,02,2018";"Фрунзенский";"";"Столкновение";"";"0";"0";"г Санкт-Петербург пр-кт Славы 64";"0,0";"2,0";"2,0";"4,0";
"160,0";"18,02,2018";"Кировский";"";"Столкновение";"";"0";"0";"г Санкт-Петербург пр-кт Народного Ополчения ул, П,Кузьмина";"0,0";"1,0";"2,0";"2,0";
"161,0";"17,02,2018";"Фрунзенский";"";"Столкновение";"";"0";"0";"г Санкт-Петербург пр-кт Славы 51";"0,0";"1,0";"5,0";"5,0";
"162,0";"17,02,2018";"Приморский";"";"Столкновение";"";"0";"0";"г Санкт-Петербург пр-кт Богатырский 64к1";"0,0";"1,0";"2,0";"2,0";
"163,0";"17,02,2018";"Калининский";"";"Наезд на пешехода";"";"0";"0";"г Санкт-Петербург пл Ленина 6";"0,0";"1,0";"1,0";"2,0";
"164,0";"17,02,2018";"Петроградский";"";"Наезд на пешехода";"";"0";"0";"г Санкт-Петербург пр-кт Большой П,С, 42";"0,0";"1,0";"1,0";"2,0";
"165,0";"17,02,2018";"Калининский";"";"Столкновение";"";"0";"0";"г Санкт-Петербург пр-кт Кондратьевский 60 19";"0,0";"1,0";"2,0";"3,0";
"166,0";"17,02,2018";"Колпинский";"";"Наезд на препятствие";"";"0";"0";"г Колпино ул Загородная 480 м до ул,";"0,0";"1,0";"1,0";"1,0";
"167,0";"17,02,2018";"Невский";"";"Столкновение";"";"0";"0";"г Санкт-Петербург ул Зольная 5";"0,0";"1,0";"2,0";"2,0";
"168,0";"17,02,2018";"Фрунзенский";"";"Наезд на препятствие";"";"0";"0";"г Санкт-Петербург ул Белградская 34 к,1";"0,0";"2,0";"1,0";"3,0";
"169,0";"17,02,2018";"Пушкинский";"";"Столкновение";"";"0";"0";"г Пушкин ш Петербургское 15";"0,0";"3,0";"2,0";"3,0";
"170,0";"17,02,2018";"Выборгский";"";"Столкновение";"";"0";"0";"п Парголово дор В Каменку ,";"0,0";"1,0";"2,0";"2,0";
"171,0";"17,02,2018";"Красносельский";"";"Столкновение";"";"0";"0";"г Санкт-Петербург ш Петергофское 45";"0,0";"1,0";"2,0";"2,0";
"172,0";"17,02,2018";"Невский";"";"Наезд на пешехода";"";"0";"0";"г Санкт-Петербург пр-кт Шлиссельбургский 22";"0,0";"1,0";"1,0";"2,0";
"173,0";"17,02,2018";"Центральный";"";"Столкновение";"";"0";"0";"г Санкт-Петербург ул Гороховая наб рек Мойки";"0,0";"2,0";"2,0";"4,0";
"174,0";"17,02,2018";"Московский";"";"Наезд на препятствие";"А-118 Кольцевая автомобильная дорога вокруг г, Санкт-Петербурга";"72";"400";"г Санкт-Петербург  ";"0,0";"1,0";"1,0";"1,0";
"175,0";"17,02,2018";"Петроградский";"";"Наезд на пешехода";"";"0";"0";"г Санкт-Петербург ул Куйбышева 19";"0,0";"1,0";"1,0";"2,0";
"176,0";"17,02,2018";"Калининский";"";"Наезд на пешехода";"";"0";"0";"г Санкт-Петербург ул Руставели 18";"0,0";"1,0";"1,0";"2,0";
"177,0";"17,02,2018";"Курортный";"";"Столкновение";"";"0";"0";"п Ушково ш Рощинское 42";"0,0";"1,0";"2,0";"2,0";
"178,0";"17,02,2018";"Невский";"";"Столкновение";"";"0";"0";"г Санкт-Петербург пр-кт Большевиков 79 к 1";"0,0";"1,0";"3,0";"4,0";
"179,0";"17,02,2018";"Кировский";"";"Наезд на препятствие";"";"0";"0";"г Санкт-Петербург пр-кт Народного Ополчения 185";"0,0";"1,0";"1,0";"2,0";
"180,0";"17,02,2018";"Колпинский";"";"Наезд на стоящее ТС";"";"0";"0";"п Петро-Славянка ул Софийская 248,0 метров доЛен,д";"0,0";"1,0";"2,0";"2,0";
"181,0";"16,02,2018";"Калининский";"";"Наезд на препятствие";"";"0";"0";"г Санкт-Петербург пр-кт Пискарёвский 56";"0,0";"1,0";"1,0";"1,0";
"182,0";"16,02,2018";"Выборгский";"";"Столкновение";"";"0";"0";"г Санкт-Петербург пр-кт Тореза Рашетова ул,";"0,0";"2,0";"2,0";"4,0";
"183,0";"16,02,2018";"Калининский";"";"Столкновение";"";"0";"0";"г Санкт-Петербург пр-кт Полюстровский 28";"0,0";"1,0";"2,0";"2,0";
"184,0";"16,02,2018";"Петроградский";"";"Столкновение";"";"0";"0";"г Санкт-Петербург пр-кт Каменноостровский 16";"0,0";"1,0";"2,0";"3,0";
"185,0";"16,02,2018";"Выборгский";"";"Наезд на пешехода";"";"0";"0";"г Санкт-Петербург пер 2-й Верхний 5 А";"0,0";"1,0";"1,0";"2,0";
"186,0";"16,02,2018";"Петроградский";"";"Наезд на пешехода";"";"0";"0";"г Санкт-Петербург пр-кт Добролюбова 18";"0,0";"1,0";"1,0";"2,0";
"187,0";"16,02,2018";"Невский";"";"Наезд на пешехода";"";"0";"0";"г Санкт-Петербург  ";"0,0";"1,0";"1,0";"2,0";
"188,0";"16,02,2018";"Центральный";"";"Наезд на стоящее ТС";"";"0";"0";"г Санкт-Петербург пр-кт Лиговский 85";"0,0";"1,0";"2,0";"2,0";
"189,0";"16,02,2018";"Красносельский";"";"Столкновение";"";"0";"0";"г Санкт-Петербург ш Красносельское (Горелово) 4";"0,0";"1,0";"2,0";"2,0";
"190,0";"16,02,2018";"Фрунзенский";"";"Наезд на препятствие";"";"0";"0";"г Санкт-Петербург пр-кт Славы 5";"0,0";"1,0";"1,0";"1,0";
"191,0";"16,02,2018";"Колпинский";"";"Наезд на пешехода";"";"0";"0";"п Металлострой ул Полевая 25";"0,0";"1,0";"1,0";"2,0";
"192,0";"16,02,2018";"Колпинский";"";"Столкновение";"";"0";"0";"г Колпино ш Колпинское и ул,Фидерная";"0,0";"2,0";"2,0";"4,0";
"193,0";"16,02,2018";"Приморский";"";"Наезд на пешехода";"";"0";"0";"г Санкт-Петербург пр-кт Испытателей 22 к 1 по Серебристо";"0,0";"1,0";"1,0";"2,0";
"194,0";"16,02,2018";"Центральный";"";"Наезд на пешехода";"";"0";"0";"г Санкт-Петербург пр-кт Невский 87";"0,0";"1,0";"1,0";"2,0";
"195,0";"16,02,2018";"Красносельский";"";"Наезд на пешехода";"";"0";"0";"г Санкт-Петербург ш Петергофское 5к,1";"0,0";"1,0";"1,0";"2,0";
"196,0";"16,02,2018";"Приморский";"";"Столкновение";"";"0";"0";"п Лисий Нос ш Приморское 114";"0,0";"1,0";"2,0";"3,0";
"197,0";"16,02,2018";"Московский";"";"Наезд на пешехода";"";"0";"0";"г Санкт-Петербург ул Пилотов 18 к,1";"0,0";"1,0";"1,0";"2,0";
"198,0";"16,02,2018";"Выборгский";"";"Столкновение";"";"0";"0";"г Санкт-Петербург пр-кт Культуры 1";"0,0";"1,0";"2,0";"2,0";
"199,0";"16,02,2018";"Петроградский";"";"Наезд на пешехода";"";"0";"0";"г Санкт-Петербург ул Куйбышева 24";"0,0";"1,0";"2,0";"3,0";
"200,0";"16,02,2018";"Калининский";"";"Столкновение";"";"0";"0";"г Санкт-Петербург ул Боткинская 1";"0,0";"1,0";"2,0";"2,0";
"201,0";"16,02,2018";"Фрунзенский";"";"Столкновение";"";"0";"0";"г Санкт-Петербург ул Турку 1";"0,0";"1,0";"4,0";"3,0";
"202,0";"15,02,2018";"Выборгский";"";"Столкновение";"";"0";"0";"г Санкт-Петербург ул Хошимина Выборгское шоссе";"0,0";"1,0";"2,0";"3,0";
"203,0";"15,02,2018";"Калининский";"";"Наезд на пешехода";"";"0";"0";"г Санкт-Петербург пр-кт Гражданский 118";"0,0";"1,0";"1,0";"2,0";
"204,0";"15,02,2018";"Красносельский";"";"Наезд на пешехода";"";"0";"0";"г Санкт-Петербург пр-кт Ветеранов 120";"0,0";"1,0";"1,0";"2,0";
"205,0";"15,02,2018";"Выборгский";"";"Падение пассажира";"";"0";"0";"г Санкт-Петербург б-р Сиреневый 6";"0,0";"1,0";"2,0";"3,0";
"206,0";"15,02,2018";"Невский";"";"Наезд на пешехода";"";"0";"0";"г Санкт-Петербург ул Бабушкина 135";"0,0";"1,0";"1,0";"2,0";
"207,0";"15,02,2018";"Приморский";"";"Столкновение";"";"0";"0";"г Санкт-Петербург пр-кт Сизова пр, Королева";"0,0";"1,0";"2,0";"3,0";
"208,0";"15,02,2018";"Калининский";"";"Столкновение";"";"0";"0";"г Санкт-Петербург пр-кт Маршала Блюхера Пискаревский пр,";"0,0";"1,0";"2,0";"2,0";
"209,0";"15,02,2018";"Красносельский";"";"Столкновение";"А-118 Кольцевая автомобильная дорога вокруг г, Санкт-Петербурга";"82";"800";"г Санкт-Петербург  ";"0,0";"1,0";"4,0";"5,0";
"210,0";"15,02,2018";"Московский";"";"Наезд на препятствие";"";"0";"0";"г Санкт-Петербург ш Московское 3 корп,3";"0,0";"1,0";"1,0";"2,0";
"211,0";"15,02,2018";"Пушкинский";"";"Наезд на стоящее ТС";"";"0";"0";"п Шушары ш Московское 235";"0,0";"1,0";"3,0";"2,0";
"212,0";"15,02,2018";"Василеостровский";"";"Наезд на пешехода";"";"0";"0";"г Санкт-Петербург пр-кт Большой В,О, 37";"0,0";"1,0";"1,0";"2,0";
"213,0";"15,02,2018";"Адмиралтейский";"";"Наезд на пешехода";"";"0";"0";"г Санкт-Петербург ул Галерная 21";"0,0";"1,0";"1,0";"2,0";
"214,0";"15,02,2018";"Кировский";"";"Наезд на пешехода";"";"0";"0";"г Санкт-Петербург  ";"0,0";"1,0";"1,0";"2,0";
"215,0";"15,02,2018";"Красногвардейский";"";"Столкновение";"";"0";"0";"г Санкт-Петербург ул Якорная 6";"0,0";"1,0";"2,0";"2,0";
"216,0";"15,02,2018";"Кировский";"";"Столкновение";"";"0";"0";"г Санкт-Петербург пр-кт Дачный 26";"0,0";"1,0";"2,0";"2,0";
"217,0";"15,02,2018";"Кировский";"";"Наезд на пешехода";"";"0";"0";"г Санкт-Петербург  ";"0,0";"1,0";"2,0";"2,0";
"218,0";"15,02,2018";"Пушкинский";"";"Столкновение";"";"0";"0";"п Шушары ул Первомайская 16";"0,0";"2,0";"2,0";"4,0";
"219,0";"15,02,2018";"Пушкинский";"";"Опрокидывание";"";"0";"0";"п Шушары ул Софийская Усть-ижорское шоссе";"0,0";"1,0";"2,0";"1,0";
"220,0";"14,02,2018";"Василеостровский";"";"Наезд на пешехода";"";"0";"0";"г Санкт-Петербург пр-кт Средний В,О, 1";"0,0";"1,0";"1,0";"2,0";
"221,0";"14,02,2018";"Пушкинский";"";"Падение пассажира";"";"0";"0";"г Пушкин ул Оранжерейная 56";"0,0";"1,0";"1,0";"2,0";
"222,0";"14,02,2018";"Кировский";"";"Столкновение";"";"0";"0";"г Санкт-Петербург ул Автовская 52";"0,0";"1,0";"2,0";"2,0";
"223,0";"14,02,2018";"Адмиралтейский";"";"Падение пассажира";"";"0";"0";"г Санкт-Петербург пр-кт Московский 36";"0,0";"1,0";"1,0";"2,0";
"224,0";"14,02,2018";"Красносельский";"";"Столкновение";"";"0";"0";"г Санкт-Петербург пр-кт Ленинский доблести";"0,0";"1,0";"2,0";"2,0";
"225,0";"14,02,2018";"Выборгский";"";"Падение пассажира";"";"0";"0";"г Санкт-Петербург пр-кт Энгельса 151";"0,0";"1,0";"1,0";"2,0";
"226,0";"14,02,2018";"Калининский";"";"Наезд на пешехода";"";"0";"0";"г Санкт-Петербург ул Чугунная 2а";"0,0";"2,0";"1,0";"3,0";
"227,0";"14,02,2018";"Невский";"";"Столкновение";"";"0";"0";"г Санкт-Петербург пр-кт Дальневосточный 48";"0,0";"1,0";"2,0";"2,0";
"228,0";"14,02,2018";"Красногвардейский";"";"Столкновение";"";"0";"0";"г Санкт-Петербург пр-кт Наставников 41";"0,0";"1,0";"2,0";"2,0";
"229,0";"13,02,2018";"Московский";"";"Столкновение";"";"0";"0";"г Санкт-Петербург пр-кт Космонавтов Ул, Орджоникидзе";"0,0";"2,0";"2,0";"3,0";
"230,0";"13,02,2018";"Центральный";"";"Столкновение";"";"0";"0";"г Санкт-Петербург ул Шпалерная 36";"0,0";"1,0";"2,0";"2,0";
"231,0";"13,02,2018";"Московский";"";"Падение пассажира";"";"0";"0";"г Санкт-Петербург ул Типанова 29";"0,0";"1,0";"1,0";"2,0";
"232,0";"13,02,2018";"Приморский";"";"Столкновение";"";"0";"0";"г Санкт-Петербург наб Чёрной речки 6";"0,0";"1,0";"3,0";"4,0";
"233,0";"13,02,2018";"Пушкинский";"";"Столкновение";"";"0";"0";"г Пушкин ул Автомобильная Сетевая ул,";"0,0";"1,0";"2,0";"2,0";
"234,0";"13,02,2018";"Московский";"";"Наезд на пешехода";"";"0";"0";"г Санкт-Петербург ул Звёздная 11 к,1";"0,0";"1,0";"1,0";"2,0";
"235,0";"13,02,2018";"Приморский";"";"Столкновение";"";"0";"0";"г Санкт-Петербург ул Парашютная Долгоозерная ул,";"0,0";"1,0";"2,0";"2,0";
"236,0";"13,02,2018";"Невский";"";"Столкновение";"";"0";"0";"г Санкт-Петербург ул Коллонтай 21";"0,0";"1,0";"2,0";"3,0";
"237,0";"13,02,2018";"Выборгский";"";"Наезд на пешехода";"";"0";"0";"п Парголово ул Ключевая 2";"0,0";"1,0";"1,0";"2,0";
"238,0";"13,02,2018";"Колпинский";"";"Падение пассажира";"";"0";"0";"г Колпино ул Ижорского Батальона 7";"0,0";"1,0";"1,0";"2,0";
"239,0";"13,02,2018";"Колпинский";"";"Столкновение";"";"0";"0";"г Колпино ул Машиностроителей Заводской пр-кт";"0,0";"2,0";"2,0";"3,0";
"240,0";"12,02,2018";"Фрунзенский";"";"Столкновение";"";"0";"0";"г Санкт-Петербург ул Малая Балканская 40 к,1";"0,0";"1,0";"2,0";"3,0";
"241,0";"12,02,2018";"Приморский";"";"Столкновение";"";"0";"0";"г Санкт-Петербург пр-кт Богатырский Яхтенная ул";"0,0";"2,0";"2,0";"4,0";
"242,0";"12,02,2018";"Невский";"";"Наезд на стоящее ТС";"";"0";"0";"г Санкт-Петербург наб Октябрьская 6";"0,0";"1,0";"3,0";"4,0";
"243,0";"12,02,2018";"Центральный";"";"Наезд на пешехода";"";"0";"0";"г Санкт-Петербург ул Садовая 27";"0,0";"1,0";"1,0";"2,0";
"244,0";"12,02,2018";"Красногвардейский";"";"Наезд на пешехода";"";"0";"0";"г Санкт-Петербург пр-кт Энтузиастов 30, К, 1";"0,0";"1,0";"1,0";"2,0";
"245,0";"12,02,2018";"Выборгский";"";"Столкновение";"";"0";"0";"г Санкт-Петербург пр-кт Энгельса 111";"0,0";"1,0";"3,0";"4,0";
"246,0";"12,02,2018";"Выборгский";"";"Наезд на пешехода";"";"0";"0";"г Санкт-Петербург пр-кт Удельный 27";"0,0";"1,0";"2,0";"2,0";
"247,0";"12,02,2018";"Приморский";"";"Столкновение";"";"0";"0";"г Санкт-Петербург ул Планерная 15";"0,0";"2,0";"2,0";"3,0";
"248,0";"12,02,2018";"Кировский";"";"Столкновение";"";"0";"0";"г Санкт-Петербург пр-кт Стачек 91";"0,0";"3,0";"2,0";"3,0";
"249,0";"12,02,2018";"Выборгский";"";"Столкновение";"";"0";"0";"п Парголово ул Фёдора Абрамова 4-й Верхний пер,";"0,0";"1,0";"5,0";"3,0";
"250,0";"12,02,2018";"Московский";"";"Наезд на пешехода";"";"0";"0";"г Санкт-Петербург ул Алтайская 27";"0,0";"1,0";"1,0";"2,0";
"251,0";"12,02,2018";"Выборгский";"";"Наезд на пешехода";"";"0";"0";"п Парголово ш Выборгское 226";"1,0";"0,0";"2,0";"2,0";
"252,0";"11,02,2018";"Невский";"";"Падение пассажира";"";"0";"0";"г Санкт-Петербург пр-кт Большевиков 19";"0,0";"1,0";"1,0";"2,0";
"253,0";"11,02,2018";"Адмиралтейский";"";"Наезд на стоящее ТС";"";"0";"0";"г Санкт-Петербург пр-кт Лермонтовский 24";"0,0";"1,0";"2,0";"3,0";
"254,0";"11,02,2018";"Выборгский";"";"Наезд на пешехода";"";"0";"0";"г Санкт-Петербург аллея Придорожная 23";"0,0";"3,0";"1,0";"4,0";
"255,0";"11,02,2018";"Калининский";"";"Столкновение";"";"0";"0";"г Санкт-Петербург пр-кт Маршала Блюхера Кондратьевский пр,";"0,0";"2,0";"2,0";"2,0";
"256,0";"11,02,2018";"Невский";"";"Наезд на препятствие";"";"0";"0";"г Санкт-Петербург наб Октябрьская 54";"0,0";"1,0";"1,0";"2,0";
"257,0";"11,02,2018";"Фрунзенский";"";"Наезд на пешехода";"";"0";"0";"г Санкт-Петербург ул Бухарестская 23";"0,0";"1,0";"1,0";"2,0";
"258,0";"11,02,2018";"Красногвардейский";"";"Столкновение";"";"0";"0";"г Санкт-Петербург пр-кт Полюстровский 5";"0,0";"1,0";"2,0";"3,0";
"259,0";"11,02,2018";"Колпинский";"";"Столкновение";"";"0";"0";"г Колпино ул Октябрьская 61";"0,0";"1,0";"4,0";"4,0";
"260,0";"11,02,2018";"Калининский";"";"Наезд на пешехода";"";"0";"0";"г Санкт-Петербург пр-кт Светлановский 62";"0,0";"1,0";"1,0";"2,0";
"261,0";"11,02,2018";"Красносельский";"";"Столкновение";"";"0";"0";"г Санкт-Петербург пр-кт Ленинский пр, Кузнецова";"0,0";"3,0";"2,0";"4,0";
"262,0";"11,02,2018";"Василеостровский";"";"Столкновение";"";"0";"0";"г Санкт-Петербург линия 8-я В,О, 23";"1,0";"3,0";"4,0";"4,0";
"263,0";"11,02,2018";"Фрунзенский";"";"Падение пассажира";"";"0";"0";"г Санкт-Петербург пр-кт Славы 52 по ул, Софийская";"0,0";"1,0";"1,0";"2,0";
"264,0";"11,02,2018";"Центральный";"";"Столкновение";"";"0";"0";"г Санкт-Петербург пр-кт Невский 56";"0,0";"1,0";"2,0";"3,0";
"265,0";"11,02,2018";"Красносельский";"";"Наезд на препятствие";"";"0";"0";"г Красное Село пр-кт Ленина 60";"0,0";"1,0";"1,0";"1,0";
"266,0";"10,02,2018";"Центральный";"";"Наезд на пешехода";"";"0";"0";"г Санкт-Петербург пр-кт Владимирский 12";"0,0";"1,0";"1,0";"2,0";
"267,0";"10,02,2018";"Пушкинский";"";"Столкновение";"";"0";"0";"п Шушары ш Московское 682";"0,0";"1,0";"2,0";"2,0";
"268,0";"10,02,2018";"Колпинский";"";"Наезд на препятствие";"";"0";"0";"г Колпино пр-кт Заводской 32";"0,0";"1,0";"4,0";"1,0";
"269,0";"10,02,2018";"Московский";"";"Наезд на препятствие";"";"0";"0";"г Санкт-Петербург пр-кт Витебский 53 корп 1";"0,0";"1,0";"1,0";"2,0";
"270,0";"10,02,2018";"Московский";"";"Столкновение";"А-118 Кольцевая автомобильная дорога вокруг г, Санкт-Петербурга";"72";"700";"г Санкт-Петербург  ";"0,0";"2,0";"2,0";"3,0";
"271,0";"10,02,2018";"Красносельский";"";"Наезд на препятствие";"";"0";"0";"г Санкт-Петербург пр-кт Ленинский 97";"0,0";"1,0";"1,0";"1,0";
"272,0";"10,02,2018";"Василеостровский";"";"Столкновение";"";"0";"0";"г Санкт-Петербург пр-кт Средний В,О, 36";"0,0";"2,0";"2,0";"4,0";
"273,0";"10,02,2018";"Пушкинский";"";"Столкновение";"";"0";"0";"п Шушары ш Московское 685км";"0,0";"2,0";"2,0";"2,0";
"274,0";"10,02,2018";"Калининский";"";"Наезд на пешехода";"";"0";"0";"г Санкт-Петербург пр-кт Науки 24 кор,1";"0,0";"1,0";"1,0";"2,0";
"275,0";"10,02,2018";"Калининский";"";"Наезд на пешехода";"";"0";"0";"г Санкт-Петербург пр-кт Светлановский 66";"0,0";"1,0";"1,0";"2,0";
"276,0";"10,02,2018";"Адмиралтейский";"";"Наезд на пешехода";"";"0";"0";"г Санкт-Петербург пр-кт Старо-Петергофский 37";"0,0";"1,0";"1,0";"2,0";
"277,0";"10,02,2018";"Адмиралтейский";"";"Наезд на пешехода";"";"0";"0";"г Санкт-Петербург пр-кт Римского-Корсакова 85";"0,0";"1,0";"1,0";"2,0";
"278,0";"09,02,2018";"Выборгский";"";"Столкновение";"";"0";"0";"г Санкт-Петербург ул Политехническая 22";"0,0";"1,0";"2,0";"2,0";
"279,0";"09,02,2018";"Невский";"";"Наезд на пешехода";"";"0";"0";"г Санкт-Петербург наб Октябрьская 70";"0,0";"1,0";"1,0";"2,0";
"280,0";"09,02,2018";"Красногвардейский";"";"Наезд на препятствие";"А-118 Кольцевая автомобильная дорога вокруг г, Санкт-Петербурга";"107";"400";"г Санкт-Петербург  ";"0,0";"1,0";"1,0";"2,0";
"281,0";"09,02,2018";"Выборгский";"";"Столкновение";"";"0";"0";"г Санкт-Петербург пр-кт Энгельса 1 по Выборгскому ш";"0,0";"2,0";"2,0";"3,0";
"282,0";"09,02,2018";"Кировский";"";"Наезд на пешехода";"";"0";"0";"г Санкт-Петербург  ";"0,0";"1,0";"1,0";"2,0";
"283,0";"09,02,2018";"Невский";"";"Столкновение";"";"0";"0";"г Санкт-Петербург пр-кт Обуховской Обороны 151в";"0,0";"1,0";"2,0";"2,0";
"284,0";"09,02,2018";"Красносельский";"";"Наезд на стоящее ТС";"";"0";"0";"г Санкт-Петербург пр-кт Ленинский 75-1";"0,0";"3,0";"3,0";"5,0";
"285,0";"09,02,2018";"Приморский";"";"Столкновение";"";"0";"0";"г Санкт-Петербург пр-кт Новоколомяжский Вербная ул,";"0,0";"1,0";"2,0";"3,0";
"286,0";"09,02,2018";"Центральный";"";"Столкновение";"";"0";"0";"г Санкт-Петербург ул Садовая наб рек Мойки";"0,0";"1,0";"2,0";"2,0";
"287,0";"09,02,2018";"Красносельский";"";"Столкновение";"";"0";"0";"г Санкт-Петербург пр-кт Ленинский 72-1";"0,0";"1,0";"3,0";"4,0";
"288,0";"09,02,2018";"Приморский";"";"Наезд на пешехода";"";"0";"0";"п Лисий Нос ш Приморское у дома 33а по ул, М";"0,0";"1,0";"1,0";"2,0";
"289,0";"09,02,2018";"Калининский";"";"Наезд на пешехода";"";"0";"0";"г Санкт-Петербург пр-кт Культуры 21";"0,0";"1,0";"1,0";"2,0";
"290,0";"09,02,2018";"Московский";"";"Наезд на стоящее ТС";"";"0";"0";"г Санкт-Петербург пр-кт Витебский 3";"0,0";"1,0";"2,0";"2,0";
"291,0";"09,02,2018";"Адмиралтейский";"";"Наезд на пешехода";"";"0";"0";"г Санкт-Петербург пр-кт Римского-Корсакова 41";"0,0";"1,0";"1,0";"2,0";
"292,0";"09,02,2018";"Фрунзенский";"";"Столкновение";"";"0";"0";"г Санкт-Петербург пр-кт Славы 2";"0,0";"1,0";"3,0";"3,0";
"293,0";"09,02,2018";"Невский";"";"Столкновение";"";"0";"0";"г Санкт-Петербург пр-кт Белевский у дома 6Б по ул, Вар";"0,0";"1,0";"2,0";"2,0";
"294,0";"09,02,2018";"Московский";"";"Наезд на стоящее ТС";"";"0";"0";"г Санкт-Петербург  ";"0,0";"1,0";"3,0";"1,0";
"295,0";"09,02,2018";"Курортный";"";"Столкновение";"Зеленогорское шоссе";"11";"300";"г Санкт-Петербург  ";"0,0";"3,0";"2,0";"4,0";
"296,0";"09,02,2018";"Приморский";"";"Наезд на стоящее ТС";"";"0";"0";"г Санкт-Петербург ш Суздальское 28 к1";"0,0";"1,0";"2,0";"2,0";
"297,0";"09,02,2018";"Петродворцовый";"";"Наезд на препятствие";"";"0";"0";"г Ломоносов ш Краснофлотское 60";"0,0";"1,0";"1,0";"1,0";
"298,0";"09,02,2018";"Курортный";"";"Столкновение";"Зеленогорское шоссе";"6";"235";"г Санкт-Петербург  ";"0,0";"1,0";"2,0";"2,0";
"299,0";"09,02,2018";"Невский";"";"Падение пассажира";"";"0";"0";"г Санкт-Петербург ул Шелгунова 10";"0,0";"1,0";"1,0";"2,0";
"300,0";"09,02,2018";"Красносельский";"";"Столкновение";"";"0";"0";"г Красное Село пр-кт Ленина 95";"0,0";"1,0";"3,0";"3,0";
"301,0";"09,02,2018";"Калининский";"";"Столкновение";"";"0";"0";"г Санкт-Петербург пр-кт Кондратьевский 40";"0,0";"1,0";"2,0";"2,0";
"302,0";"09,02,2018";"Курортный";"";"Наезд на препятствие";"";"0";"0";"г Сестрорецк ул Большая Горская 14";"0,0";"1,0";"1,0";"1,0";
"303,0";"09,02,2018";"Василеостровский";"";"Наезд на пешехода";"";"0";"0";"г Санкт-Петербург ул Наличная 51";"0,0";"1,0";"1,0";"2,0";
"304,0";"09,02,2018";"Приморский";"";"Наезд на пешехода";"";"0";"0";"г Санкт-Петербург ул Шаврова 21 к,1";"0,0";"1,0";"1,0";"2,0";
"305,0";"08,02,2018";"Центральный";"";"Наезд на пешехода";"";"0";"0";"г Санкт-Петербург пр-кт Невский Полтавская ул,";"0,0";"1,0";"1,0";"3,0";
"306,0";"08,02,2018";"Пушкинский";"";"Наезд на стоящее ТС";"";"0";"0";"п Шушары ш Колпинское ул,Софийская";"0,0";"1,0";"2,0";"2,0";
"307,0";"08,02,2018";"Калининский";"";"Столкновение";"";"0";"0";"г Санкт-Петербург пр-кт Непокорённых Меньшиковский пр,";"0,0";"1,0";"2,0";"2,0";
"308,0";"08,02,2018";"Московский";"";"Наезд на пешехода";"";"0";"0";"г Санкт-Петербург пр-кт Космонавтов 17";"0,0";"1,0";"1,0";"2,0";
"309,0";"08,02,2018";"Петродворцовый";"";"Столкновение";"";"0";"0";"г Ломоносов ш Краснофлотское 39";"0,0";"1,0";"2,0";"3,0";
"310,0";"08,02,2018";"Красносельский";"";"Столкновение";"";"0";"0";"г Санкт-Петербург б-р Брестский 8";"0,0";"1,0";"2,0";"3,0";
"311,0";"08,02,2018";"Красносельский";"";"Съезд с дороги";"";"0";"0";"г Санкт-Петербург ш Таллинское (Старо-Паново) 85";"0,0";"1,0";"1,0";"1,0";
"312,0";"08,02,2018";"Кировский";"";"Наезд на пешехода";"";"0";"0";"г Санкт-Петербург  ";"0,0";"1,0";"1,0";"2,0";
"313,0";"08,02,2018";"Выборгский";"";"Наезд на пешехода";"";"0";"0";"г Санкт-Петербург ул Хошимина 13 кор,1";"0,0";"1,0";"1,0";"2,0";
"314,0";"08,02,2018";"Василеостровский";"";"Наезд на пешехода";"";"0";"0";"г Санкт-Петербург наб Лейтенанта Шмидта 17";"0,0";"1,0";"1,0";"2,0";
"315,0";"08,02,2018";"Кировский";"";"Наезд на пешехода";"";"0";"0";"г Санкт-Петербург ул Маршала Говорова 28";"0,0";"1,0";"1,0";"2,0";
"316,0";"08,02,2018";"Пушкинский";"";"Наезд на лицо, не являющееся участником дорожного движения, осуществляющее какую-либо другую деятельность";"";"0";"0";"п Шушары ш Московское 682 198";"0,0";"1,0";"2,0";"2,0";
"317,0";"08,02,2018";"Петроградский";"";"Столкновение";"";"0";"0";"г Санкт-Петербург наб Реки Карповки 5п";"0,0";"2,0";"2,0";"3,0";
"318,0";"08,02,2018";"Калининский";"";"Наезд на пешехода";"";"0";"0";"г Санкт-Петербург пр-кт Просвещения 84 1";"0,0";"1,0";"1,0";"2,0";
"319,0";"08,02,2018";"Фрунзенский";"";"Наезд на пешехода";"";"0";"0";"г Санкт-Петербург  ";"0,0";"1,0";"1,0";"2,0";
"320,0";"08,02,2018";"Петродворцовый";"";"Столкновение";"";"0";"0";"г Ломоносов ул Красного Флота 23а";"0,0";"1,0";"2,0";"2,0";
"321,0";"07,02,2018";"Красногвардейский";"";"Столкновение";"";"0";"0";"г Санкт-Петербург пр-кт Косыгина 34";"0,0";"1,0";"3,0";"3,0";
"322,0";"07,02,2018";"Колпинский";"";"Столкновение";"";"0";"0";"п Металлострой проезд Центральный Дорога на Металлостр";"0,0";"1,0";"2,0";"2,0";
"323,0";"07,02,2018";"Невский";"";"Столкновение";"";"0";"0";"г Санкт-Петербург ул Народная 87";"0,0";"1,0";"2,0";"2,0";
"324,0";"07,02,2018";"Калининский";"";"Наезд на пешехода";"";"0";"0";"г Санкт-Петербург пр-кт Гражданский Непокоренных";"0,0";"1,0";"1,0";"2,0";
"325,0";"07,02,2018";"Центральный";"";"Наезд на пешехода";"";"0";"0";"г Санкт-Петербург ул Жуковского 12";"0,0";"1,0";"1,0";"2,0";
"326,0";"07,02,2018";"Калининский";"";"Столкновение";"";"0";"0";"г Санкт-Петербург пр-кт Науки 24";"0,0";"1,0";"2,0";"3,0";
"327,0";"07,02,2018";"Кировский";"";"Наезд на пешехода";"";"0";"0";"г Санкт-Петербург  ";"0,0";"1,0";"1,0";"2,0";
"328,0";"07,02,2018";"Красногвардейский";"";"Столкновение";"";"0";"0";"г Санкт-Петербург пр-кт Большеохтинский 11";"0,0";"1,0";"2,0";"3,0";
"329,0";"07,02,2018";"Адмиралтейский";"";"Наезд на пешехода";"";"0";"0";"г Санкт-Петербург ул Галерная 55";"0,0";"1,0";"1,0";"2,0";
"330,0";"07,02,2018";"Красносельский";"";"Столкновение";"А-118 Кольцевая автомобильная дорога вокруг г, Санкт-Петербурга";"78";"250";"г Санкт-Петербург  ";"0,0";"1,0";"6,0";"4,0";
"331,0";"07,02,2018";"Курортный";"";"Столкновение";"А-181 Скандинавия Санкт-Петербург - Выборг - граница с Финляндской Республикой (основное направление)";"43";"0";"г Сестрорецк  ";"0,0";"2,0";"2,0";"3,0";
"332,0";"07,02,2018";"Фрунзенский";"";"Столкновение";"";"0";"0";"г Санкт-Петербург ул Софийская 32 к 1";"0,0";"1,0";"3,0";"2,0";
"333,0";"07,02,2018";"Выборгский";"";"Наезд на пешехода";"";"0";"0";"г Санкт-Петербург ул Руднева 1";"0,0";"1,0";"1,0";"2,0";
"334,0";"07,02,2018";"Кировский";"";"Столкновение";"";"0";"0";"г Санкт-Петербург пр-кт Дачный Б,Новаторов";"0,0";"1,0";"2,0";"2,0";
"335,0";"07,02,2018";"Пушкинский";"";"Столкновение";"";"0";"0";"г Пушкин ул Широкая 3";"0,0";"1,0";"2,0";"3,0";
"336,0";"07,02,2018";"Красносельский";"";"Столкновение";"";"0";"0";"г Санкт-Петербург пр-кт Ленинский 100";"0,0";"1,0";"2,0";"2,0";
"337,0";"07,02,2018";"Приморский";"";"Наезд на стоящее ТС";"Западный скоростной диаметр";"24";"200";"г Санкт-Петербург  ";"0,0";"1,0";"2,0";"3,0";
"338,0";"07,02,2018";"Приморский";"";"Столкновение";"";"0";"0";"г Санкт-Петербург пр-кт Коломяжский Аэродромная";"0,0";"1,0";"2,0";"2,0";
"339,0";"07,02,2018";"Выборгский";"";"Наезд на пешехода";"";"0";"0";"г Санкт-Петербург пр-кт Энгельса 28";"0,0";"1,0";"1,0";"2,0";
"340,0";"07,02,2018";"Невский";"";"Наезд на пешехода";"";"0";"0";"г Санкт-Петербург пр-кт Обуховской Обороны 39";"0,0";"1,0";"1,0";"2,0";
"341,0";"07,02,2018";"Красногвардейский";"";"Падение пассажира";"";"0";"0";"г Санкт-Петербург пр-кт Металлистов 78 К, 1";"0,0";"1,0";"1,0";"2,0";
"342,0";"06,02,2018";"Адмиралтейский";"";"Наезд на пешехода";"";"0";"0";"г Санкт-Петербург ул Шкапина 18";"0,0";"1,0";"1,0";"2,0";
"343,0";"06,02,2018";"Невский";"";"Столкновение";"";"0";"0";"г Санкт-Петербург пр-кт Обуховской Обороны 38в";"0,0";"1,0";"2,0";"2,0";
"344,0";"06,02,2018";"Кировский";"";"Наезд на пешехода";"";"0";"0";"г Санкт-Петербург  ";"0,0";"2,0";"2,0";"4,0";
"345,0";"06,02,2018";"Адмиралтейский";"";"Наезд на пешехода";"";"0";"0";"г Санкт-Петербург ул 1-я Красноармейская 24";"0,0";"1,0";"1,0";"2,0";
"346,0";"06,02,2018";"Выборгский";"";"Наезд на пешехода";"";"0";"0";"г Санкт-Петербург пр-кт Культуры 22";"0,0";"1,0";"1,0";"2,0";
"347,0";"06,02,2018";"Кировский";"";"Наезд на пешехода";"";"0";"0";"г Санкт-Петербург пр-кт Ветеранов 43";"0,0";"1,0";"1,0";"2,0";
"348,0";"06,02,2018";"Московский";"";"Наезд на пешехода";"";"0";"0";"г Санкт-Петербург ул Варшавская 108";"0,0";"1,0";"1,0";"2,0";
"349,0";"06,02,2018";"Адмиралтейский";"";"Наезд на пешехода";"";"0";"0";"г Санкт-Петербург наб Обводного канала 137";"0,0";"1,0";"1,0";"2,0";
"350,0";"06,02,2018";"Приморский";"";"Наезд на препятствие";"";"0";"0";"г Санкт-Петербург пр-кт Лахтинский 87";"0,0";"1,0";"1,0";"2,0";
"351,0";"06,02,2018";"Невский";"";"Наезд на пешехода";"";"0";"0";"г Санкт-Петербург ул Народная 68 корп,1";"0,0";"1,0";"1,0";"2,0";
"352,0";"05,02,2018";"Фрунзенский";"";"Наезд на пешехода";"";"0";"0";"г Санкт-Петербург ул Будапештская 77";"0,0";"1,0";"1,0";"2,0";
"353,0";"05,02,2018";"Московский";"";"Наезд на препятствие";"";"0";"0";"г Санкт-Петербург пр-кт Витебский 33 корп 1";"0,0";"1,0";"1,0";"2,0";
"354,0";"05,02,2018";"Выборгский";"";"Столкновение";"";"0";"0";"п Парголово ш Юкковское (Осиновая Роща) Приозерское шоссе";"0,0";"1,0";"2,0";"3,0";
"355,0";"05,02,2018";"Адмиралтейский";"";"Наезд на пешехода";"";"0";"0";"г Санкт-Петербург ул Гороховая 15";"0,0";"1,0";"1,0";"2,0";
"356,0";"05,02,2018";"Красносельский";"";"Наезд на препятствие";"";"0";"0";"г Санкт-Петербург ш Петергофское 57";"0,0";"1,0";"1,0";"1,0";
"357,0";"05,02,2018";"Московский";"";"Столкновение";"";"0";"0";"г Санкт-Петербург пр-кт Московский 114";"0,0";"1,0";"2,0";"2,0";
"358,0";"05,02,2018";"Колпинский";"";"Столкновение";"";"0";"0";"г Колпино пр-кт Заводской Веры Слуцкой";"0,0";"1,0";"2,0";"3,0";
"359,0";"05,02,2018";"Пушкинский";"";"Столкновение";"";"0";"0";"п Шушары ш Московское 678 50";"0,0";"1,0";"5,0";"3,0";
"360,0";"05,02,2018";"Калининский";"";"Наезд на пешехода";"";"0";"0";"г Санкт-Петербург пр-кт Гражданский 12";"0,0";"1,0";"1,0";"2,0";
"361,0";"05,02,2018";"Колпинский";"";"Наезд на пешехода";"";"0";"0";"г Колпино пр-кт Заводской 1";"0,0";"1,0";"1,0";"2,0";
"362,0";"05,02,2018";"Приморский";"";"Столкновение";"";"0";"0";"г Санкт-Петербург пр-кт Королёва ул, Шаврова";"0,0";"1,0";"2,0";"2,0";
"363,0";"05,02,2018";"Пушкинский";"";"Столкновение";"";"0";"0";"г Пушкин ш Киевское 25 км";"0,0";"1,0";"7,0";"7,0";
"364,0";"05,02,2018";"Петродворцовый";"";"Наезд на препятствие";"";"0";"0";"г Петергоф ш Санкт-Петербургское 130 кор,1";"1,0";"0,0";"1,0";"1,0";
"365,0";"05,02,2018";"Петроградский";"";"Столкновение";"";"0";"0";"г Санкт-Петербург ул Пионерская 35";"0,0";"1,0";"2,0";"3,0";
"366,0";"05,02,2018";"Приморский";"";"Столкновение";"";"0";"0";"г Санкт-Петербург пр-кт Богатырский Шуваловский пр,";"0,0";"1,0";"2,0";"2,0";
"367,0";"05,02,2018";"Центральный";"";"Столкновение";"";"0";"0";"г Санкт-Петербург ул Белинского 6";"0,0";"1,0";"2,0";"2,0";
"368,0";"05,02,2018";"Петродворцовый";"";"Наезд на препятствие";"";"0";"0";"г Петергоф ул Озерковая 45";"0,0";"1,0";"1,0";"1,0";
"369,0";"05,02,2018";"Фрунзенский";"";"Наезд на пешехода";"";"0";"0";"г Санкт-Петербург ул Купчинская 30-1";"0,0";"1,0";"1,0";"2,0";
"370,0";"05,02,2018";"Пушкинский";"";"Столкновение";"";"0";"0";"г Пушкин ш Киевское 258 км";"0,0";"1,0";"3,0";"3,0";
"371,0";"05,02,2018";"Центральный";"";"Столкновение";"";"0";"0";"г Санкт-Петербург наб Кутузова 24";"0,0";"1,0";"2,0";"3,0";
"372,0";"04,02,2018";"Калининский";"";"Столкновение";"";"0";"0";"г Санкт-Петербург пр-кт Светлановский 85";"0,0";"2,0";"3,0";"5,0";
"373,0";"04,02,2018";"Выборгский";"";"Падение пассажира";"";"0";"0";"г Санкт-Петербург пр-кт Энгельса 111";"0,0";"1,0";"1,0";"2,0";
"374,0";"04,02,2018";"Невский";"";"Наезд на пешехода";"";"0";"0";"г Санкт-Петербург ул Коллонтай 13";"0,0";"1,0";"1,0";"2,0";
"375,0";"04,02,2018";"Красносельский";"";"Наезд на пешехода";"";"0";"0";"г Санкт-Петербург пр-кт Ленинский 67 к,1";"0,0";"1,0";"1,0";"2,0";
"376,0";"04,02,2018";"Выборгский";"";"Столкновение";"";"0";"0";"г Санкт-Петербург пр-кт Тореза 98";"0,0";"1,0";"3,0";"4,0";
"377,0";"04,02,2018";"Московский";"";"Наезд на препятствие";"";"0";"0";"г Санкт-Петербург ш Пулковское 65 к,1";"0,0";"2,0";"1,0";"2,0";
"378,0";"04,02,2018";"Пушкинский";"";"Наезд на препятствие";"А-118 Кольцевая автомобильная дорога вокруг г, Санкт-Петербурга";"62";"300";"г Санкт-Петербург  ";"0,0";"2,0";"1,0";"2,0";
"379,0";"04,02,2018";"Выборгский";"";"Наезд на пешехода";"";"0";"0";"г Санкт-Петербург пр-кт Тореза 65";"0,0";"1,0";"1,0";"2,0";
"380,0";"04,02,2018";"Красносельский";"";"Наезд на пешехода";"";"0";"0";"г Санкт-Петербург пр-кт Героев 26к,1";"0,0";"1,0";"1,0";"2,0";
"381,0";"04,02,2018";"Адмиралтейский";"";"Наезд на пешехода";"";"0";"0";"г Санкт-Петербург ул Звенигородская 5";"0,0";"1,0";"1,0";"2,0";
"382,0";"04,02,2018";"Кировский";"";"Наезд на пешехода";"";"0";"0";"г Санкт-Петербург пр-кт Ленинский 146";"0,0";"1,0";"1,0";"2,0";
"383,0";"04,02,2018";"Василеостровский";"";"Наезд на пешехода";"";"0";"0";"г Санкт-Петербург линия Кадетская В,О, 1";"0,0";"1,0";"1,0";"2,0";
"384,0";"04,02,2018";"Красносельский";"";"Столкновение";"";"0";"0";"г Санкт-Петербург пр-кт Маршала Жукова 54 к,1";"0,0";"1,0";"2,0";"3,0";
"385,0";"04,02,2018";"Фрунзенский";"";"Падение пассажира";"";"0";"0";"г Санкт-Петербург ул Будапештская 92";"0,0";"1,0";"1,0";"2,0";
"386,0";"04,02,2018";"Курортный";"";"Столкновение";"";"0";"0";"г Сестрорецк ш Приморское 261";"1,0";"3,0";"2,0";"6,0";
"387,0";"04,02,2018";"Пушкинский";"";"Столкновение";"";"0";"0";"г Пушкин ш Киевское 23 км 100 метров";"0,0";"2,0";"2,0";"3,0";
"388,0";"04,02,2018";"Приморский";"";"Столкновение";"";"0";"0";"г Санкт-Петербург пер Шишмарёвский школьная";"0,0";"1,0";"2,0";"3,0";
"389,0";"04,02,2018";"Адмиралтейский";"";"Столкновение";"";"0";"0";"г Санкт-Петербург ш Митрофаньевское 15";"0,0";"1,0";"2,0";"3,0";
"390,0";"04,02,2018";"Кировский";"";"Столкновение";"";"0";"0";"г Санкт-Петербург пр-кт Народного Ополчения 28";"0,0";"3,0";"2,0";"4,0";
"391,0";"04,02,2018";"Кировский";"";"Столкновение";"";"0";"0";"г Санкт-Петербург пр-кт Народного Ополчения 189к1";"0,0";"1,0";"2,0";"2,0";
"392,0";"04,02,2018";"Кировский";"";"Столкновение";"";"0";"0";"г Санкт-Петербург пр-кт Стачек ул,Корнеева";"0,0";"1,0";"3,0";"3,0";
"393,0";"03,02,2018";"Пушкинский";"";"Столкновение";"";"0";"0";"г Пушкин ул Парковая Огородная";"0,0";"1,0";"2,0";"2,0";
"394,0";"03,02,2018";"Невский";"";"Столкновение";"";"0";"0";"г Санкт-Петербург наб Октябрьская 50";"0,0";"1,0";"2,0";"2,0";
"395,0";"03,02,2018";"Петроградский";"";"Наезд на пешехода";"";"0";"0";"г Санкт-Петербург парк Александровский 4";"0,0";"1,0";"1,0";"2,0";
"396,0";"03,02,2018";"Приморский";"";"Наезд на пешехода";"";"0";"0";"г Санкт-Петербург пр-кт Королёва 39 к,1";"0,0";"1,0";"1,0";"2,0";
"397,0";"03,02,2018";"Фрунзенский";"";"Наезд на стоящее ТС";"";"0";"0";"г Санкт-Петербург наб Обводного канала 60";"0,0";"1,0";"3,0";"2,0";
"398,0";"03,02,2018";"Приморский";"";"Наезд на пешехода";"";"0";"0";"г Санкт-Петербург дор Торфяная 7";"0,0";"1,0";"1,0";"2,0";
"399,0";"03,02,2018";"Фрунзенский";"";"Наезд на пешехода";"";"0";"0";"г Санкт-Петербург ул Бухарестская 67к,1";"0,0";"2,0";"1,0";"4,0";
"400,0";"03,02,2018";"Приморский";"";"Наезд на пешехода";"";"0";"0";"г Санкт-Петербург пр-кт Королёва 65";"0,0";"1,0";"1,0";"2,0";
"401,0";"03,02,2018";"Красносельский";"";"Падение пассажира";"";"0";"0";"г Санкт-Петербург ул Партизана Германа 2";"0,0";"1,0";"1,0";"2,0";
"402,0";"02,02,2018";"Приморский";"";"Наезд на пешехода";"";"0";"0";"г Санкт-Петербург пр-кт Королёва 47";"0,0";"1,0";"1,0";"2,0";
"403,0";"02,02,2018";"Колпинский";"";"Наезд на пешехода";"";"0";"0";"г Колпино ул Карла Маркса пр, Ленина";"0,0";"1,0";"1,0";"2,0";
"404,0";"02,02,2018";"Калининский";"";"Наезд на пешехода";"";"0";"0";"г Санкт-Петербург ул Фаворского 14";"0,0";"1,0";"1,0";"2,0";
"405,0";"02,02,2018";"Красногвардейский";"";"Столкновение";"";"0";"0";"г Санкт-Петербург ш Революции 20";"0,0";"1,0";"2,0";"3,0";
"406,0";"02,02,2018";"Колпинский";"";"Наезд на пешехода";"";"0";"0";"г Колпино  ";"1,0";"0,0";"1,0";"2,0";
"407,0";"02,02,2018";"Красногвардейский";"";"Наезд на препятствие";"А-118 Кольцевая автомобильная дорога вокруг г, Санкт-Петербурга";"38";"300";"г Санкт-Петербург  ";"0,0";"1,0";"1,0";"1,0";
"408,0";"02,02,2018";"Выборгский";"";"Наезд на пешехода";"";"0";"0";"г Санкт-Петербург пр-кт Ярославский 14";"0,0";"1,0";"1,0";"2,0";
"409,0";"02,02,2018";"Московский";"";"Столкновение";"";"0";"0";"г Санкт-Петербург ш Московское 44 лит,т";"0,0";"1,0";"3,0";"3,0";
"410,0";"02,02,2018";"Кировский";"";"Наезд на пешехода";"";"0";"0";"г Санкт-Петербург  ";"1,0";"0,0";"1,0";"2,0";
"411,0";"02,02,2018";"Калининский";"";"Столкновение";"";"0";"0";"г Санкт-Петербург пр-кт Полюстровский пр,Кондратьевский";"0,0";"1,0";"2,0";"2,0";
"412,0";"02,02,2018";"Московский";"";"Наезд на препятствие";"";"0";"0";"г Санкт-Петербург ул Бассейная 15";"0,0";"1,0";"1,0";"1,0";
"413,0";"02,02,2018";"Кировский";"";"Наезд на препятствие";"";"0";"0";"г Санкт-Петербург пр-кт Стачек 119";"0,0";"1,0";"1,0";"1,0";
"414,0";"02,02,2018";"Выборгский";"";"Наезд на пешехода";"";"0";"0";"г Санкт-Петербург ул Парголовская 8";"0,0";"1,0";"1,0";"2,0";
"415,0";"02,02,2018";"Выборгский";"";"Столкновение";"";"0";"0";"г Санкт-Петербург пр-кт Энгельса 45";"0,0";"1,0";"2,0";"3,0";
"416,0";"02,02,2018";"Курортный";"";"Столкновение";"";"0";"0";"г Сестрорецк ш Приморское 261";"0,0";"3,0";"3,0";"5,0";
"417,0";"02,02,2018";"Пушкинский";"";"Наезд на пешехода";"";"0";"0";"г Пушкин ул Малая 27 12";"0,0";"1,0";"1,0";"2,0";
"418,0";"02,02,2018";"Московский";"";"Столкновение";"";"0";"0";"г Санкт-Петербург наб Обводного канала 92";"0,0";"1,0";"2,0";"3,0";
"419,0";"01,02,2018";"Красносельский";"";"Столкновение";"";"0";"0";"г Санкт-Петербург пр-кт Ленинский Брестский бул,";"0,0";"1,0";"2,0";"2,0";
"420,0";"01,02,2018";"Колпинский";"";"Наезд на пешехода";"";"0";"0";"п Металлострой ш Петрозаводское д22 по ул,Садовая";"0,0";"1,0";"1,0";"2,0";
"421,0";"01,02,2018";"Приморский";"";"Столкновение";"";"0";"0";"г Санкт-Петербург ул Савушкина Туристская ул";"0,0";"1,0";"3,0";"3,0";
"422,0";"01,02,2018";"Василеостровский";"";"Наезд на препятствие";"Западный скоростной диаметр";"27";"700";"г Санкт-Петербург  ";"0,0";"2,0";"3,0";"3,0";
"423,0";"01,02,2018";"Московский";"";"Падение пассажира";"";"0";"0";"г Санкт-Петербург ул Стартовая 5";"0,0";"1,0";"1,0";"2,0";
"424,0";"01,02,2018";"Приморский";"";"Столкновение";"";"0";"0";"г Санкт-Петербург ул Маршала Новикова Королёва пр,";"0,0";"1,0";"2,0";"2,0";
"425,0";"01,02,2018";"Кировский";"";"Столкновение";"";"0";"0";"г Санкт-Петербург ул Калинина Промышленная";"0,0";"1,0";"2,0";"2,0";
"426,0";"01,02,2018";"Красносельский";"";"Наезд на пешехода";"";"0";"0";"г Санкт-Петербург ш Петергофское 1-1";"0,0";"1,0";"1,0";"2,0";
"427,0";"01,02,2018";"Курортный";"";"Наезд на препятствие";"А-181 Скандинавия Санкт-Петербург - Выборг - граница с Финляндской Республикой (основное направление)";"41";"0";"г Санкт-Петербург  ";"0,0";"1,0";"1,0";"2,0";
"428,0";"01,02,2018";"Калининский";"";"Наезд на препятствие";"";"0";"0";"г Санкт-Петербург пр-кт Просвещения 91";"0,0";"1,0";"3,0";"1,0";
"429,0";"01,02,2018";"Выборгский";"";"Наезд на пешехода";"";"0";"0";"г Санкт-Петербург пр-кт Энгельса 139 21";"0,0";"1,0";"1,0";"2,0";
"430,0";"01,02,2018";"Центральный";"";"Наезд на пешехода";"";"0";"0";"г Санкт-Петербург ул Черняховского 5";"0,0";"1,0";"1,0";"2,0";
"431,0";"01,02,2018";"Невский";"";"Наезд на пешехода";"";"0";"0";"г Санкт-Петербург пр-кт Дальневосточный 13";"0,0";"1,0";"1,0";"2,0";
"432,0";"01,02,2018";"Центральный";"";"Столкновение";"";"0";"0";"г Санкт-Петербург наб Синопская 74";"0,0";"1,0";"2,0";"3,0";
"433,0";"01,02,2018";"Адмиралтейский";"";"Наезд на пешехода";"";"0";"0";"г Санкт-Петербург ул 1-я Красноармейская 22";"0,0";"1,0";"1,0";"2,0";