"1,0";"31,01,2018";"Кировский";"";"Наезд на пешехода";"";"0";"0";"г Санкт-Петербург пр-кт Ветеранов 9";"1,0";"1,0";"1,0";"3,0";
"3,0";"31,01,2018";"Красносельский";"";"Столкновение";"";"0";"0";"г Санкт-Петербург ул Маршала Захарова 27";"0,0";"1,0";"3,0";"3,0";
"4,0";"31,01,2018";"Приморский";"";"Наезд на пешехода";"";"0";"0";"г Санкт-Петербург ул Матроса Железняка 5";"0,0";"1,0";"1,0";"2,0";
"5,0";"31,01,2018";"Невский";"";"Наезд на пешехода";"";"0";"0";"г Санкт-Петербург ул Коллонтай 31 кор2";"0,0";"1,0";"1,0";"2,0";
"6,0";"31,01,2018";"Красносельский";"";"Наезд на пешехода";"";"0";"0";"г Санкт-Петербург ул Авангардная 27 115";"0,0";"1,0";"2,0";"3,0";
"7,0";"31,01,2018";"Фрунзенский";"";"Наезд на пешехода";"";"0";"0";"г Санкт-Петербург ул Бухарестская 3 по ул, Белы Куна";"0,0";"1,0";"1,0";"2,0";
"8,0";"31,01,2018";"Приморский";"";"Падение пассажира";"";"0";"0";"г Санкт-Петербург ул Планерная 63";"0,0";"1,0";"1,0";"2,0";
"9,0";"31,01,2018";"Невский";"";"Наезд на пешехода";"";"0";"0";"г Санкт-Петербург пр-кт Большевиков 37-1";"1,0";"0,0";"1,0";"2,0";
"10,0";"31,01,2018";"Приморский";"";"Наезд на пешехода";"";"0";"0";"г Санкт-Петербург пр-кт Комендантский 32 к,1";"0,0";"1,0";"1,0";"2,0";
"11,0";"31,01,2018";"Выборгский";"";"Наезд на стоящее ТС";"";"0";"0";"г Санкт-Петербург  ";"0,0";"1,0";"2,0";"1,0";
"12,0";"31,01,2018";"Выборгский";"";"Наезд на пешехода";"";"0";"0";"г Санкт-Петербург  ";"0,0";"1,0";"1,0";"2,0";
"13,0";"31,01,2018";"Курортный";"";"Столкновение";"";"0";"0";"г Зеленогорск пр-кт Ленина 44";"0,0";"1,0";"2,0";"2,0";
"14,0";"31,01,2018";"Московский";"";"Наезд на пешехода";"";"0";"0";"г Санкт-Петербург ул Предпортовая 5";"1,0";"1,0";"1,0";"3,0";
"15,0";"31,01,2018";"Кировский";"";"Столкновение";"";"0";"0";"г Санкт-Петербург ул Корабельная Кронштадтская ул,";"0,0";"1,0";"2,0";"2,0";
"16,0";"30,01,2018";"Красносельский";"";"Столкновение";"А-118 Кольцевая автомобильная дорога вокруг г, Санкт-Петербурга";"62";"900";"г Санкт-Петербург  ";"0,0";"1,0";"3,0";"3,0";
"17,0";"30,01,2018";"Адмиралтейский";"";"Столкновение";"";"0";"0";"г Санкт-Петербург ул Садовая 37";"0,0";"1,0";"2,0";"2,0";
"18,0";"30,01,2018";"Пушкинский";"";"Наезд на стоящее ТС";"";"0";"0";"п Шушары ул Софийская 96";"0,0";"1,0";"3,0";"2,0";
"19,0";"30,01,2018";"Кировский";"";"Наезд на пешехода";"";"0";"0";"г Санкт-Петербург пр-кт Трамвайный 4";"0,0";"1,0";"1,0";"2,0";
"20,0";"30,01,2018";"Красногвардейский";"";"Столкновение";"";"0";"0";"г Санкт-Петербург пр-кт Косыгина 33";"0,0";"1,0";"2,0";"2,0";
"21,0";"30,01,2018";"Кировский";"";"Наезд на пешехода";"";"0";"0";"г Санкт-Петербург ул Маршала Говорова 19";"0,0";"1,0";"1,0";"2,0";
"22,0";"30,01,2018";"Кировский";"";"Наезд на пешехода";"";"0";"0";"г Санкт-Петербург пр-кт Стачек 40";"0,0";"1,0";"1,0";"2,0";
"23,0";"30,01,2018";"Центральный";"";"Наезд на пешехода";"";"0";"0";"г Санкт-Петербург ул Константина Заслонова 15";"0,0";"1,0";"1,0";"2,0";
"24,0";"30,01,2018";"Невский";"";"Столкновение";"";"0";"0";"г Санкт-Петербург ул Народная 5";"0,0";"2,0";"2,0";"2,0";
"25,0";"30,01,2018";"Московский";"";"Наезд на пешехода";"";"0";"0";"г Санкт-Петербург пр-кт Новоизмайловский 26к1";"0,0";"1,0";"1,0";"2,0";
"26,0";"30,01,2018";"Калининский";"";"Наезд на пешехода";"";"0";"0";"г Санкт-Петербург ул Ушинского 9 1";"0,0";"1,0";"1,0";"2,0";
"27,0";"30,01,2018";"Красносельский";"";"Наезд на пешехода";"";"0";"0";"г Санкт-Петербург ул Партизана Германа 38 215";"0,0";"1,0";"2,0";"2,0";
"28,0";"30,01,2018";"Центральный";"";"Столкновение";"";"0";"0";"г Санкт-Петербург пр-кт Невский 13 9";"0,0";"1,0";"2,0";"3,0";
"29,0";"29,01,2018";"Приморский";"";"Наезд на препятствие";"";"0";"0";"г Санкт-Петербург пр-кт Приморский 91(напротив)";"0,0";"1,0";"1,0";"2,0";
"30,0";"29,01,2018";"Красносельский";"";"Наезд на пешехода";"";"0";"0";"г Санкт-Петербург ш Санкт-Петербургское 1";"0,0";"1,0";"1,0";"2,0";
"31,0";"29,01,2018";"Кировский";"";"Столкновение";"";"0";"0";"г Санкт-Петербург пр-кт Трамвайный пр,Н,Ополчения";"0,0";"1,0";"4,0";"4,0";
"32,0";"29,01,2018";"Приморский";"";"Столкновение";"А-118 Кольцевая автомобильная дорога вокруг г, Санкт-Петербурга";"140";"970";"г Санкт-Петербург  ";"0,0";"2,0";"4,0";"5,0";
"33,0";"29,01,2018";"Кировский";"";"Столкновение";"";"0";"0";"г Санкт-Петербург пр-кт Стачек Ленинский пр,";"0,0";"1,0";"4,0";"4,0";
"34,0";"29,01,2018";"Красногвардейский";"";"Наезд на стоящее ТС";"";"0";"0";"г Санкт-Петербург пр-кт Заневский 75";"0,0";"10,0";"2,0";"12,0";
"35,0";"29,01,2018";"Невский";"";"Столкновение";"";"0";"0";"г Санкт-Петербург ул Подвойского 24";"0,0";"1,0";"3,0";"2,0";
"36,0";"29,01,2018";"Петроградский";"";"Наезд на пешехода";"";"0";"0";"г Санкт-Петербург ул Яблочкова 12";"0,0";"1,0";"1,0";"2,0";
"37,0";"29,01,2018";"Колпинский";"";"Наезд на препятствие";"";"0";"0";"г Колпино пр-кт Заводской 18";"0,0";"1,0";"1,0";"1,0";
"38,0";"29,01,2018";"Василеостровский";"";"Столкновение";"";"0";"0";"г Санкт-Петербург наб Лейтенанта Шмидта 21 лит А";"0,0";"2,0";"2,0";"3,0";
"39,0";"29,01,2018";"Красносельский";"";"Столкновение";"";"0";"0";"г Санкт-Петербург ул Маршала Захарова Брестский б-р";"0,0";"1,0";"2,0";"3,0";
"40,0";"29,01,2018";"Невский";"";"Столкновение";"";"0";"0";"г Санкт-Петербург наб Октябрьская 34";"0,0";"2,0";"4,0";"5,0";
"41,0";"29,01,2018";"Красносельский";"";"Наезд на пешехода";"";"0";"0";"г Санкт-Петербург ул Тамбасова 25";"0,0";"1,0";"1,0";"2,0";
"42,0";"29,01,2018";"Пушкинский";"";"Столкновение";"А-118 Кольцевая автомобильная дорога вокруг г, Санкт-Петербурга";"62";"100";"г Санкт-Петербург  ";"0,0";"1,0";"5,0";"5,0";
"43,0";"29,01,2018";"Красносельский";"";"Падение пассажира";"";"0";"0";"г Санкт-Петербург пр-кт Маршала Жукова 72-1";"0,0";"1,0";"1,0";"2,0";
"44,0";"29,01,2018";"Приморский";"";"Падение пассажира";"";"0";"0";"г Санкт-Петербург дор Торфяная 8 к,3";"0,0";"1,0";"1,0";"2,0";
"45,0";"29,01,2018";"Невский";"";"Столкновение";"";"0";"0";"г Санкт-Петербург наб Октябрьская 6";"0,0";"1,0";"3,0";"4,0";
"46,0";"29,01,2018";"Колпинский";"";"Наезд на пешехода";"";"0";"0";"г Колпино ул Тверская Ремизова";"0,0";"1,0";"1,0";"2,0";
"47,0";"29,01,2018";"Курортный";"";"Наезд на препятствие";"Зеленогорское шоссе";"14";"900";"г Санкт-Петербург  ";"0,0";"3,0";"1,0";"4,0";
"48,0";"29,01,2018";"Центральный";"";"Столкновение";"";"0";"0";"г Санкт-Петербург пр-кт Лиговский Рязанский";"0,0";"1,0";"2,0";"3,0";
"49,0";"29,01,2018";"Московский";"";"Наезд на пешехода";"";"0";"0";"г Санкт-Петербург пр-кт Космонавтов 45";"0,0";"1,0";"1,0";"2,0";
"50,0";"29,01,2018";"Приморский";"";"Столкновение";"А-118 Кольцевая автомобильная дорога вокруг г, Санкт-Петербурга";"140";"900";"г Санкт-Петербург  ";"0,0";"1,0";"4,0";"4,0";
"51,0";"29,01,2018";"Калининский";"";"Столкновение";"";"0";"0";"г Санкт-Петербург наб Арсенальная 1";"0,0";"2,0";"3,0";"5,0";
"52,0";"28,01,2018";"Курортный";"";"Столкновение";"";"0";"0";"п Репино ш Зеленогорское 12";"0,0";"1,0";"2,0";"2,0";
"53,0";"28,01,2018";"Выборгский";"";"Наезд на пешехода";"";"0";"0";"г Санкт-Петербург пр-кт Тореза 65";"0,0";"1,0";"1,0";"2,0";
"54,0";"28,01,2018";"Невский";"";"Наезд на пешехода";"";"0";"0";"г Санкт-Петербург  ";"0,0";"1,0";"1,0";"2,0";
"55,0";"28,01,2018";"Центральный";"";"Столкновение";"";"0";"0";"г Санкт-Петербург наб Синопская 52";"0,0";"3,0";"2,0";"4,0";
"56,0";"28,01,2018";"Невский";"";"Наезд на стоящее ТС";"";"0";"0";"г Санкт-Петербург пр-кт Большевиков 15";"0,0";"3,0";"3,0";"5,0";
"57,0";"28,01,2018";"Выборгский";"";"Столкновение";"";"0";"0";"г Санкт-Петербург пр-кт Энгельса Северный пр,";"0,0";"1,0";"2,0";"3,0";
"58,0";"28,01,2018";"Невский";"";"Наезд на пешехода";"";"0";"0";"г Санкт-Петербург ул Дыбенко 24 корпус 1";"0,0";"2,0";"1,0";"3,0";
"59,0";"28,01,2018";"Красносельский";"";"Наезд на препятствие";"А-118 Кольцевая автомобильная дорога вокруг г, Санкт-Петербурга";"63";"300";"г Санкт-Петербург  ";"0,0";"2,0";"1,0";"3,0";
"60,0";"27,01,2018";"Выборгский";"";"Наезд на велосипедиста";"";"0";"0";"г Санкт-Петербург ул Жака Дюкло 3";"0,0";"1,0";"2,0";"2,0";
"61,0";"27,01,2018";"Колпинский";"";"Столкновение";"";"0";"0";"г Колпино ш Колпинское 330м, до Софийской";"0,0";"1,0";"3,0";"3,0";
"62,0";"27,01,2018";"Петроградский";"";"Наезд на препятствие";"";"0";"0";"г Санкт-Петербург пл Троицкая П,С, 1";"0,0";"1,0";"1,0";"2,0";
"63,0";"27,01,2018";"Колпинский";"";"Наезд на препятствие";"";"0";"0";"п Понтонный ш Петрозаводское 35";"0,0";"2,0";"1,0";"2,0";
"64,0";"27,01,2018";"Центральный";"";"Наезд на препятствие";"";"0";"0";"г Санкт-Петербург наб Дворцовая Троицкий мост";"0,0";"1,0";"1,0";"1,0";
"65,0";"27,01,2018";"Кировский";"";"Столкновение";"";"0";"0";"г Санкт-Петербург пр-кт Маршала Жукова пр Ветеранов";"0,0";"5,0";"2,0";"6,0";
"66,0";"27,01,2018";"Московский";"";"Наезд на пешехода";"";"0";"0";"г Санкт-Петербург ул Варшавская 54";"0,0";"1,0";"1,0";"2,0";
"67,0";"27,01,2018";"Выборгский";"";"Наезд на пешехода";"";"0";"0";"г Санкт-Петербург б-р Поэтический 18 кор,1 по пр,Худож";"1,0";"0,0";"1,0";"2,0";
"68,0";"27,01,2018";"Выборгский";"";"Наезд на пешехода";"";"0";"0";"п Парголово ул Михаила Дудина 12";"0,0";"1,0";"1,0";"2,0";
"69,0";"27,01,2018";"Центральный";"";"Столкновение";"";"0";"0";"г Санкт-Петербург наб Дворцовая 20";"0,0";"1,0";"2,0";"3,0";
"70,0";"27,01,2018";"Московский";"";"Наезд на стоящее ТС";"";"0";"0";"г Санкт-Петербург ш Пулковское 35";"0,0";"1,0";"2,0";"2,0";
"71,0";"27,01,2018";"Приморский";"";"Наезд на препятствие";"";"0";"0";"г Санкт-Петербург пр-кт Лахтинский 122";"0,0";"1,0";"1,0";"1,0";
"72,0";"27,01,2018";"Кировский";"";"Столкновение";"";"0";"0";"г Санкт-Петербург ул Маршала Говорова 11 по пер, Огородный";"0,0";"1,0";"2,0";"2,0";
"73,0";"27,01,2018";"Невский";"";"Наезд на пешехода";"";"0";"0";"г Санкт-Петербург ул Народная 8";"0,0";"1,0";"1,0";"2,0";
"74,0";"27,01,2018";"Выборгский";"";"Столкновение";"";"0";"0";"г Санкт-Петербург пр-кт Большой Сампсониевский 23";"0,0";"1,0";"2,0";"2,0";
"75,0";"26,01,2018";"Курортный";"";"Падение пассажира";"";"0";"0";"г Сестрорецк ул Токарева 13А";"0,0";"1,0";"1,0";"2,0";
"76,0";"26,01,2018";"Московский";"";"Наезд на пешехода";"";"0";"0";"г Санкт-Петербург ул Бассейная космонавтов";"0,0";"1,0";"1,0";"2,0";
"77,0";"26,01,2018";"Курортный";"";"Столкновение";"";"0";"0";"г Зеленогорск пр-кт Ленина 88";"0,0";"1,0";"2,0";"3,0";
"78,0";"26,01,2018";"Выборгский";"";"Наезд на пешехода";"";"0";"0";"г Санкт-Петербург ул Кантемировская 33";"0,0";"1,0";"1,0";"2,0";
"79,0";"26,01,2018";"Приморский";"";"Наезд на пешехода";"";"0";"0";"г Санкт-Петербург ул Студенческая 2 по Земледельческой";"0,0";"1,0";"1,0";"2,0";
"80,0";"26,01,2018";"Фрунзенский";"";"Наезд на пешехода";"";"0";"0";"г Санкт-Петербург ул Салова 2 Б по Софийской";"1,0";"0,0";"1,0";"2,0";
"81,0";"26,01,2018";"Красногвардейский";"";"Наезд на пешехода";"";"0";"0";"г Санкт-Петербург пр-кт Ириновский 41-1";"0,0";"1,0";"1,0";"2,0";
"82,0";"26,01,2018";"Колпинский";"";"Столкновение";"";"0";"0";"г Колпино ул Красная Новгородская";"0,0";"1,0";"2,0";"3,0";
"83,0";"26,01,2018";"Красносельский";"";"Столкновение";"";"0";"0";"г Красное Село ул Первого Мая 3";"0,0";"1,0";"2,0";"2,0";
"84,0";"26,01,2018";"Приморский";"";"Столкновение";"Западный скоростной диаметр";"21";"0";"г Санкт-Петербург  ";"0,0";"2,0";"2,0";"3,0";
"85,0";"26,01,2018";"Выборгский";"";"Наезд на пешехода";"";"0";"0";"г Санкт-Петербург б-р Поэтический 17";"0,0";"1,0";"1,0";"2,0";
"86,0";"26,01,2018";"Фрунзенский";"";"Наезд на пешехода";"";"0";"0";"г Санкт-Петербург ул Белы Куна 74 3 по Бухарестской";"0,0";"1,0";"1,0";"2,0";
"87,0";"26,01,2018";"Выборгский";"";"Наезд на пешехода";"";"0";"0";"г Санкт-Петербург  ";"0,0";"1,0";"1,0";"2,0";
"88,0";"26,01,2018";"Московский";"";"Наезд на пешехода";"";"0";"0";"г Санкт-Петербург ул Авиационная юрия гагарина";"0,0";"1,0";"1,0";"2,0";
"89,0";"26,01,2018";"Красносельский";"";"Столкновение";"";"0";"0";"г Санкт-Петербург ул Маршала Захарова Десантников";"0,0";"1,0";"2,0";"2,0";
"90,0";"25,01,2018";"Кировский";"";"Столкновение";"";"0";"0";"г Санкт-Петербург ул Краснопутиловская 69";"0,0";"1,0";"2,0";"3,0";
"91,0";"25,01,2018";"Невский";"";"Столкновение";"";"0";"0";"г Санкт-Петербург пр-кт Дальневосточный 46";"0,0";"1,0";"3,0";"4,0";
"92,0";"25,01,2018";"Приморский";"";"Столкновение";"";"0";"0";"г Санкт-Петербург пр-кт Богатырский 36";"0,0";"1,0";"2,0";"3,0";
"93,0";"25,01,2018";"Выборгский";"";"Наезд на пешехода";"";"0";"0";"г Санкт-Петербург  ";"0,0";"1,0";"1,0";"2,0";
"94,0";"25,01,2018";"Петродворцовый";"";"Наезд на пешехода";"";"0";"0";"г Петергоф пер Мастеровой 3";"0,0";"1,0";"1,0";"2,0";
"95,0";"25,01,2018";"Центральный";"";"Столкновение";"";"0";"0";"г Санкт-Петербург наб Обводного канала Боровая ул";"0,0";"1,0";"2,0";"2,0";
"96,0";"25,01,2018";"Пушкинский";"";"Наезд на пешехода";"";"0";"0";"п Шушары ш Московское 677км";"0,0";"1,0";"3,0";"3,0";
"97,0";"25,01,2018";"Центральный";"";"Наезд на пешехода";"";"0";"0";"г Санкт-Петербург ул Гончарная 15А";"0,0";"1,0";"1,0";"2,0";
"98,0";"25,01,2018";"Пушкинский";"";"Столкновение";"";"0";"0";"п Шушары ш Московское 677км";"0,0";"2,0";"2,0";"4,0";
"99,0";"25,01,2018";"Пушкинский";"";"Наезд на стоящее ТС";"А-118 Кольцевая автомобильная дорога вокруг г, Санкт-Петербурга";"78";"516";"г Санкт-Петербург  ";"0,0";"1,0";"6,0";"5,0";
"100,0";"25,01,2018";"Выборгский";"";"Столкновение";"";"0";"0";"п Парголово ш Горское 165 8";"0,0";"4,0";"3,0";"4,0";
"101,0";"25,01,2018";"Центральный";"";"Столкновение";"";"0";"0";"г Санкт-Петербург наб Обводного канала Боровая";"0,0";"1,0";"2,0";"3,0";
"102,0";"25,01,2018";"Центральный";"";"Столкновение";"";"0";"0";"г Санкт-Петербург ул Садовая наб, Мойки";"0,0";"1,0";"2,0";"3,0";
"103,0";"25,01,2018";"Курортный";"";"Столкновение";"Зеленогорское шоссе";"6";"86";"г Санкт-Петербург  ";"0,0";"1,0";"3,0";"4,0";
"104,0";"25,01,2018";"Московский";"";"Наезд на препятствие";"";"0";"0";"г Санкт-Петербург пр-кт Московский 55 к, 5 по Варшавско";"0,0";"2,0";"1,0";"2,0";
"105,0";"25,01,2018";"Калининский";"";"Наезд на пешехода";"";"0";"0";"г Санкт-Петербург ул Ушинского 5корпус1";"0,0";"1,0";"1,0";"2,0";
"106,0";"25,01,2018";"Красносельский";"";"Наезд на пешехода";"";"0";"0";"г Санкт-Петербург ш Петергофское 5, корп,1";"0,0";"1,0";"1,0";"2,0";
"107,0";"24,01,2018";"Кировский";"";"Падение пассажира";"";"0";"0";"г Санкт-Петербург пр-кт Ленинский 127";"0,0";"1,0";"1,0";"2,0";
"108,0";"24,01,2018";"Калининский";"";"Столкновение";"";"0";"0";"г Санкт-Петербург пр-кт Светлановский 78 В";"0,0";"1,0";"3,0";"3,0";
"109,0";"24,01,2018";"Фрунзенский";"";"Столкновение";"";"0";"0";"г Санкт-Петербург ул Димитрова 22 к, 3";"0,0";"1,0";"2,0";"2,0";
"110,0";"24,01,2018";"Кировский";"";"Наезд на стоящее ТС";"";"0";"0";"г Санкт-Петербург пр-кт Стачек 108";"0,0";"1,0";"2,0";"3,0";
"111,0";"24,01,2018";"Кировский";"";"Столкновение";"";"0";"0";"г Санкт-Петербург пр-кт Стачек 142";"0,0";"1,0";"2,0";"2,0";
"112,0";"24,01,2018";"Приморский";"";"Наезд на пешехода";"";"0";"0";"г Санкт-Петербург ул Оскаленко 10";"0,0";"1,0";"1,0";"2,0";
"113,0";"24,01,2018";"Центральный";"";"Падение пассажира";"";"0";"0";"г Санкт-Петербург пр-кт Невский 184";"0,0";"1,0";"1,0";"2,0";
"114,0";"24,01,2018";"Приморский";"";"Наезд на пешехода";"";"0";"0";"г Санкт-Петербург пр-кт Богатырский 8";"0,0";"1,0";"1,0";"2,0";
"115,0";"24,01,2018";"Приморский";"";"Столкновение";"";"0";"0";"г Санкт-Петербург ш Суздальское дорога на Каменку";"0,0";"1,0";"3,0";"4,0";
"116,0";"24,01,2018";"Петроградский";"";"Наезд на велосипедиста";"";"0";"0";"г Санкт-Петербург пл Троицкая П,С, 1";"0,0";"1,0";"2,0";"2,0";
"117,0";"24,01,2018";"Красносельский";"";"Наезд на пешехода";"";"0";"0";"г Санкт-Петербург ш Петергофское 51";"0,0";"1,0";"1,0";"2,0";
"118,0";"24,01,2018";"Московский";"";"Наезд на пешехода";"";"0";"0";"г Санкт-Петербург ул Бассейная 20";"0,0";"1,0";"1,0";"2,0";
"119,0";"24,01,2018";"Адмиралтейский";"";"Наезд на пешехода";"";"0";"0";"г Санкт-Петербург ул Декабристов 28";"0,0";"1,0";"1,0";"2,0";
"120,0";"24,01,2018";"Василеостровский";"";"Наезд на стоящее ТС";"";"0";"0";"г Санкт-Петербург наб Лейтенанта Шмидта 11";"0,0";"1,0";"4,0";"2,0";
"121,0";"24,01,2018";"Московский";"";"Наезд на пешехода";"";"0";"0";"г Санкт-Петербург пр-кт Московский 106";"0,0";"1,0";"1,0";"2,0";
"122,0";"24,01,2018";"Адмиралтейский";"";"Столкновение";"";"0";"0";"г Санкт-Петербург пр-кт Московский 16";"0,0";"1,0";"2,0";"2,0";
"123,0";"24,01,2018";"Адмиралтейский";"";"Столкновение";"";"0";"0";"г Санкт-Петербург ул 1-я Красноармейская 10";"0,0";"2,0";"3,0";"3,0";
"124,0";"24,01,2018";"Фрунзенский";"";"Столкновение";"";"0";"0";"г Санкт-Петербург пр-кт Лиговский 162";"0,0";"1,0";"2,0";"2,0";
"125,0";"24,01,2018";"Петроградский";"";"Наезд на пешехода";"";"0";"0";"г Санкт-Петербург пр-кт Большой П,С, 37";"0,0";"1,0";"1,0";"2,0";
"126,0";"23,01,2018";"Невский";"";"Столкновение";"";"0";"0";"г Санкт-Петербург пр-кт Дальневосточный 9";"0,0";"1,0";"2,0";"2,0";
"127,0";"23,01,2018";"Красносельский";"";"Наезд на пешехода";"";"0";"0";"г Санкт-Петербург ш Красносельское (Горелово) 21";"0,0";"1,0";"1,0";"2,0";
"128,0";"23,01,2018";"Петроградский";"";"Столкновение";"";"0";"0";"г Санкт-Петербург ул Куйбышева 2";"0,0";"1,0";"2,0";"2,0";
"129,0";"23,01,2018";"Калининский";"";"Столкновение";"";"0";"0";"г Санкт-Петербург ул Жукова 9";"0,0";"2,0";"3,0";"5,0";
"130,0";"23,01,2018";"Адмиралтейский";"";"Наезд на пешехода";"";"0";"0";"г Санкт-Петербург пр-кт Рижский 76 6";"0,0";"1,0";"1,0";"2,0";
"131,0";"23,01,2018";"Колпинский";"";"Наезд на пешехода";"";"0";"0";"г Колпино  ";"0,0";"1,0";"1,0";"2,0";
"132,0";"23,01,2018";"Красносельский";"";"Столкновение";"";"0";"0";"г Красное Село пр-кт Ленина 19";"0,0";"1,0";"2,0";"3,0";
"133,0";"23,01,2018";"Центральный";"";"Наезд на пешехода";"";"0";"0";"г Санкт-Петербург пл Конюшенная 2";"0,0";"1,0";"1,0";"2,0";
"134,0";"23,01,2018";"Красногвардейский";"";"Наезд на пешехода";"";"0";"0";"г Санкт-Петербург пл Карла Фаберже 8";"0,0";"1,0";"1,0";"2,0";
"135,0";"23,01,2018";"Петродворцовый";"";"Наезд на стоящее ТС";"";"0";"0";"г Петергоф пр-кт Санкт-Петербургский 29";"0,0";"2,0";"2,0";"4,0";
"136,0";"23,01,2018";"Красносельский";"";"Столкновение";"";"0";"0";"г Санкт-Петербург ш Санкт-Петербургское 1";"0,0";"1,0";"4,0";"4,0";
"137,0";"23,01,2018";"Красногвардейский";"";"Наезд на препятствие";"";"0";"0";"г Санкт-Петербург пр-кт Индустриальный 18";"0,0";"1,0";"1,0";"2,0";
"138,0";"23,01,2018";"Приморский";"";"Столкновение";"";"0";"0";"г Санкт-Петербург пр-кт Приморский 54";"0,0";"1,0";"2,0";"3,0";
"139,0";"23,01,2018";"Красногвардейский";"";"Столкновение";"";"0";"0";"г Санкт-Петербург пр-кт Индустриальный 73";"0,0";"1,0";"2,0";"2,0";
"140,0";"23,01,2018";"Фрунзенский";"";"Столкновение";"";"0";"0";"г Санкт-Петербург пр-кт Лиговский 218";"0,0";"1,0";"2,0";"3,0";
"141,0";"23,01,2018";"Приморский";"";"Наезд на пешехода";"";"0";"0";"г Санкт-Петербург ул Планерная 21 к,1";"0,0";"1,0";"1,0";"2,0";
"142,0";"23,01,2018";"Фрунзенский";"";"Столкновение";"";"0";"0";"г Санкт-Петербург пр-кт Славы 55";"0,0";"1,0";"2,0";"2,0";
"143,0";"22,01,2018";"Пушкинский";"";"Столкновение";"";"0";"0";"г Пушкин ш Киевское Волхонское ш";"0,0";"5,0";"4,0";"9,0";
"144,0";"22,01,2018";"Выборгский";"";"Наезд на пешехода";"";"0";"0";"г Санкт-Петербург пр-кт Большой Сампсониевский 35";"0,0";"1,0";"1,0";"2,0";
"145,0";"22,01,2018";"Центральный";"";"Столкновение";"";"0";"0";"г Санкт-Петербург пр-кт Чернышевского 2";"0,0";"1,0";"2,0";"2,0";
"146,0";"22,01,2018";"Приморский";"";"Наезд на пешехода";"";"0";"0";"г Санкт-Петербург ул Планерная 49";"0,0";"1,0";"1,0";"2,0";
"147,0";"22,01,2018";"Кировский";"";"Наезд на пешехода";"";"0";"0";"г Санкт-Петербург пр-кт Ветеранов 78";"0,0";"1,0";"1,0";"2,0";
"148,0";"22,01,2018";"Московский";"";"Столкновение";"";"0";"0";"г Санкт-Петербург пр-кт Витебский 16 л а";"0,0";"1,0";"3,0";"3,0";
"149,0";"22,01,2018";"Невский";"";"Наезд на пешехода";"";"0";"0";"г Санкт-Петербург пр-кт Шлиссельбургский 12 КОР2";"0,0";"1,0";"1,0";"2,0";
"150,0";"22,01,2018";"Выборгский";"";"Столкновение";"";"0";"0";"г Санкт-Петербург пр-кт Энгельса 110 2";"0,0";"1,0";"2,0";"2,0";
"151,0";"22,01,2018";"Пушкинский";"";"Столкновение";"";"0";"0";"п Шушары ш Московское 683км,50м,";"0,0";"1,0";"2,0";"3,0";
"152,0";"22,01,2018";"Красногвардейский";"";"Столкновение";"";"0";"0";"г Санкт-Петербург ул Челябинская 55";"0,0";"1,0";"2,0";"2,0";
"153,0";"22,01,2018";"Красногвардейский";"";"Столкновение";"";"0";"0";"г Санкт-Петербург пр-кт Заневский 65 к,5";"0,0";"1,0";"2,0";"2,0";
"154,0";"22,01,2018";"Московский";"";"Столкновение";"";"0";"0";"г Санкт-Петербург пр-кт Космонавтов 14";"0,0";"4,0";"4,0";"6,0";
"155,0";"22,01,2018";"Колпинский";"";"Столкновение";"";"0";"0";"г Колпино ш Колпинское Софийская";"0,0";"1,0";"2,0";"2,0";
"156,0";"22,01,2018";"Петроградский";"";"Наезд на пешехода";"";"0";"0";"г Санкт-Петербург пр-кт Крестовский 13а";"0,0";"1,0";"1,0";"2,0";
"157,0";"22,01,2018";"Невский";"";"Столкновение";"";"0";"0";"г Санкт-Петербург пр-кт Большевиков 22 кор,1";"0,0";"3,0";"2,0";"4,0";
"158,0";"21,01,2018";"Курортный";"";"Наезд на препятствие";"А-118 Кольцевая автомобильная дорога вокруг г, Санкт-Петербурга";"1";"250";"г Санкт-Петербург  ";"0,0";"1,0";"1,0";"1,0";
"159,0";"21,01,2018";"Василеостровский";"";"Столкновение";"";"0";"0";"г Санкт-Петербург пр-кт Малый В,О, 68 корп,1 лит А";"0,0";"1,0";"2,0";"2,0";
"160,0";"21,01,2018";"Курортный";"";"Столкновение";"";"0";"0";"г Сестрорецк ш Приморское 348";"0,0";"1,0";"2,0";"2,0";
"161,0";"21,01,2018";"Василеостровский";"";"Столкновение";"";"0";"0";"г Санкт-Петербург ул Кораблестроителей 41";"0,0";"1,0";"3,0";"3,0";
"162,0";"21,01,2018";"Пушкинский";"";"Наезд на препятствие";"";"0";"0";"г Пушкин ул Парковая 36";"0,0";"1,0";"1,0";"1,0";
"163,0";"21,01,2018";"Московский";"";"Наезд на препятствие";"";"0";"0";"г Санкт-Петербург ш Пулковское 74";"0,0";"1,0";"2,0";"2,0";
"164,0";"21,01,2018";"Петродворцовый";"";"Съезд с дороги";"";"0";"0";"г Петергоф ш Ораниенбаумское ул,Мечникова";"0,0";"1,0";"1,0";"1,0";
"165,0";"21,01,2018";"Красногвардейский";"";"Наезд на препятствие";"";"0";"0";"г Санкт-Петербург пр-кт Волго-Донской 1";"0,0";"1,0";"1,0";"1,0";
"166,0";"21,01,2018";"Кировский";"";"Столкновение";"";"0";"0";"г Санкт-Петербург пр-кт Ветеранов ул,Л,голикова";"0,0";"1,0";"2,0";"3,0";
"167,0";"21,01,2018";"Московский";"";"Наезд на препятствие";"";"0";"0";"г Санкт-Петербург ш Митрофаньевское старообряд";"0,0";"1,0";"1,0";"1,0";
"168,0";"21,01,2018";"Московский";"";"Столкновение";"";"0";"0";"г Санкт-Петербург пр-кт Космонавтов Типанова 24";"0,0";"1,0";"2,0";"3,0";
"169,0";"21,01,2018";"Петродворцовый";"";"Столкновение";"";"0";"0";"г Петергоф ул Гостилицкая 2";"0,0";"1,0";"2,0";"2,0";
"170,0";"21,01,2018";"Петродворцовый";"";"Столкновение";"";"0";"0";"г Петергоф ш Ораниенбаумское 1";"0,0";"1,0";"2,0";"2,0";
"171,0";"21,01,2018";"Петроградский";"";"Столкновение";"";"0";"0";"г Санкт-Петербург пр-кт Каменноостровский 22";"0,0";"1,0";"2,0";"2,0";
"172,0";"21,01,2018";"Адмиралтейский";"";"Столкновение";"";"0";"0";"г Санкт-Петербург ш Митрофаньевское 7";"0,0";"4,0";"3,0";"5,0";
"173,0";"21,01,2018";"Невский";"";"Столкновение";"";"0";"0";"г Санкт-Петербург ул Дыбенко 27 корпус 1";"0,0";"2,0";"2,0";"2,0";
"174,0";"20,01,2018";"Центральный";"";"Столкновение";"";"0";"0";"г Санкт-Петербург пр-кт Невский Лиговский пр-кт";"0,0";"1,0";"2,0";"3,0";
"175,0";"20,01,2018";"Красносельский";"";"Столкновение";"";"0";"0";"г Санкт-Петербург пр-кт Маршала Жукова 51";"0,0";"5,0";"2,0";"6,0";
"176,0";"20,01,2018";"Центральный";"";"Столкновение";"";"0";"0";"г Санкт-Петербург пр-кт Лиговский 27";"0,0";"2,0";"2,0";"3,0";
"177,0";"20,01,2018";"Приморский";"";"Столкновение";"";"0";"0";"г Санкт-Петербург пр-кт Комендантский 37 корп,1";"0,0";"1,0";"4,0";"3,0";
"178,0";"20,01,2018";"Петродворцовый";"";"Съезд с дороги";"";"0";"0";"г Петергоф ш Ораниенбаумское Мечникова";"0,0";"1,0";"1,0";"1,0";
"179,0";"20,01,2018";"Калининский";"";"Наезд на пешехода";"";"0";"0";"г Санкт-Петербург пр-кт Культуры 21";"0,0";"1,0";"1,0";"2,0";
"180,0";"20,01,2018";"Красногвардейский";"";"Наезд на препятствие";"А-118 Кольцевая автомобильная дорога вокруг г, Санкт-Петербурга";"107";"250";"г Санкт-Петербург  ";"0,0";"3,0";"1,0";"3,0";
"181,0";"20,01,2018";"Фрунзенский";"";"Наезд на пешехода";"";"0";"0";"г Санкт-Петербург ул Бухарестская 33-1";"0,0";"1,0";"1,0";"2,0";
"182,0";"20,01,2018";"Василеостровский";"";"Наезд на пешехода";"";"0";"0";"г Санкт-Петербург ул Наличная 40";"0,0";"1,0";"1,0";"2,0";
"183,0";"20,01,2018";"Приморский";"";"Наезд на пешехода";"";"0";"0";"г Санкт-Петербург ул Гаккелевская 34";"0,0";"2,0";"1,0";"3,0";
"184,0";"20,01,2018";"Приморский";"";"Наезд на пешехода";"";"0";"0";"г Санкт-Петербург ул Парашютная шуваловский";"0,0";"1,0";"1,0";"2,0";
"185,0";"20,01,2018";"Адмиралтейский";"";"Столкновение";"";"0";"0";"г Санкт-Петербург пр-кт Римского-Корсакова 35";"0,0";"1,0";"2,0";"2,0";
"186,0";"20,01,2018";"Пушкинский";"";"Столкновение";"";"0";"0";"п Шушары ш Московское 682";"0,0";"1,0";"2,0";"2,0";
"187,0";"20,01,2018";"Красногвардейский";"";"Наезд на пешехода";"";"0";"0";"г Санкт-Петербург ул Маршала Тухачевского 5";"0,0";"1,0";"1,0";"2,0";
"188,0";"20,01,2018";"Выборгский";"";"Столкновение";"";"0";"0";"г Санкт-Петербург пр-кт Лесной 36";"0,0";"2,0";"4,0";"5,0";
"189,0";"20,01,2018";"Адмиралтейский";"";"Наезд на пешехода";"";"0";"0";"г Санкт-Петербург ул 1-я Красноармейская 2";"0,0";"1,0";"1,0";"2,0";
"190,0";"20,01,2018";"Приморский";"";"Наезд на препятствие";"";"0";"0";"г Санкт-Петербург ш Суздальское 34";"0,0";"1,0";"1,0";"2,0";
"191,0";"20,01,2018";"Калининский";"";"Наезд на препятствие";"";"0";"0";"г Санкт-Петербург пр-кт Непокорённых 63";"0,0";"1,0";"1,0";"1,0";
"192,0";"20,01,2018";"Кировский";"";"Наезд на препятствие";"";"0";"0";"г Санкт-Петербург ул Двинская Невельская";"0,0";"2,0";"1,0";"2,0";
"193,0";"20,01,2018";"Приморский";"";"Падение пассажира";"";"0";"0";"г Санкт-Петербург ул Стародеревенская 29";"0,0";"1,0";"1,0";"2,0";
"194,0";"20,01,2018";"Калининский";"";"Столкновение";"";"0";"0";"г Санкт-Петербург пр-кт Маршала Блюхера КУШЕЛЕВСКАЯ";"0,0";"1,0";"2,0";"2,0";
"195,0";"20,01,2018";"Калининский";"";"Столкновение";"";"0";"0";"г Санкт-Петербург пр-кт Кондратьевский 60";"0,0";"1,0";"2,0";"3,0";
"196,0";"20,01,2018";"Невский";"";"Столкновение";"";"0";"0";"г Санкт-Петербург пр-кт Обуховской Обороны 13";"0,0";"1,0";"2,0";"3,0";
"197,0";"20,01,2018";"Московский";"";"Столкновение";"";"0";"0";"г Санкт-Петербург пр-кт Юрия Гагарина ул, Алтайская";"0,0";"1,0";"2,0";"3,0";
"198,0";"19,01,2018";"Красносельский";"";"Столкновение";"";"0";"0";"г Санкт-Петербург ул Маршала Захарова 29";"0,0";"1,0";"3,0";"3,0";
"199,0";"19,01,2018";"Красногвардейский";"";"Наезд на пешехода";"";"0";"0";"г Санкт-Петербург пр-кт Среднеохтинский 1";"0,0";"1,0";"1,0";"2,0";
"200,0";"19,01,2018";"Адмиралтейский";"";"Столкновение";"";"0";"0";"г Санкт-Петербург ш Митрофаньевское 2 к 1";"0,0";"2,0";"2,0";"2,0";
"201,0";"19,01,2018";"Выборгский";"";"Наезд на пешехода";"";"0";"0";"г Санкт-Петербург пр-кт Луначарского 21";"0,0";"1,0";"1,0";"2,0";
"202,0";"19,01,2018";"Выборгский";"";"Столкновение";"";"0";"0";"г Санкт-Петербург пр-кт Культуры Северный пр";"0,0";"1,0";"3,0";"4,0";
"203,0";"19,01,2018";"Калининский";"";"Столкновение";"";"0";"0";"г Санкт-Петербург ул Бутлерова 14";"0,0";"1,0";"2,0";"3,0";
"204,0";"19,01,2018";"Московский";"";"Наезд на пешехода";"";"0";"0";"г Санкт-Петербург ул Благодатная Варшавская ул,";"0,0";"1,0";"1,0";"2,0";
"205,0";"19,01,2018";"Невский";"";"Наезд на пешехода";"";"0";"0";"г Санкт-Петербург пр-кт Искровский 9";"0,0";"1,0";"1,0";"2,0";
"206,0";"19,01,2018";"Выборгский";"";"Столкновение";"";"0";"0";"п Парголово ул Николая Рубцова ул, Ф, Абрамова";"0,0";"1,0";"2,0";"3,0";
"207,0";"19,01,2018";"Московский";"";"Наезд на пешехода";"";"0";"0";"г Санкт-Петербург ул Типанова 21 БП";"0,0";"1,0";"1,0";"2,0";
"208,0";"19,01,2018";"Невский";"";"Столкновение";"";"0";"0";"г Санкт-Петербург наб Октябрьская 8";"0,0";"3,0";"3,0";"4,0";
"209,0";"19,01,2018";"Московский";"";"Наезд на пешехода";"";"0";"0";"г Санкт-Петербург ул Стартовая Толмачевская ул,";"0,0";"1,0";"1,0";"2,0";
"210,0";"19,01,2018";"Пушкинский";"";"Наезд на пешехода";"";"0";"0";"п Шушары тер Московская Славянка 17 А";"1,0";"0,0";"1,0";"2,0";
"211,0";"19,01,2018";"Адмиралтейский";"";"Наезд на пешехода";"";"0";"0";"г Санкт-Петербург пр-кт Римского-Корсакова 71";"0,0";"1,0";"1,0";"2,0";
"212,0";"19,01,2018";"Кировский";"";"Падение пассажира";"";"0";"0";"г Санкт-Петербург пр-кт Ленинский 128к2";"0,0";"1,0";"1,0";"2,0";
"213,0";"19,01,2018";"Фрунзенский";"";"Столкновение";"";"0";"0";"г Санкт-Петербург ул Бухарестская 124";"0,0";"1,0";"4,0";"4,0";
"214,0";"19,01,2018";"Фрунзенский";"";"Наезд на пешехода";"";"0";"0";"г Санкт-Петербург ул Димитрова 110 к 1 по Бухарест,";"0,0";"1,0";"2,0";"2,0";
"215,0";"19,01,2018";"Выборгский";"";"Наезд на препятствие";"";"0";"0";"г Санкт-Петербург пр-кт Лесной 4";"0,0";"1,0";"1,0";"1,0";
"216,0";"19,01,2018";"Василеостровский";"";"Столкновение";"";"0";"0";"г Санкт-Петербург ул Железноводская 34";"0,0";"2,0";"2,0";"3,0";
"217,0";"19,01,2018";"Центральный";"";"Наезд на препятствие";"";"0";"0";"г Санкт-Петербург пр-кт Обуховской Обороны 3";"0,0";"1,0";"1,0";"1,0";
"218,0";"19,01,2018";"Пушкинский";"";"Наезд на пешехода";"";"0";"0";"г Пушкин ул Оранжерейная 23";"0,0";"1,0";"1,0";"2,0";
"219,0";"19,01,2018";"Московский";"";"Наезд на пешехода";"";"0";"0";"г Санкт-Петербург ул Орджоникидзе БП пр, Юрия Гагарина";"0,0";"1,0";"1,0";"2,0";
"220,0";"19,01,2018";"Фрунзенский";"";"Столкновение";"";"0";"0";"г Санкт-Петербург ул Будапештская 100 12";"0,0";"2,0";"2,0";"4,0";
"221,0";"18,01,2018";"Кировский";"";"Наезд на пешехода";"";"0";"0";"г Санкт-Петербург ул Зины Портновой 36";"0,0";"1,0";"1,0";"2,0";
"222,0";"18,01,2018";"Московский";"";"Наезд на препятствие";"";"0";"0";"г Санкт-Петербург ш Пулковское 65 Ж";"0,0";"2,0";"2,0";"4,0";
"223,0";"18,01,2018";"Московский";"";"Столкновение";"";"0";"0";"г Санкт-Петербург ш Пулковское 104";"0,0";"1,0";"3,0";"3,0";
"224,0";"18,01,2018";"Адмиралтейский";"";"Наезд на пешехода";"";"0";"0";"г Санкт-Петербург наб Адмиралтейская 16";"0,0";"1,0";"1,0";"2,0";
"225,0";"18,01,2018";"Приморский";"";"Наезд на пешехода";"";"0";"0";"г Санкт-Петербург ул Гаккелевская 34";"0,0";"1,0";"1,0";"2,0";
"226,0";"18,01,2018";"Выборгский";"";"Столкновение";"";"0";"0";"г Санкт-Петербург пр-кт Просвещения 36";"0,0";"1,0";"2,0";"2,0";
"227,0";"18,01,2018";"Невский";"";"Столкновение";"";"0";"0";"г Санкт-Петербург наб Октябрьская 54";"0,0";"1,0";"2,0";"2,0";
"228,0";"18,01,2018";"Приморский";"";"Наезд на лицо, не являющееся участником дорожного движения, осуществляющее какую-либо другую деятельность";"";"0";"0";"г Санкт-Петербург ул Планерная 18 к,2";"0,0";"1,0";"1,0";"2,0";
"229,0";"18,01,2018";"Московский";"";"Наезд на пешехода";"";"0";"0";"г Санкт-Петербург ул Типанова 45";"0,0";"1,0";"1,0";"2,0";
"230,0";"18,01,2018";"Кировский";"";"Столкновение";"";"0";"0";"г Санкт-Петербург ул Маршала Говорова 29";"0,0";"1,0";"2,0";"2,0";
"231,0";"18,01,2018";"Курортный";"";"Наезд на стоящее ТС";"";"0";"0";"п Смолячково ш Приморское 674";"0,0";"3,0";"2,0";"3,0";
"232,0";"18,01,2018";"Приморский";"";"Столкновение";"";"0";"0";"г Санкт-Петербург ул Стародеревенская УЛ, СИТЦЕВАЯ";"0,0";"1,0";"2,0";"2,0";
"233,0";"18,01,2018";"Выборгский";"";"Наезд на пешехода";"";"0";"0";"г Санкт-Петербург пр-кт Лесной 64";"0,0";"1,0";"1,0";"2,0";
"234,0";"18,01,2018";"Курортный";"";"Столкновение";"";"0";"0";"п Ушково ш Приморское 609";"0,0";"1,0";"2,0";"2,0";
"235,0";"18,01,2018";"Кировский";"";"Наезд на пешехода";"";"0";"0";"г Санкт-Петербург пр-кт Стачек 57";"0,0";"1,0";"1,0";"2,0";
"236,0";"18,01,2018";"Приморский";"";"Наезд на пешехода";"";"0";"0";"г Санкт-Петербург пр-кт Испытателей 20 к, 1";"0,0";"1,0";"1,0";"2,0";
"237,0";"18,01,2018";"Пушкинский";"";"Наезд на пешехода";"";"0";"0";"п Шушары ш Московское 296";"1,0";"0,0";"2,0";"2,0";
"238,0";"18,01,2018";"Петроградский";"";"Столкновение";"";"0";"0";"г Санкт-Петербург наб Аптекарская 6";"0,0";"1,0";"4,0";"3,0";
"239,0";"18,01,2018";"Адмиралтейский";"";"Наезд на пешехода";"";"0";"0";"г Санкт-Петербург ул Гороховая 52";"0,0";"1,0";"1,0";"2,0";
"240,0";"18,01,2018";"Центральный";"";"Столкновение";"";"0";"0";"г Санкт-Петербург наб Воскресенская 8";"0,0";"1,0";"2,0";"2,0";
"241,0";"18,01,2018";"Невский";"";"Столкновение";"";"0";"0";"г Санкт-Петербург наб Октябрьская 54 Е";"0,0";"3,0";"2,0";"4,0";
"242,0";"18,01,2018";"Приморский";"";"Столкновение";"";"0";"0";"г Санкт-Петербург ул Планерная БОГАТЫРСКИЙ ПР,";"0,0";"1,0";"2,0";"2,0";
"243,0";"18,01,2018";"Приморский";"";"Наезд на препятствие";"";"0";"0";"г Санкт-Петербург пр-кт Приморский 91";"0,0";"1,0";"1,0";"2,0";
"244,0";"18,01,2018";"Фрунзенский";"";"Наезд на пешехода";"";"0";"0";"г Санкт-Петербург пр-кт Славы 58 к 2";"0,0";"1,0";"1,0";"2,0";
"245,0";"17,01,2018";"Василеостровский";"";"Наезд на пешехода";"";"0";"0";"г Санкт-Петербург пр-кт Большой В,О, 38 11";"0,0";"1,0";"1,0";"2,0";
"246,0";"17,01,2018";"Выборгский";"";"Падение пассажира";"";"0";"0";"г Санкт-Петербург пр-кт Энгельса 27";"0,0";"1,0";"1,0";"2,0";
"247,0";"17,01,2018";"Петроградский";"";"Наезд на пешехода";"";"0";"0";"г Санкт-Петербург пр-кт Большой П,С, 5";"0,0";"1,0";"1,0";"2,0";
"248,0";"17,01,2018";"Адмиралтейский";"";"Наезд на пешехода";"";"0";"0";"г Санкт-Петербург пр-кт Рижский 20";"0,0";"1,0";"1,0";"2,0";
"249,0";"17,01,2018";"Петроградский";"";"Наезд на пешехода";"";"0";"0";"г Санкт-Петербург пр-кт Каменноостровский 45";"0,0";"1,0";"1,0";"2,0";
"250,0";"17,01,2018";"Колпинский";"";"Наезд на стоящее ТС";"";"0";"0";"г Колпино пр-кт Заводской 56";"0,0";"1,0";"2,0";"2,0";
"251,0";"17,01,2018";"Кировский";"";"Наезд на пешехода";"";"0";"0";"г Санкт-Петербург  ";"0,0";"1,0";"1,0";"2,0";
"252,0";"17,01,2018";"Красносельский";"";"Наезд на пешехода";"";"0";"0";"г Санкт-Петербург ул Адмирала Трибуца ул,Адм,Коновалова 2-";"0,0";"1,0";"1,0";"2,0";
"253,0";"17,01,2018";"Центральный";"";"Наезд на пешехода";"";"0";"0";"г Санкт-Петербург пр-кт Невский 115";"0,0";"1,0";"1,0";"2,0";
"254,0";"17,01,2018";"Московский";"";"Наезд на пешехода";"";"0";"0";"г Санкт-Петербург пр-кт Дунайский 24";"0,0";"1,0";"1,0";"2,0";
"255,0";"17,01,2018";"Приморский";"";"Столкновение";"";"0";"0";"г Санкт-Петербург пр-кт Испытателей Сизова";"0,0";"2,0";"2,0";"3,0";
"256,0";"17,01,2018";"Красносельский";"";"Столкновение";"";"0";"0";"г Санкт-Петербург ул Тамбасова 32";"0,0";"1,0";"2,0";"2,0";
"257,0";"17,01,2018";"Красногвардейский";"";"Наезд на пешехода";"";"0";"0";"г Санкт-Петербург пр-кт Ударников 27 к,1";"0,0";"1,0";"1,0";"2,0";
"258,0";"17,01,2018";"Московский";"";"Наезд на пешехода";"";"0";"0";"г Санкт-Петербург пр-кт Юрия Гагарина 34";"0,0";"1,0";"1,0";"2,0";
"259,0";"17,01,2018";"Кировский";"";"Наезд на пешехода";"";"0";"0";"г Санкт-Петербург ул Ивана Черных 4";"0,0";"1,0";"1,0";"2,0";
"260,0";"17,01,2018";"Московский";"";"Наезд на пешехода";"";"0";"0";"г Санкт-Петербург ул Бассейная 81";"0,0";"1,0";"1,0";"2,0";
"261,0";"17,01,2018";"Колпинский";"";"Столкновение";"";"0";"0";"г Колпино пр-кт Ленина 45";"0,0";"1,0";"2,0";"3,0";
"262,0";"17,01,2018";"Пушкинский";"";"Столкновение";"";"0";"0";"г Пушкин ул Автомобильная Сетевая ул,";"0,0";"2,0";"2,0";"3,0";
"263,0";"17,01,2018";"Курортный";"";"Столкновение";"";"0";"0";"г Сестрорецк ул Большая Горская 43";"0,0";"1,0";"2,0";"2,0";
"264,0";"17,01,2018";"Выборгский";"";"Наезд на пешехода";"";"0";"0";"г Санкт-Петербург пр-кт Художников Луначарского";"0,0";"1,0";"1,0";"2,0";
"265,0";"17,01,2018";"Московский";"";"Наезд на стоящее ТС";"";"0";"0";"г Санкт-Петербург ш Волхонское 1";"0,0";"1,0";"2,0";"2,0";
"266,0";"17,01,2018";"Калининский";"";"Наезд на пешехода";"";"0";"0";"г Санкт-Петербург пр-кт Кондратьевский 22";"0,0";"1,0";"1,0";"2,0";
"267,0";"17,01,2018";"Калининский";"";"Падение пассажира";"";"0";"0";"г Санкт-Петербург пр-кт Маршала Блюхера 14";"0,0";"1,0";"1,0";"2,0";
"268,0";"17,01,2018";"Приморский";"";"Столкновение";"";"0";"0";"г Санкт-Петербург ул Савушкина 77";"0,0";"4,0";"2,0";"7,0";
"269,0";"16,01,2018";"Адмиралтейский";"";"Наезд на пешехода";"";"0";"0";"г Санкт-Петербург пр-кт Рижский 48";"1,0";"0,0";"1,0";"2,0";
"270,0";"16,01,2018";"Центральный";"";"Падение пассажира";"";"0";"0";"г Санкт-Петербург пр-кт Загородный 13";"0,0";"1,0";"1,0";"2,0";
"271,0";"16,01,2018";"Московский";"";"Наезд на пешехода";"";"0";"0";"г Санкт-Петербург ш Пулковское 3";"0,0";"1,0";"2,0";"2,0";
"272,0";"16,01,2018";"Василеостровский";"";"Столкновение";"";"0";"0";"г Санкт-Петербург пр-кт Средний В,О, 75";"0,0";"2,0";"2,0";"2,0";
"273,0";"16,01,2018";"Невский";"";"Столкновение";"";"0";"0";"г Санкт-Петербург б-р Красных Зорь 12";"0,0";"3,0";"2,0";"3,0";
"274,0";"16,01,2018";"Невский";"";"Столкновение";"";"0";"0";"г Санкт-Петербург ул Седова 60";"0,0";"1,0";"3,0";"2,0";
"275,0";"16,01,2018";"Московский";"";"Наезд на стоящее ТС";"";"0";"0";"г Санкт-Петербург ул Фрунзе 16";"1,0";"0,0";"2,0";"2,0";
"276,0";"16,01,2018";"Кировский";"";"Наезд на стоящее ТС";"Западный скоростной диаметр";"34";"230";"г Санкт-Петербург  ";"0,0";"1,0";"2,0";"3,0";
"277,0";"16,01,2018";"Красносельский";"";"Наезд на пешехода";"";"0";"0";"г Санкт-Петербург ул Тамбасова 11";"0,0";"1,0";"1,0";"2,0";
"278,0";"16,01,2018";"Центральный";"";"Наезд на пешехода";"";"0";"0";"г Санкт-Петербург ул Восстания 30";"0,0";"1,0";"1,0";"2,0";
"279,0";"16,01,2018";"Выборгский";"";"Наезд на пешехода";"";"0";"0";"г Санкт-Петербург ул Композиторов пр,Просвещения";"0,0";"1,0";"1,0";"2,0";
"280,0";"16,01,2018";"Петроградский";"";"Наезд на пешехода";"";"0";"0";"г Санкт-Петербург пр-кт Большой П,С, 35а";"0,0";"1,0";"1,0";"2,0";
"281,0";"16,01,2018";"Красногвардейский";"";"Наезд на пешехода";"";"0";"0";"г Санкт-Петербург ул Коммуны д, 44, к, 1";"0,0";"1,0";"1,0";"2,0";
"282,0";"16,01,2018";"Красногвардейский";"";"Наезд на пешехода";"";"0";"0";"г Санкт-Петербург пр-кт Наставников 40, к, 1";"0,0";"1,0";"1,0";"2,0";
"283,0";"16,01,2018";"Выборгский";"";"Наезд на пешехода";"";"0";"0";"г Санкт-Петербург ул Политехническая 30";"0,0";"1,0";"1,0";"2,0";
"284,0";"16,01,2018";"Кировский";"";"Наезд на пешехода";"";"0";"0";"г Санкт-Петербург  ";"0,0";"1,0";"1,0";"2,0";
"285,0";"16,01,2018";"Кировский";"";"Наезд на стоящее ТС";"";"0";"0";"г Санкт-Петербург дор На Турухтанные острова 22к1";"0,0";"1,0";"2,0";"2,0";
"286,0";"16,01,2018";"Красногвардейский";"";"Наезд на пешехода";"";"0";"0";"г Санкт-Петербург ул Республиканская 18";"0,0";"1,0";"1,0";"2,0";
"287,0";"16,01,2018";"Кировский";"";"Наезд на пешехода";"";"0";"0";"г Санкт-Петербург ул Кронштадтская ДОР,НА ТУРУХТАННЫЕ О";"0,0";"1,0";"1,0";"2,0";
"288,0";"16,01,2018";"Выборгский";"";"Наезд на пешехода";"";"0";"0";"п Парголово  ";"0,0";"1,0";"1,0";"2,0";
"289,0";"16,01,2018";"Выборгский";"";"Столкновение";"";"0";"0";"г Санкт-Петербург пр-кт Энгельса 5";"0,0";"1,0";"2,0";"2,0";
"290,0";"16,01,2018";"Петроградский";"";"Наезд на пешехода";"";"0";"0";"г Санкт-Петербург ул Пионерская 30";"1,0";"0,0";"1,0";"2,0";
"291,0";"16,01,2018";"Василеостровский";"";"Столкновение";"";"0";"0";"г Санкт-Петербург пер Волховский 2";"0,0";"1,0";"3,0";"3,0";
"292,0";"15,01,2018";"Красносельский";"";"Столкновение";"";"0";"0";"г Санкт-Петербург пр-кт Ленинский 75-1";"0,0";"3,0";"3,0";"4,0";
"293,0";"15,01,2018";"Московский";"";"Столкновение";"";"0";"0";"г Санкт-Петербург пр-кт Витебский дунайский";"0,0";"1,0";"2,0";"2,0";
"294,0";"15,01,2018";"Красносельский";"";"Столкновение";"";"0";"0";"г Санкт-Петербург ш Таллинское (Старо-Паново) 129";"0,0";"2,0";"3,0";"4,0";
"295,0";"15,01,2018";"Центральный";"";"Падение пассажира";"";"0";"0";"г Санкт-Петербург ул Тульская Новгородская ул,";"0,0";"1,0";"1,0";"2,0";
"296,0";"15,01,2018";"Калининский";"";"Падение пассажира";"";"0";"0";"г Санкт-Петербург пр-кт Науки 19 к,1";"0,0";"1,0";"1,0";"2,0";
"297,0";"15,01,2018";"Фрунзенский";"";"Наезд на пешехода";"";"0";"0";"г Санкт-Петербург ул Димитрова 26";"0,0";"1,0";"1,0";"2,0";
"298,0";"15,01,2018";"Калининский";"";"Наезд на пешехода";"";"0";"0";"г Санкт-Петербург пр-кт Гражданский 41";"0,0";"1,0";"1,0";"2,0";
"299,0";"15,01,2018";"Калининский";"";"Падение пассажира";"";"0";"0";"г Санкт-Петербург пр-кт Кондратьевский 44";"0,0";"1,0";"1,0";"2,0";
"300,0";"15,01,2018";"Приморский";"";"Столкновение";"";"0";"0";"г Санкт-Петербург пр-кт Королёва 28 К1 ПО СЕРЕБРИСТОМ";"0,0";"1,0";"2,0";"3,0";
"301,0";"15,01,2018";"Кировский";"";"Столкновение";"";"0";"0";"г Санкт-Петербург пр-кт Народного Ополчения 1 1";"0,0";"2,0";"2,0";"2,0";
"302,0";"15,01,2018";"Петродворцовый";"";"Наезд на пешехода";"";"0";"0";"п Стрельна ш Санкт-Петербургское 43";"0,0";"1,0";"1,0";"2,0";
"303,0";"15,01,2018";"Петроградский";"";"Столкновение";"";"0";"0";"г Санкт-Петербург ул Большая Зеленина 44 6";"0,0";"1,0";"2,0";"2,0";
"304,0";"15,01,2018";"Московский";"";"Столкновение";"";"0";"0";"г Санкт-Петербург пр-кт Новоизмайловский бассейная";"0,0";"2,0";"2,0";"3,0";
"305,0";"15,01,2018";"Кронштадтский";"";"Столкновение";"А-118 Кольцевая автомобильная дорога вокруг г, Санкт-Петербурга";"21";"500";"г Санкт-Петербург  ";"0,0";"1,0";"2,0";"2,0";
"306,0";"15,01,2018";"Приморский";"";"Наезд на пешехода";"";"0";"0";"г Санкт-Петербург ул Долгоозёрная 11";"0,0";"1,0";"1,0";"2,0";
"307,0";"15,01,2018";"Калининский";"";"Наезд на пешехода";"";"0";"0";"г Санкт-Петербург пр-кт Кондратьевский 51";"0,0";"1,0";"1,0";"2,0";
"308,0";"14,01,2018";"Московский";"";"Наезд на пешехода";"";"0";"0";"г Санкт-Петербург ул Звёздная 11 1";"0,0";"1,0";"1,0";"2,0";
"309,0";"14,01,2018";"Петроградский";"";"Наезд на пешехода";"";"0";"0";"г Санкт-Петербург ул Большая Зеленина 11 1";"0,0";"1,0";"1,0";"2,0";
"310,0";"14,01,2018";"Василеостровский";"";"Столкновение";"";"0";"0";"г Санкт-Петербург наб Морская 6 ПО В ШЕФНЕРА";"0,0";"1,0";"2,0";"2,0";
"311,0";"14,01,2018";"Красносельский";"";"Наезд на пешехода";"";"0";"0";"г Санкт-Петербург ул Тамбасова 6-1";"0,0";"1,0";"1,0";"2,0";
"312,0";"14,01,2018";"Красносельский";"";"Столкновение";"";"0";"0";"г Санкт-Петербург пр-кт Маршала Жукова Петергофское ш";"0,0";"1,0";"2,0";"3,0";
"313,0";"14,01,2018";"Невский";"";"Наезд на препятствие";"";"0";"0";"г Санкт-Петербург наб Обводного канала 14";"0,0";"2,0";"1,0";"2,0";
"314,0";"14,01,2018";"Красносельский";"";"Падение пассажира";"";"0";"0";"г Санкт-Петербург ул Маршала Захарова 41";"0,0";"1,0";"1,0";"2,0";
"315,0";"14,01,2018";"Приморский";"";"Столкновение";"";"0";"0";"г Санкт-Петербург ул Полевая Сабировская 47";"0,0";"1,0";"2,0";"3,0";
"316,0";"14,01,2018";"Пушкинский";"";"Столкновение";"";"0";"0";"п Шушары пр-кт Витебский 138";"0,0";"1,0";"3,0";"3,0";
"317,0";"14,01,2018";"Кировский";"";"Столкновение";"";"0";"0";"г Санкт-Петербург пр-кт Народного Ополчения 189";"1,0";"1,0";"3,0";"3,0";
"318,0";"14,01,2018";"Калининский";"";"Наезд на пешехода";"";"0";"0";"г Санкт-Петербург пр-кт Кондратьевский 25";"0,0";"1,0";"1,0";"2,0";
"319,0";"14,01,2018";"Кировский";"";"Наезд на пешехода";"";"0";"0";"г Санкт-Петербург пр-кт Стачек 1";"1,0";"0,0";"1,0";"2,0";
"320,0";"13,01,2018";"Красносельский";"";"Столкновение";"";"0";"0";"г Санкт-Петербург ш Таллинское (Старо-Паново) 157";"0,0";"1,0";"3,0";"4,0";
"321,0";"13,01,2018";"Василеостровский";"";"Наезд на пешехода";"";"0";"0";"г Санкт-Петербург ул Наличная 12";"0,0";"1,0";"1,0";"2,0";
"322,0";"13,01,2018";"Невский";"";"Столкновение";"";"0";"0";"г Санкт-Петербург пр-кт Шлиссельбургский 49";"0,0";"2,0";"3,0";"3,0";
"323,0";"13,01,2018";"Выборгский";"";"Столкновение";"";"0";"0";"г Санкт-Петербург пр-кт 1-й Муринский 29";"0,0";"1,0";"2,0";"2,0";
"324,0";"13,01,2018";"Калининский";"";"Наезд на пешехода";"";"0";"0";"г Санкт-Петербург пр-кт Маршала Блюхера Замшина";"0,0";"1,0";"1,0";"2,0";
"325,0";"13,01,2018";"Московский";"";"Столкновение";"";"0";"0";"г Санкт-Петербург пр-кт Космонавтов 14";"0,0";"2,0";"2,0";"3,0";
"326,0";"13,01,2018";"Калининский";"";"Наезд на препятствие";"";"0";"0";"г Санкт-Петербург пр-кт Гражданский 89";"4,0";"1,0";"1,0";"5,0";
"327,0";"13,01,2018";"Василеостровский";"";"Наезд на пешехода";"";"0";"0";"г Санкт-Петербург  ";"0,0";"1,0";"1,0";"2,0";
"328,0";"13,01,2018";"Приморский";"";"Наезд на пешехода";"";"0";"0";"г Санкт-Петербург ул Савушкина 128 К,1";"0,0";"2,0";"1,0";"3,0";
"329,0";"13,01,2018";"Красносельский";"";"Столкновение";"";"0";"0";"г Санкт-Петербург пр-кт Ленинский Десантников";"0,0";"3,0";"2,0";"3,0";
"330,0";"13,01,2018";"Приморский";"";"Наезд на пешехода";"";"0";"0";"г Санкт-Петербург ул Гаккелевская 21";"0,0";"1,0";"1,0";"2,0";
"331,0";"13,01,2018";"Красногвардейский";"";"Столкновение";"";"0";"0";"г Санкт-Петербург ул Коммуны 38";"0,0";"1,0";"4,0";"4,0";
"332,0";"13,01,2018";"Калининский";"";"Столкновение";"";"0";"0";"г Санкт-Петербург пр-кт Просвещения 81";"0,0";"2,0";"2,0";"4,0";
"333,0";"13,01,2018";"Приморский";"";"Падение пассажира";"";"0";"0";"г Санкт-Петербург ул Савушкина 12";"0,0";"1,0";"1,0";"2,0";
"334,0";"13,01,2018";"Кировский";"";"Столкновение";"";"0";"0";"г Санкт-Петербург пл Комсомольская пр, Стачек";"0,0";"1,0";"2,0";"3,0";
"335,0";"12,01,2018";"Кировский";"";"Столкновение";"";"0";"0";"г Санкт-Петербург ул Балтийская Молодежный пер,";"0,0";"1,0";"2,0";"3,0";
"336,0";"12,01,2018";"Невский";"";"Столкновение";"";"0";"0";"г Санкт-Петербург пр-кт Обуховской Обороны 39";"0,0";"1,0";"2,0";"3,0";
"337,0";"12,01,2018";"Красносельский";"";"Наезд на препятствие";"А-118 Кольцевая автомобильная дорога вокруг г, Санкт-Петербурга";"82";"700";"г Санкт-Петербург  ";"0,0";"1,0";"1,0";"1,0";
"338,0";"12,01,2018";"Выборгский";"";"Столкновение";"";"0";"0";"г Санкт-Петербург пр-кт Большой Сампсониевский Земледельческая ул,";"0,0";"1,0";"2,0";"2,0";
"339,0";"12,01,2018";"Красносельский";"";"Столкновение";"";"0";"0";"г Санкт-Петербург пр-кт Ленинский кузнецова";"0,0";"1,0";"2,0";"2,0";
"340,0";"12,01,2018";"Невский";"";"Наезд на пешехода";"";"0";"0";"г Санкт-Петербург ул Крыленко 31";"0,0";"1,0";"1,0";"2,0";
"341,0";"12,01,2018";"Центральный";"";"Столкновение";"";"0";"0";"г Санкт-Петербург наб Обводного канала 45";"0,0";"2,0";"2,0";"4,0";
"342,0";"12,01,2018";"Адмиралтейский";"";"Наезд на пешехода";"";"0";"0";"г Санкт-Петербург пл Исаакиевская 4а";"0,0";"1,0";"1,0";"2,0";
"343,0";"12,01,2018";"Колпинский";"";"Наезд на стоящее ТС";"";"0";"0";"г Колпино ул Софийская Колпинское шоссе";"0,0";"17,0";"3,0";"18,0";
"344,0";"12,01,2018";"Красносельский";"";"Наезд на пешехода";"";"0";"0";"г Санкт-Петербург пр-кт Ленинский 55-1";"0,0";"1,0";"1,0";"2,0";
"345,0";"12,01,2018";"Выборгский";"";"Столкновение";"";"0";"0";"г Санкт-Петербург ул Новороссийская Политехническая";"0,0";"1,0";"2,0";"2,0";
"346,0";"12,01,2018";"Центральный";"";"Столкновение";"";"0";"0";"г Санкт-Петербург наб Смольная Смольнинская ул";"0,0";"2,0";"3,0";"4,0";
"347,0";"12,01,2018";"Невский";"";"Наезд на пешехода";"";"0";"0";"г Санкт-Петербург  ";"0,0";"1,0";"1,0";"2,0";
"348,0";"12,01,2018";"Красногвардейский";"";"Столкновение";"";"0";"0";"г Санкт-Петербург пр-кт Косыгина 7";"0,0";"1,0";"2,0";"3,0";
"349,0";"12,01,2018";"Петроградский";"";"Наезд на пешехода";"";"0";"0";"г Санкт-Петербург пр-кт Малый П,С, 64 13";"0,0";"2,0";"1,0";"3,0";
"350,0";"12,01,2018";"Красносельский";"";"Наезд на препятствие";"";"0";"0";"г Красное Село пр-кт Ленина 114";"0,0";"1,0";"1,0";"1,0";
"351,0";"12,01,2018";"Московский";"";"Наезд на пешехода";"";"0";"0";"г Санкт-Петербург ул Ленсовета 53";"0,0";"1,0";"1,0";"2,0";
"352,0";"12,01,2018";"Красносельский";"";"Наезд на пешехода";"";"0";"0";"г Санкт-Петербург пр-кт Ветеранов ул,Л,Пилютова";"0,0";"1,0";"1,0";"2,0";
"353,0";"11,01,2018";"Красногвардейский";"";"Наезд на пешехода";"";"0";"0";"г Санкт-Петербург пр-кт Ириновский 35";"0,0";"1,0";"1,0";"2,0";
"354,0";"11,01,2018";"Красносельский";"";"Наезд на пешехода";"";"0";"0";"г Санкт-Петербург ул Маршала Захарова 28";"0,0";"1,0";"1,0";"2,0";
"355,0";"11,01,2018";"Адмиралтейский";"";"Столкновение";"";"0";"0";"г Санкт-Петербург пр-кт Загородный 54";"0,0";"1,0";"2,0";"3,0";
"356,0";"11,01,2018";"Петродворцовый";"";"Наезд на пешехода";"";"0";"0";"п Стрельна ш Санкт-Петербургское 76";"0,0";"1,0";"1,0";"2,0";
"357,0";"11,01,2018";"Адмиралтейский";"";"Столкновение";"";"0";"0";"г Санкт-Петербург пр-кт Лермонтовский 48";"0,0";"6,0";"2,0";"7,0";
"358,0";"11,01,2018";"Пушкинский";"";"Наезд на пешехода";"";"0";"0";"п Шушары ш Московское 686";"1,0";"0,0";"1,0";"2,0";
"359,0";"11,01,2018";"Красногвардейский";"";"Падение пассажира";"";"0";"0";"г Санкт-Петербург пр-кт Заневский 8";"0,0";"1,0";"1,0";"2,0";
"360,0";"11,01,2018";"Василеостровский";"";"Наезд на пешехода";"";"0";"0";"г Санкт-Петербург линия 11-я В,О, 16";"0,0";"1,0";"1,0";"2,0";
"361,0";"11,01,2018";"Выборгский";"";"Наезд на пешехода";"";"0";"0";"г Санкт-Петербург ул Сикейроса 19";"0,0";"1,0";"1,0";"2,0";
"362,0";"11,01,2018";"Выборгский";"";"Столкновение";"";"0";"0";"г Санкт-Петербург ул Домостроительная 3-й Верхний пер,";"0,0";"2,0";"3,0";"4,0";
"363,0";"11,01,2018";"Красносельский";"";"Столкновение";"";"0";"0";"г Красное Село ул Нарвская 2";"0,0";"1,0";"2,0";"2,0";
"364,0";"11,01,2018";"Московский";"";"Столкновение";"";"0";"0";"г Санкт-Петербург пр-кт Юрия Гагарина фрунзе";"0,0";"1,0";"2,0";"3,0";
"365,0";"11,01,2018";"Калининский";"";"Наезд на пешехода";"";"0";"0";"г Санкт-Петербург пр-кт Северный 65";"0,0";"1,0";"1,0";"2,0";
"366,0";"11,01,2018";"Фрунзенский";"";"Столкновение";"";"0";"0";"г Санкт-Петербург пр-кт Дунайский 40";"0,0";"1,0";"2,0";"3,0";
"367,0";"10,01,2018";"Василеостровский";"";"Столкновение";"Западный скоростной диаметр";"27";"600";"г Санкт-Петербург  ";"0,0";"1,0";"2,0";"3,0";
"368,0";"10,01,2018";"Красносельский";"";"Падение пассажира";"";"0";"0";"г Санкт-Петербург ш Красносельское (Горелово) 28 к 2";"0,0";"1,0";"1,0";"2,0";
"369,0";"10,01,2018";"Кировский";"";"Столкновение";"";"0";"0";"г Санкт-Петербург пр-кт Дачный 2";"0,0";"1,0";"2,0";"2,0";
"370,0";"10,01,2018";"Приморский";"";"Наезд на препятствие";"";"0";"0";"г Санкт-Петербург пр-кт Приморский 95";"0,0";"1,0";"2,0";"2,0";
"371,0";"10,01,2018";"Петроградский";"";"Столкновение";"";"0";"0";"г Санкт-Петербург пр-кт Кронверкский 31";"0,0";"1,0";"2,0";"2,0";
"372,0";"10,01,2018";"Фрунзенский";"";"Падение пассажира";"";"0";"0";"г Санкт-Петербург ул Бухарестская 69";"0,0";"1,0";"1,0";"2,0";
"373,0";"10,01,2018";"Пушкинский";"";"Столкновение";"";"0";"0";"г Пушкин ш Красносельское 12";"0,0";"1,0";"2,0";"2,0";
"374,0";"10,01,2018";"Красносельский";"";"Столкновение";"";"0";"0";"г Санкт-Петербург ш Петергофское 45";"0,0";"1,0";"2,0";"3,0";
"375,0";"10,01,2018";"Василеостровский";"";"Столкновение";"";"0";"0";"г Санкт-Петербург линия 18-я В,О, 23";"0,0";"1,0";"3,0";"2,0";
"376,0";"10,01,2018";"Центральный";"";"Наезд на пешехода";"";"0";"0";"г Санкт-Петербург пр-кт Греческий 6";"0,0";"1,0";"1,0";"2,0";
"377,0";"10,01,2018";"Адмиралтейский";"";"Падение пассажира";"";"0";"0";"г Санкт-Петербург наб Обводного канала 120";"0,0";"1,0";"1,0";"2,0";
"378,0";"10,01,2018";"Приморский";"";"Столкновение";"";"0";"0";"г Санкт-Петербург ул Вербная ул, Афонская";"0,0";"1,0";"2,0";"3,0";
"379,0";"10,01,2018";"Красногвардейский";"";"Столкновение";"";"0";"0";"г Санкт-Петербург пр-кт Ириновский 1";"0,0";"1,0";"3,0";"3,0";
"380,0";"10,01,2018";"Пушкинский";"";"Столкновение";"";"0";"0";"п Шушары ул Софийская Автозаводская";"0,0";"1,0";"2,0";"2,0";
"381,0";"10,01,2018";"Приморский";"";"Падение пассажира";"";"0";"0";"г Санкт-Петербург пр-кт Королёва 9";"0,0";"1,0";"1,0";"2,0";
"382,0";"09,01,2018";"Выборгский";"";"Наезд на пешехода";"";"0";"0";"г Санкт-Петербург пр-кт Луначарского 76, к 2";"0,0";"1,0";"1,0";"2,0";
"383,0";"09,01,2018";"Красногвардейский";"";"Столкновение";"";"0";"0";"г Санкт-Петербург ул Передовиков 1 16";"0,0";"1,0";"2,0";"2,0";
"384,0";"09,01,2018";"Кировский";"";"Столкновение";"";"0";"0";"г Санкт-Петербург пр-кт Стачек 45";"0,0";"3,0";"2,0";"4,0";
"385,0";"09,01,2018";"Кировский";"";"Столкновение";"";"0";"0";"г Санкт-Петербург ул Краснопутиловская Пр,Н,Ополчения";"0,0";"2,0";"2,0";"3,0";
"386,0";"09,01,2018";"Фрунзенский";"";"Наезд на пешехода";"";"0";"0";"г Санкт-Петербург ул Фучика 15";"0,0";"1,0";"1,0";"2,0";
"387,0";"09,01,2018";"Василеостровский";"";"Столкновение";"Западный скоростной диаметр";"28";"600";"г Санкт-Петербург  ";"0,0";"1,0";"2,0";"2,0";
"388,0";"09,01,2018";"Петроградский";"";"Наезд на препятствие";"";"0";"0";"г Санкт-Петербург наб Адмирала Лазарева 18 10";"0,0";"1,0";"1,0";"1,0";
"389,0";"09,01,2018";"Василеостровский";"";"Наезд на пешехода";"";"0";"0";"г Санкт-Петербург наб Макарова 8";"0,0";"1,0";"1,0";"2,0";
"390,0";"09,01,2018";"Невский";"";"Столкновение";"";"0";"0";"г Санкт-Петербург пр-кт Пятилеток 10 корпус 2";"0,0";"1,0";"2,0";"3,0";
"391,0";"09,01,2018";"Красносельский";"";"Столкновение";"";"0";"0";"г Санкт-Петербург пр-кт Ветеранов Авангардная";"0,0";"1,0";"2,0";"3,0";
"392,0";"09,01,2018";"Адмиралтейский";"";"Наезд на пешехода";"";"0";"0";"г Санкт-Петербург ул Введенский канал 2";"0,0";"1,0";"1,0";"2,0";
"393,0";"09,01,2018";"Калининский";"";"Столкновение";"";"0";"0";"г Санкт-Петербург пр-кт Науки 17 к1";"0,0";"1,0";"2,0";"2,0";
"394,0";"09,01,2018";"Красногвардейский";"";"Наезд на пешехода";"";"0";"0";"г Санкт-Петербург пр-кт Энергетиков 39";"0,0";"1,0";"1,0";"2,0";
"395,0";"08,01,2018";"Красносельский";"";"Наезд на пешехода";"";"0";"0";"г Санкт-Петербург ш Петергофское доблести";"0,0";"1,0";"1,0";"2,0";
"396,0";"08,01,2018";"Фрунзенский";"";"Наезд на пешехода";"";"0";"0";"г Санкт-Петербург ул Будапештская 18-1 по Димитрова";"0,0";"1,0";"1,0";"2,0";
"397,0";"08,01,2018";"Выборгский";"";"Столкновение";"";"0";"0";"г Санкт-Петербург наб Выборгская 55 корп, 3";"0,0";"4,0";"3,0";"5,0";
"398,0";"08,01,2018";"Петроградский";"";"Столкновение";"";"0";"0";"г Санкт-Петербург пр-кт Малый П,С, 26-28";"0,0";"1,0";"4,0";"5,0";
"399,0";"08,01,2018";"Красносельский";"";"Наезд на препятствие";"А-118 Кольцевая автомобильная дорога вокруг г, Санкт-Петербурга";"74";"400";"г Санкт-Петербург  ";"0,0";"1,0";"1,0";"1,0";
"400,0";"08,01,2018";"Фрунзенский";"";"Падение пассажира";"";"0";"0";"г Санкт-Петербург  ";"0,0";"1,0";"1,0";"2,0";
"401,0";"08,01,2018";"Невский";"";"Наезд на пешехода";"";"0";"0";"г Санкт-Петербург пр-кт Дальневосточный 46";"0,0";"1,0";"1,0";"2,0";
"402,0";"08,01,2018";"Колпинский";"";"Столкновение";"";"0";"0";"п Саперный ш Петрозаводское 52";"0,0";"5,0";"2,0";"6,0";
"403,0";"07,01,2018";"Красносельский";"";"Наезд на пешехода";"";"0";"0";"г Санкт-Петербург ул Партизана Германа 38 215";"0,0";"1,0";"1,0";"2,0";
"404,0";"07,01,2018";"Адмиралтейский";"";"Столкновение";"";"0";"0";"г Санкт-Петербург ш Митрофаньевское 2,корп,3";"0,0";"1,0";"2,0";"3,0";
"405,0";"07,01,2018";"Калининский";"";"Столкновение";"";"0";"0";"г Санкт-Петербург пр-кт Пискарёвский 30";"0,0";"1,0";"2,0";"2,0";
"406,0";"07,01,2018";"Калининский";"";"Наезд на пешехода";"";"0";"0";"г Санкт-Петербург пр-кт Просвещения 81";"0,0";"1,0";"1,0";"2,0";
"407,0";"07,01,2018";"Московский";"";"Падение пассажира";"";"0";"0";"г Санкт-Петербург ул Типанова Московская пл, Ю";"0,0";"1,0";"1,0";"2,0";
"408,0";"07,01,2018";"Центральный";"";"Наезд на пешехода";"";"0";"0";"г Санкт-Петербург ул Садовая 2";"0,0";"1,0";"1,0";"2,0";
"409,0";"07,01,2018";"Кировский";"";"Наезд на пешехода";"";"0";"0";"г Санкт-Петербург ул Зины Портновой 42";"0,0";"1,0";"1,0";"2,0";
"410,0";"07,01,2018";"Василеостровский";"";"Столкновение";"";"0";"0";"г Санкт-Петербург линия 26-я В,О, 27";"0,0";"1,0";"2,0";"2,0";
"411,0";"07,01,2018";"Фрунзенский";"";"Наезд на пешехода";"";"0";"0";"г Санкт-Петербург ул Бухарестская 3 по ул, Белы Куна";"0,0";"1,0";"1,0";"2,0";
"412,0";"07,01,2018";"Приморский";"";"Столкновение";"";"0";"0";"г Санкт-Петербург пр-кт Богатырский пр, Сизова";"0,0";"1,0";"3,0";"4,0";
"413,0";"07,01,2018";"Невский";"";"Столкновение";"";"0";"0";"г Санкт-Петербург ул Крыленко 1к1";"0,0";"1,0";"2,0";"2,0";
"414,0";"07,01,2018";"Выборгский";"";"Столкновение";"";"0";"0";"г Санкт-Петербург пр-кт Энгельса ул, Рашетова";"0,0";"1,0";"2,0";"2,0";
"415,0";"06,01,2018";"Калининский";"";"Столкновение";"";"0";"0";"г Санкт-Петербург пр-кт Маршала Блюхера 35";"0,0";"1,0";"2,0";"2,0";
"416,0";"06,01,2018";"Пушкинский";"";"Наезд на пешехода";"";"0";"0";"п Шушары ш Московское 678км 300м";"1,0";"0,0";"2,0";"2,0";
"417,0";"06,01,2018";"Выборгский";"";"Столкновение";"";"0";"0";"г Санкт-Петербург пр-кт Энгельса ул, Н,Рубцова";"0,0";"2,0";"3,0";"4,0";
"418,0";"06,01,2018";"Калининский";"";"Наезд на пешехода";"";"0";"0";"г Санкт-Петербург ул Руставели 43";"1,0";"0,0";"1,0";"2,0";
"419,0";"06,01,2018";"Красносельский";"";"Столкновение";"";"0";"0";"г Санкт-Петербург пр-кт Народного Ополчения 221";"0,0";"1,0";"2,0";"2,0";
"420,0";"06,01,2018";"Красносельский";"";"Столкновение";"";"0";"0";"г Санкт-Петербург ул Пограничника Гарькавого Петергофское ш,";"0,0";"4,0";"2,0";"6,0";
"421,0";"06,01,2018";"Центральный";"";"Наезд на пешехода";"";"0";"0";"г Санкт-Петербург ул 2-я Советская 1";"0,0";"2,0";"1,0";"3,0";
"422,0";"06,01,2018";"Приморский";"";"Столкновение";"";"0";"0";"г Санкт-Петербург пр-кт Богатырский 42";"0,0";"1,0";"2,0";"3,0";
"423,0";"06,01,2018";"Калининский";"";"Столкновение";"";"0";"0";"г Санкт-Петербург пр-кт Науки 6к1";"0,0";"1,0";"2,0";"3,0";
"424,0";"06,01,2018";"Фрунзенский";"";"Столкновение";"";"0";"0";"г Санкт-Петербург пр-кт Александровской Фермы 33 лит Г";"0,0";"2,0";"2,0";"3,0";
"425,0";"06,01,2018";"Адмиралтейский";"";"Наезд на пешехода";"";"0";"0";"г Санкт-Петербург пр-кт Клинский 23";"0,0";"1,0";"1,0";"2,0";
"426,0";"06,01,2018";"Пушкинский";"";"Наезд на пешехода";"";"0";"0";"г Пушкин ул Новодеревенская 8";"0,0";"1,0";"1,0";"2,0";
"427,0";"05,01,2018";"Петроградский";"";"Столкновение";"";"0";"0";"г Санкт-Петербург ул Ленина 27";"0,0";"1,0";"3,0";"3,0";
"428,0";"05,01,2018";"Приморский";"";"Наезд на пешехода";"";"0";"0";"г Санкт-Петербург ул Аккуратова 12а";"0,0";"2,0";"1,0";"3,0";
"429,0";"05,01,2018";"Пушкинский";"";"Наезд на пешехода";"";"0";"0";"п Шушары ш Московское 296";"1,0";"0,0";"1,0";"2,0";
"430,0";"05,01,2018";"Колпинский";"";"Столкновение";"";"0";"0";"п Металлострой ш Петрозаводское Плановая ул,";"0,0";"1,0";"2,0";"3,0";
"431,0";"05,01,2018";"Московский";"";"Наезд на пешехода";"";"0";"0";"г Санкт-Петербург пр-кт Московский 177";"0,0";"1,0";"1,0";"2,0";
"432,0";"05,01,2018";"Центральный";"";"Столкновение";"";"0";"0";"г Санкт-Петербург пр-кт Литейный Пестеля";"0,0";"2,0";"2,0";"3,0";
"433,0";"05,01,2018";"Петродворцовый";"";"Столкновение";"";"0";"0";"г Петергоф ул Озерковая Аврова";"0,0";"1,0";"2,0";"3,0";
"434,0";"05,01,2018";"Выборгский";"";"Столкновение";"";"0";"0";"г Санкт-Петербург пр-кт Луначарского ул, Есенина";"0,0";"1,0";"2,0";"2,0";
"435,0";"05,01,2018";"Невский";"";"Наезд на стоящее ТС";"";"0";"0";"г Санкт-Петербург ул Ивановская 21";"0,0";"1,0";"2,0";"3,0";
"436,0";"05,01,2018";"Московский";"";"Столкновение";"А-118 Кольцевая автомобильная дорога вокруг г, Санкт-Петербурга";"66";"985";"г Санкт-Петербург  ";"0,0";"5,0";"6,0";"10,0";
"437,0";"05,01,2018";"Василеостровский";"";"Наезд на пешехода";"";"0";"0";"г Санкт-Петербург наб Морская 45";"0,0";"1,0";"1,0";"2,0";
"438,0";"04,01,2018";"Пушкинский";"";"Столкновение";"";"0";"0";"п Шушары ш Колпинское (Детскосельский) Галицкая ул";"0,0";"1,0";"2,0";"3,0";
"439,0";"04,01,2018";"Калининский";"";"Наезд на пешехода";"";"0";"0";"г Санкт-Петербург пр-кт Пискарёвский 30";"0,0";"1,0";"1,0";"2,0";
"440,0";"04,01,2018";"Приморский";"";"Наезд на пешехода";"";"0";"0";"г Санкт-Петербург ул Долгоозёрная 11";"0,0";"1,0";"1,0";"2,0";
"441,0";"04,01,2018";"Невский";"";"Столкновение";"";"0";"0";"г Санкт-Петербург наб Октябрьская 48к3";"0,0";"2,0";"2,0";"3,0";
"442,0";"04,01,2018";"Выборгский";"";"Столкновение";"";"0";"0";"г Санкт-Петербург наб Пироговская 6в Литейный мост";"0,0";"2,0";"2,0";"4,0";
"443,0";"04,01,2018";"Кировский";"";"Столкновение";"";"0";"0";"г Санкт-Петербург пр-кт Стачек Трамвайный пр,";"0,0";"1,0";"2,0";"3,0";
"444,0";"04,01,2018";"Фрунзенский";"";"Столкновение";"";"0";"0";"г Санкт-Петербург пр-кт Лиговский 225";"0,0";"1,0";"2,0";"2,0";
"445,0";"04,01,2018";"Пушкинский";"";"Наезд на пешехода";"";"0";"0";"п Шушары ш Московское 70 к 6";"0,0";"1,0";"1,0";"2,0";
"446,0";"04,01,2018";"Калининский";"";"Наезд на препятствие";"";"0";"0";"г Санкт-Петербург пр-кт Пискарёвский 42";"0,0";"1,0";"1,0";"1,0";
"447,0";"04,01,2018";"Пушкинский";"";"Столкновение";"";"0";"0";"п Шушары ш Московское 52";"0,0";"2,0";"4,0";"4,0";
"448,0";"04,01,2018";"Пушкинский";"";"Наезд на пешехода";"";"0";"0";"п Шушары ш Московское 90";"1,0";"0,0";"1,0";"2,0";
"449,0";"04,01,2018";"Петродворцовый";"";"Съезд с дороги";"";"0";"0";"г Ломоносов ул Морская 35";"0,0";"2,0";"1,0";"2,0";
"450,0";"04,01,2018";"Колпинский";"";"Наезд на пешехода";"";"0";"0";"г Колпино ул Пролетарская Веры Слуцкой";"0,0";"1,0";"1,0";"2,0";
"451,0";"04,01,2018";"Невский";"";"Наезд на пешехода";"";"0";"0";"г Санкт-Петербург ул Коллонтай 21";"0,0";"1,0";"1,0";"2,0";
"452,0";"03,01,2018";"Калининский";"";"Наезд на стоящее ТС";"";"0";"0";"г Санкт-Петербург пр-кт Суздальский 109";"1,0";"0,0";"2,0";"1,0";
"453,0";"03,01,2018";"Кировский";"";"Столкновение";"";"0";"0";"г Санкт-Петербург пр-кт Народного Ополчения 185";"0,0";"1,0";"2,0";"2,0";
"454,0";"03,01,2018";"Красногвардейский";"";"Столкновение";"";"0";"0";"г Санкт-Петербург пр-кт Ириновский 16";"0,0";"2,0";"2,0";"4,0";
"455,0";"03,01,2018";"Пушкинский";"";"Столкновение";"";"0";"0";"п Александровская ш Волхонское Соболевская";"0,0";"1,0";"2,0";"3,0";
"456,0";"03,01,2018";"Калининский";"";"Наезд на пешехода";"";"0";"0";"г Санкт-Петербург ул Демьяна Бедного 24к,3";"0,0";"1,0";"1,0";"2,0";
"457,0";"03,01,2018";"Калининский";"";"Столкновение";"";"0";"0";"г Санкт-Петербург пр-кт Маршала Блюхера 14";"0,0";"1,0";"2,0";"2,0";
"458,0";"03,01,2018";"Петроградский";"";"Наезд на пешехода";"";"0";"0";"г Санкт-Петербург ул Большая Зеленина 1 44";"0,0";"1,0";"1,0";"2,0";
"459,0";"03,01,2018";"Приморский";"";"Наезд на пешехода";"";"0";"0";"г Санкт-Петербург ул Уточкина 3";"0,0";"1,0";"1,0";"2,0";
"460,0";"03,01,2018";"Фрунзенский";"";"Падение пассажира";"";"0";"0";"г Санкт-Петербург ул Ярослава Гашека 4 к 1";"0,0";"1,0";"1,0";"2,0";
"461,0";"03,01,2018";"Невский";"";"Столкновение";"";"0";"0";"г Санкт-Петербург ул Караваевская 33 к 1";"0,0";"6,0";"2,0";"6,0";
"462,0";"03,01,2018";"Невский";"";"Наезд на пешехода";"";"0";"0";"г Санкт-Петербург пр-кт Шлиссельбургский 12 к 1";"0,0";"1,0";"1,0";"2,0";
"463,0";"03,01,2018";"Пушкинский";"";"Столкновение";"";"0";"0";"г Пушкин б-р Детскосельский 5";"0,0";"1,0";"2,0";"2,0";
"464,0";"02,01,2018";"Кировский";"";"Наезд на пешехода";"";"0";"0";"г Санкт-Петербург  ";"0,0";"1,0";"1,0";"2,0";
"465,0";"02,01,2018";"Приморский";"";"Наезд на пешехода";"";"0";"0";"г Санкт-Петербург ул Планерная Камышовая";"0,0";"1,0";"1,0";"2,0";
"466,0";"02,01,2018";"Петроградский";"";"Наезд на пешехода";"";"0";"0";"г Санкт-Петербург наб Реки Карповки 45";"1,0";"0,0";"1,0";"2,0";
"467,0";"02,01,2018";"Василеостровский";"";"Столкновение";"";"0";"0";"г Санкт-Петербург линия 23-я В,О, 2";"0,0";"1,0";"2,0";"3,0";
"468,0";"02,01,2018";"Красносельский";"";"Наезд на пешехода";"";"0";"0";"г Красное Село пр-кт Ленина 104";"0,0";"1,0";"1,0";"2,0";
"469,0";"02,01,2018";"Приморский";"";"Столкновение";"";"0";"0";"г Санкт-Петербург пр-кт Богатырский 22 по Планерной ул,";"0,0";"1,0";"2,0";"3,0";
"470,0";"02,01,2018";"Красносельский";"";"Съезд с дороги";"";"0";"0";"г Санкт-Петербург ш Волхонское (Сергиево) 109";"0,0";"1,0";"1,0";"1,0";
"471,0";"02,01,2018";"Московский";"";"Столкновение";"";"0";"0";"г Санкт-Петербург ш Пулковское 70 в";"0,0";"5,0";"2,0";"6,0";
"472,0";"02,01,2018";"Василеостровский";"";"Наезд на стоящее ТС";"";"0";"0";"г Санкт-Петербург ул Кораблестроителей 30";"0,0";"1,0";"2,0";"2,0";
"473,0";"02,01,2018";"Красногвардейский";"";"Наезд на препятствие";"";"0";"0";"г Санкт-Петербург пр-кт Индустриальный 35";"1,0";"2,0";"1,0";"4,0";
"474,0";"02,01,2018";"Выборгский";"";"Наезд на пешехода";"";"0";"0";"г Санкт-Петербург пр-кт Скобелевский 5";"0,0";"1,0";"1,0";"2,0";
"475,0";"02,01,2018";"Кировский";"";"Наезд на пешехода";"";"0";"0";"г Санкт-Петербург пр-кт Ветеранов д 17 3 по дачному пр";"0,0";"2,0";"1,0";"3,0";
"476,0";"02,01,2018";"Адмиралтейский";"";"Наезд на пешехода";"";"0";"0";"г Санкт-Петербург пр-кт Старо-Петергофский 4";"0,0";"1,0";"1,0";"2,0";
"477,0";"01,01,2018";"Пушкинский";"";"Столкновение";"";"0";"0";"г Пушкин ул Парковая 38";"0,0";"4,0";"2,0";"4,0";
"478,0";"01,01,2018";"Красногвардейский";"";"Наезд на пешехода";"";"0";"0";"г Санкт-Петербург пр-кт Заневский 59";"1,0";"0,0";"1,0";"2,0";
"479,0";"01,01,2018";"Кировский";"";"Наезд на пешехода";"";"0";"0";"г Санкт-Петербург  ";"0,0";"1,0";"1,0";"2,0";
"480,0";"01,01,2018";"Приморский";"";"Наезд на пешехода";"";"0";"0";"г Санкт-Петербург пр-кт Комендантский 34А";"0,0";"1,0";"1,0";"2,0";
"481,0";"01,01,2018";"Выборгский";"";"Столкновение";"";"0";"0";"г Санкт-Петербург ул Есенина 1к,1";"0,0";"1,0";"2,0";"2,0";
"482,0";"01,01,2018";"Петроградский";"";"Столкновение";"";"0";"0";"г Санкт-Петербург пр-кт Морской 15";"0,0";"1,0";"2,0";"3,0";
"483,0";"01,01,2018";"Московский";"";"Столкновение";"";"0";"0";"г Санкт-Петербург пр-кт Ленинский 59 по варшавской";"0,0";"1,0";"2,0";"2,0";
"484,0";"01,01,2018";"Курортный";"";"Наезд на пешехода";"А-123 Зеленогорск - Приморск - Выборг";"108";"360";"п Смолячково  ";"0,0";"1,0";"1,0";"2,0";
"485,0";"01,01,2018";"Кировский";"";"Столкновение";"";"0";"0";"г Санкт-Петербург пр-кт Ветеранов ул, Лени Голикова";"0,0";"2,0";"3,0";"3,0";
"486,0";"01,01,2018";"Василеостровский";"";"Наезд на пешехода";"";"0";"0";"г Санкт-Петербург пр-кт Большой В,О, 83";"0,0";"1,0";"1,0";"2,0";
"487,0";"01,01,2018";"Приморский";"";"Наезд на пешехода";"";"0";"0";"г Санкт-Петербург пр-кт Королёва 27 1";"0,0";"1,0";"1,0";"4,0";
"488,0";"01,01,2018";"Приморский";"";"Наезд на препятствие";"";"0";"0";"г Санкт-Петербург ул Байконурская 4";"0,0";"1,0";"1,0";"2,0";
"489,0";"01,01,2018";"Приморский";"";"Столкновение";"";"0";"0";"г Санкт-Петербург пр-кт Королёва 7";"0,0";"1,0";"2,0";"3,0";