"1,0";"28,02,2022";"Северный";"450037629";"Наезд на препятствие";"";"0";"0";"г Москва ш Дмитровское 122г кор1, стр1";"0,0";"1,0";"1,0";"1,0";
"3,0";"28,02,2022";"Южное Бутово";"450038125";"Наезд на пешехода";"";"0";"0";"г Москва ул Маршала Савицкого 28";"0,0";"1,0";"1,0";"2,0";
"4,0";"28,02,2022";"Северное Тушино";"450039217";"Падение пассажира";"";"0";"0";"г Москва ул Планерная 12 к, 1";"0,0";"1,0";"1,0";"2,0";
"5,0";"28,02,2022";"Капотня";"450038194";"Столкновение";"Московская кольцевая автомобильная дорога (МКАД) внешняя сторона";"16";"0";"г Москва  ";"0,0";"1,0";"2,0";"2,0";
"6,0";"28,02,2022";"Чертаново Северное";"450037655";"Наезд на пешехода";"";"0";"0";"г Москва ул Чертановская 15";"0,0";"1,0";"1,0";"2,0";
"7,0";"28,02,2022";"Даниловский";"450037641";"Наезд на лицо, не являющееся участником дорожного движения, осуществляющее производство работ";"";"0";"0";"г Москва пр-кт Андропова 10";"1,0";"1,0";"1,0";"3,0";
"8,0";"28,02,2022";"Коньково";"450038316";"Столкновение";"";"0";"0";"г Москва  ";"0,0";"1,0";"2,0";"2,0";
"9,0";"28,02,2022";"Ново-Переделкино";"450037951";"Столкновение";"";"0";"0";"г Москва ул Лукинская 9";"0,0";"2,0";"2,0";"2,0";
"10,0";"28,02,2022";"Нагатинский затон";"450038057";"Столкновение";"";"0";"0";"г Москва ул Судостроительная 17";"0,0";"1,0";"2,0";"2,0";
"11,0";"28,02,2022";"Марьино";"450038016";"Наезд на пешехода";"";"0";"0";"г Москва ул Перерва 31";"0,0";"1,0";"1,0";"2,0";
"12,0";"28,02,2022";"Филимонковское";"450037709";"Столкновение";"М-3 Украина (Москва-Украина)";"28";"600";"  ";"0,0";"2,0";"3,0";"4,0";
"13,0";"28,02,2022";"Можайский";"450037929";"Наезд на пешехода";"";"0";"0";"г Москва  ";"1,0";"0,0";"1,0";"2,0";
"14,0";"28,02,2022";"Северный";"450037875";"Наезд на пешехода";"";"0";"0";"г Москва ш Дмитровское 178ас1";"0,0";"1,0";"1,0";"2,0";
"15,0";"28,02,2022";"Лосиноостровский";"450037743";"Наезд на стоящее ТС";"";"0";"0";"г Москва проезд Анадырский 47 к,1";"0,0";"1,0";"4,0";"1,0";
"16,0";"28,02,2022";"Пресненский";"450038099";"Наезд на пешехода";"";"0";"0";"г Москва  ";"0,0";"1,0";"1,0";"2,0";
"17,0";"28,02,2022";"Красносельский";"450037654";"Наезд на препятствие";"";"0";"0";"г Москва ул Садовая-Спасская 12 23, стр,2";"0,0";"1,0";"1,0";"1,0";
"18,0";"27,02,2022";"Южное Бутово";"450037467";"Наезд на пешехода";"";"0";"0";"г Москва ул Изюмская 38";"1,0";"0,0";"1,0";"2,0";
"19,0";"27,02,2022";"Косино-Ухтомский";"450037430";"Падение пассажира";"";"0";"0";"п Ухтомский ул Покровская Проезд 598 МГО№39";"0,0";"1,0";"1,0";"2,0";
"20,0";"27,02,2022";"Мещанский";"450039002";"Столкновение";"";"0";"0";"г Москва пр-кт Мира 41 стр, 2";"0,0";"1,0";"2,0";"3,0";
"21,0";"27,02,2022";"Измайлово";"450037349";"Наезд на пешехода";"";"0";"0";"г Москва проезд Измайловский 6";"0,0";"1,0";"1,0";"2,0";
"22,0";"27,02,2022";"Южное Бутово";"450037777";"Столкновение";"";"0";"0";"г Москва ул Староникольская 85";"0,0";"1,0";"2,0";"2,0";
"23,0";"27,02,2022";"Южное Бутово";"450037383";"Падение пассажира";"";"0";"0";"г Москва ул Бутовская Б, 16";"0,0";"1,0";"1,0";"2,0";
"24,0";"27,02,2022";"Косино-Ухтомский";"450037155";"Столкновение";"";"0";"0";"п Ухтомский ул Дмитриевского 2";"0,0";"3,0";"2,0";"4,0";
"25,0";"27,02,2022";"Сосенское";"450037282";"Столкновение";"";"0";"0";" км Калужское шоссе 22-й (п Сосенское) 22км";"0,0";"2,0";"4,0";"4,0";
"26,0";"27,02,2022";"Строгино";"450037637";"Столкновение";"";"0";"0";"г Москва проезд Неманский 4 2";"0,0";"1,0";"2,0";"3,0";
"27,0";"27,02,2022";"Теплый Стан";"450037509";"Столкновение";"Московская кольцевая автомобильная дорога (МКАД) внешняя сторона";"44";"0";"г Москва  ";"0,0";"2,0";"3,0";"5,0";
"28,0";"27,02,2022";"Мещанский";"450037604";"Столкновение";"";"0";"0";"г Москва пр-кт Олимпийский 14";"0,0";"1,0";"2,0";"3,0";
"29,0";"27,02,2022";"Академический";"450037396";"Наезд на пешехода";"";"0";"0";"г Москва пр-кт 60-летия Октября 18к1";"0,0";"1,0";"1,0";"2,0";
"30,0";"27,02,2022";"Отрадное";"450037598";"Наезд на пешехода";"";"0";"0";"г Москва ул Декабристов 43";"1,0";"0,0";"1,0";"2,0";
"31,0";"26,02,2022";"Аэропорт";"450038259";"Наезд на пешехода";"";"0";"0";"г Москва  ";"0,0";"1,0";"1,0";"2,0";
"32,0";"26,02,2022";"Тверской";"450042205";"Наезд на пешехода";"";"0";"0";"г Москва  ";"0,0";"1,0";"1,0";"2,0";
"33,0";"26,02,2022";"Бабушкинский";"450037053";"Столкновение";"";"0";"0";"г Москва ул Менжинского 13, кор,1";"1,0";"1,0";"3,0";"4,0";
"34,0";"26,02,2022";"Филимонковское";"450036528";"Столкновение";"";"0";"0";"п Валуево гск Валуево ,";"0,0";"1,0";"2,0";"2,0";
"35,0";"26,02,2022";"Мещанский";"450037093";"Столкновение";"";"0";"0";"г Москва пр-кт Мира 49";"0,0";"4,0";"2,0";"6,0";
"36,0";"26,02,2022";"Даниловский";"450036730";"Наезд на пешехода";"";"0";"0";"г Москва ул Тюфелева Роща 24";"0,0";"1,0";"1,0";"2,0";
"37,0";"26,02,2022";"Черемушки";"450036684";"Столкновение";"";"0";"0";"г Москва пр-кт Севастопольский 48 корп 1";"0,0";"1,0";"2,0";"3,0";
"38,0";"26,02,2022";"Хорошево-Мневники";"450036966";"Наезд на пешехода";"";"0";"0";"г Москва  ";"0,0";"1,0";"1,0";"2,0";
"39,0";"26,02,2022";"Обручевский";"450036697";"Столкновение";"";"0";"0";"г Москва ул Профсоюзная 60 корп1";"0,0";"1,0";"3,0";"3,0";
"40,0";"26,02,2022";"Перово";"450036756";"Столкновение";"";"0";"0";"г Москва ул Плющева 5к1";"0,0";"1,0";"2,0";"3,0";
"41,0";"26,02,2022";"Косино-Ухтомский";"450036864";"Наезд на пешехода";"";"0";"0";"п Ухтомский проезд Проектируемый 625-й 1стр6";"0,0";"1,0";"1,0";"2,0";
"42,0";"26,02,2022";"Зюзино";"450036867";"Столкновение";"";"0";"0";"г Москва пр-кт Балаклавский 56 к,1";"0,0";"1,0";"2,0";"3,0";
"43,0";"26,02,2022";"Лианозово";"450036613";"Столкновение";"Московская кольцевая автомобильная дорога (МКАД) внутренняя сторона";"85";"10";"г Москва  ";"0,0";"2,0";"2,0";"3,0";
"44,0";"26,02,2022";"Южное Бутово";"450036535";"Наезд на препятствие";"";"0";"0";"г Москва проезд Чечёрский 9А";"0,0";"2,0";"1,0";"2,0";
"45,0";"26,02,2022";"Воскресенское";"450036863";"Наезд на пешехода";"";"0";"0";"д Ямонтово ул Звёздная 71";"0,0";"1,0";"1,0";"2,0";
"46,0";"26,02,2022";"Нижегородский";"450036990";"Наезд на пешехода";"";"0";"0";"г Москва  ";"0,0";"1,0";"1,0";"2,0";
"47,0";"26,02,2022";"Северный";"450037402";"Столкновение";"";"0";"0";"г Москва ш Долгопрудненское 8";"0,0";"1,0";"2,0";"2,0";
"48,0";"25,02,2022";"Беговой";"450036334";"Наезд на препятствие";"";"0";"0";"г Москва  ";"0,0";"1,0";"1,0";"1,0";
"49,0";"25,02,2022";"Северное Медведково";"450039032";"Наезд на пешехода";"";"0";"0";"г Москва проезд Шокальского 69в";"0,0";"1,0";"1,0";"2,0";
"50,0";"25,02,2022";"Выхино-Жулебино";"450036488";"Наезд на стоящее ТС";"Московская кольцевая автомобильная дорога (МКАД) внутренняя сторона";"11";"0";"г Москва  ";"0,0";"1,0";"3,0";"2,0";
"51,0";"25,02,2022";"Ново-Переделкино";"450039860";"Наезд на пешехода";"";"0";"0";"г Москва ш Боровское 27";"0,0";"1,0";"1,0";"2,0";
"52,0";"25,02,2022";"Нагатино-Садовники";"450036492";"Наезд на препятствие";"";"0";"0";"г Москва ш Каширское 2 К1";"0,0";"1,0";"1,0";"1,0";
"53,0";"25,02,2022";"Печатники";"450036325";"Наезд на пешехода";"";"0";"0";"г Москва ул Кухмистерова 3 кор, 1";"1,0";"0,0";"1,0";"2,0";
"54,0";"25,02,2022";"Марьино";"450036825";"Столкновение";"";"0";"0";"г Москва ул Новомарьинская 14 15";"0,0";"1,0";"2,0";"2,0";
"55,0";"25,02,2022";"Митино";"450036041";"Наезд на пешехода";"";"0";"0";"г Москва ш Пятницкое 13";"0,0";"1,0";"1,0";"2,0";
"56,0";"25,02,2022";"Даниловский";"450036490";"Наезд на пешехода";"";"0";"0";"г Москва ул Шухова 14";"0,0";"1,0";"1,0";"2,0";
"57,0";"25,02,2022";"Выхино-Жулебино";"450037125";"Столкновение";"";"0";"0";"г Москва ул Ташкентская 24 к 1";"0,0";"1,0";"2,0";"2,0";
"58,0";"25,02,2022";"Южное Тушино";"450036252";"Наезд на пешехода";"";"0";"0";"г Москва ул Аэродромная 10-1";"0,0";"1,0";"1,0";"2,0";
"59,0";"25,02,2022";"Краснопахорское поселение";"450036190";"Съезд с дороги";"";"0";"0";"д Раево ул Зелёная 1";"0,0";"1,0";"1,0";"1,0";
"60,0";"25,02,2022";"Красносельский";"450036666";"Столкновение";"";"0";"0";"г Москва ул Садовая-Спасская д,3, стр,2";"0,0";"2,0";"2,0";"2,0";
"61,0";"25,02,2022";"Басманный";"450035867";"Наезд на пешехода";"Третье транспортное кольцо (внутренняя сторона)";"32";"0";"г Москва ул Радио 23 9, стр,2";"0,0";"1,0";"2,0";"2,0";
"62,0";"25,02,2022";"Раменки";"450036356";"Столкновение";"";"0";"0";"г Москва  ";"0,0";"1,0";"2,0";"2,0";
"63,0";"25,02,2022";"Митино";"450036308";"Наезд на пешехода";"";"0";"0";"г Москва  ";"0,0";"1,0";"1,0";"2,0";
"64,0";"25,02,2022";"Вешняки";"450036200";"Наезд на пешехода";"";"0";"0";"г Москва ул Молдагуловой 18";"0,0";"1,0";"1,0";"2,0";
"65,0";"25,02,2022";"Нагатино-Садовники";"450036875";"Столкновение";"";"0";"0";"г Москва проезд Коломенский 23 К2";"0,0";"1,0";"2,0";"2,0";
"66,0";"25,02,2022";"Выхино-Жулебино";"450036989";"Столкновение";"";"0";"0";"г Москва пр-кт Лермонтовский 6";"0,0";"1,0";"2,0";"3,0";
"67,0";"25,02,2022";"Бибирево";"450037368";"Наезд на препятствие";"";"0";"0";"г Москва ул Лескова 12";"0,0";"1,0";"2,0";"2,0";
"68,0";"25,02,2022";"Нагатино-Садовники";"450048239";"Наезд на пешехода";"";"0";"0";"г Москва  ";"0,0";"1,0";"1,0";"2,0";
"69,0";"25,02,2022";"Южное Медведково";"450036206";"Наезд на пешехода";"";"0";"0";"г Москва ул Заповедная 28";"0,0";"1,0";"1,0";"2,0";
"70,0";"25,02,2022";"Бибирево";"450035874";"Наезд на стоящее ТС";"Московская кольцевая автомобильная дорога (МКАД) внешняя сторона";"85";"0";"г Москва  ";"1,0";"0,0";"2,0";"2,0";
"71,0";"24,02,2022";"Южное Бутово";"450035665";"Падение пассажира";"";"0";"0";"г Москва ул Южнобутовская 61";"0,0";"1,0";"1,0";"2,0";
"72,0";"24,02,2022";"Очаково-Матвеевское";"450035610";"Наезд на пешехода";"";"0";"0";"п Матвеевское ш Очаковское 10к1";"0,0";"1,0";"1,0";"2,0";
"73,0";"24,02,2022";"Рязанский";"450035923";"Наезд на пешехода";"";"0";"0";"г Москва ул Михайлова 51 1";"0,0";"1,0";"1,0";"2,0";
"74,0";"24,02,2022";"Тверской";"450035318";"Столкновение";"";"0";"0";"г Москва ул Бутырский Вал 68 73 стр, 2";"0,0";"1,0";"3,0";"3,0";
"75,0";"24,02,2022";"Пресненский";"450035231";"Наезд на пешехода";"";"0";"0";"г Москва  ";"0,0";"1,0";"1,0";"2,0";
"76,0";"24,02,2022";"Ломоносовский";"450035463";"Наезд на велосипедиста";"";"0";"0";"г Москва ул Вавилова 81";"0,0";"1,0";"2,0";"2,0";
"77,0";"24,02,2022";"Пресненский";"450035460";"Падение пассажира";"";"0";"0";"г Москва ул Трехгорный Вал 20";"0,0";"1,0";"1,0";"2,0";
"78,0";"24,02,2022";"Орехово-Борисово Северное";"450036350";"Столкновение";"";"0";"0";"г Москва ш Каширское 61Г";"0,0";"1,0";"2,0";"2,0";
"79,0";"24,02,2022";"Марьина роща";"450035759";"Наезд на велосипедиста";"";"0";"0";"г Москва ул Шереметьевская 37 к,2";"0,0";"1,0";"2,0";"2,0";
"80,0";"24,02,2022";"Северное Медведково";"450035209";"Столкновение";"";"0";"0";"г Москва ул Широкая 5, к,1";"0,0";"2,0";"2,0";"4,0";
"81,0";"24,02,2022";"Люблино";"450035671";"Падение пассажира";"";"0";"0";"г Москва ул Совхозная 12";"0,0";"1,0";"1,0";"2,0";
"82,0";"24,02,2022";"Орехово-Борисово Южное";"450040381";"Наезд на пешехода";"";"0";"0";"г Москва  ";"0,0";"1,0";"1,0";"2,0";
"83,0";"24,02,2022";"Краснопахорское поселение";"450035663";"Наезд на пешехода";"А-101 Калужское шоссе (Москва-Малоярославец-Рославль)";"42";"0";"  ";"0,0";"1,0";"1,0";"2,0";
"84,0";"24,02,2022";"Богородское";"450038241";"Наезд на пешехода";"";"0";"0";"г Москва ш Открытое 8";"0,0";"1,0";"1,0";"2,0";
"85,0";"24,02,2022";"Савеловский";"450035805";"Наезд на пешехода";"";"0";"0";"г Москва  ";"0,0";"1,0";"1,0";"2,0";
"86,0";"24,02,2022";"Бибирево";"450035845";"Наезд на препятствие";"Московская кольцевая автомобильная дорога (МКАД) внешняя сторона";"85";"0";"г Москва  ";"1,0";"0,0";"1,0";"1,0";
"87,0";"24,02,2022";"Лефортово";"450035842";"Наезд на велосипедиста";"";"0";"0";"г Москва ул Волочаевская 6";"0,0";"1,0";"2,0";"2,0";
"88,0";"24,02,2022";"Южнопортовый";"450035924";"Столкновение";"";"0";"0";"г Москва ул Сайкина 1 2";"0,0";"1,0";"2,0";"3,0";
"89,0";"24,02,2022";"Гольяново";"450037401";"Столкновение";"Московская кольцевая автомобильная дорога (МКАД) внутренняя сторона";"105";"0";"г Москва  ";"0,0";"1,0";"4,0";"4,0";
"90,0";"24,02,2022";"Можайский";"450035570";"Наезд на стоящее ТС";"Московская кольцевая автомобильная дорога (МКАД) внутренняя сторона";"55";"0";"г Москва  ";"0,0";"2,0";"2,0";"3,0";
"91,0";"23,02,2022";"Бирюлево Восточное";"450034773";"Наезд на стоящее ТС";"Московская кольцевая автомобильная дорога (МКАД) внутренняя сторона";"24";"0";"г Москва  ";"0,0";"1,0";"3,0";"3,0";
"92,0";"23,02,2022";"Митино";"450034947";"Наезд на лицо, не являющееся участником дорожного движения, осуществляющее производство работ";"";"0";"0";"г Москва ш Пятницкое 47";"0,0";"1,0";"1,0";"2,0";
"93,0";"23,02,2022";"Останкинский";"450035436";"Столкновение";"";"0";"0";"г Москва ул Сельскохозяйственная 38к1";"0,0";"1,0";"2,0";"3,0";
"94,0";"23,02,2022";"Теплый Стан";"450034744";"Наезд на пешехода";"Московская кольцевая автомобильная дорога (МКАД) внешняя сторона";"43";"0";"г Москва  ";"0,0";"1,0";"1,0";"2,0";
"95,0";"23,02,2022";"Бабушкинский";"450034891";"Наезд на пешехода";"";"0";"0";"г Москва ул Лётчика Бабушкина 4";"0,0";"1,0";"1,0";"2,0";
"96,0";"23,02,2022";"Нижегородский";"450034815";"Столкновение";"Третье транспортное кольцо (внешняя сторона)";"2";"0";"г Москва  ";"0,0";"1,0";"2,0";"3,0";
"97,0";"23,02,2022";"Лосиноостровский";"450035131";"Наезд на пешехода";"";"0";"0";"г Москва ул Тайнинская 8";"0,0";"1,0";"1,0";"2,0";
"98,0";"23,02,2022";"Обручевский";"450034953";"Наезд на пешехода";"";"0";"0";"г Москва  ";"0,0";"1,0";"1,0";"2,0";
"99,0";"23,02,2022";"Орехово-Борисово Южное";"450035056";"Наезд на велосипедиста";"";"0";"0";"г Москва ул Ясеневая 13";"0,0";"1,0";"2,0";"2,0";
"100,0";"23,02,2022";"Хорошевский";"450035088";"Наезд на велосипедиста";"";"0";"0";"г Москва ул Поликарпова 25";"0,0";"1,0";"2,0";"2,0";
"101,0";"23,02,2022";"Северное Медведково";"450036136";"Наезд на пешехода";"";"0";"0";"г Москва  ";"0,0";"1,0";"1,0";"2,0";
"102,0";"22,02,2022";"Бибирево";"450038453";"Наезд на пешехода";"";"0";"0";"г Москва  ";"0,0";"1,0";"1,0";"2,0";
"103,0";"22,02,2022";"Пресненский";"450034208";"Наезд на велосипедиста";"";"0";"0";"г Москва проезд Красногвардейский 1-й 12 с 1";"0,0";"1,0";"2,0";"2,0";
"104,0";"22,02,2022";"Чертаново Центральное";"450039126";"Падение пассажира";"";"0";"0";"г Москва ул Кировоградская 15 СТР4";"0,0";"1,0";"1,0";"2,0";
"105,0";"22,02,2022";"Строгино";"450050597";"Столкновение";"";"0";"0";"г Москва пр-кт Маршала Жукова 79";"0,0";"1,0";"2,0";"2,0";
"106,0";"22,02,2022";"Даниловский";"450034043";"Падение пассажира";"";"0";"0";"г Москва ул Ленинская Слобода 7";"0,0";"1,0";"1,0";"2,0";
"107,0";"22,02,2022";"Нагатино-Садовники";"450034468";"Наезд на пешехода";"";"0";"0";"г Москва ш Варшавское 39";"0,0";"1,0";"1,0";"2,0";
"108,0";"22,02,2022";"Коньково";"450034493";"Наезд на пешехода";"";"0";"0";"г Москва ул Академика Волгина 9 к,1";"1,0";"0,0";"1,0";"2,0";
"109,0";"22,02,2022";"Сосенское";"450034242";"Падение груза";"А-101 Калужское шоссе (Москва-Малоярославец-Рославль)";"25";"0";"  ";"0,0";"1,0";"2,0";"2,0";
"110,0";"22,02,2022";"Аэропорт";"450034318";"Падение пассажира";"";"0";"0";"г Москва пр-кт Ленинградский 54";"0,0";"1,0";"1,0";"2,0";
"111,0";"22,02,2022";"Дорогомилово";"450034050";"Падение пассажира";"";"0";"0";"г Москва ул Дорогомиловская Б, 14";"0,0";"1,0";"1,0";"2,0";
"112,0";"22,02,2022";"Хорошевский";"450034309";"Наезд на пешехода";"";"0";"0";"г Москва ул Гризодубовой 1";"0,0";"1,0";"1,0";"2,0";
"113,0";"22,02,2022";"Метрогородок";"450034016";"Столкновение";"";"0";"0";"г Москва ул Лосиноостровская 40к2";"0,0";"1,0";"2,0";"2,0";
"114,0";"22,02,2022";"ГУ МВД 2 СП ДПС 2 бат,";"450034308";"Столкновение";"А-106 Рублево-Успенское шоссе";"21";"0";"г Москва  ";"0,0";"2,0";"2,0";"3,0";
"115,0";"22,02,2022";"Хорошево-Мневники";"450034157";"Наезд на пешехода";"";"0";"0";"г Москва  ";"0,0";"1,0";"1,0";"2,0";
"116,0";"22,02,2022";"Чертаново Северное";"450035352";"Столкновение";"";"0";"0";"г Москва ш Варшавское 99А";"0,0";"1,0";"2,0";"3,0";
"117,0";"22,02,2022";"Останкинский";"450035053";"Наезд на велосипедиста";"";"0";"0";"г Москва ул Останкинская 1-я 8 корп,1";"0,0";"2,0";"3,0";"3,0";
"118,0";"22,02,2022";"Тропарево-Никулино";"450034733";"Столкновение";"Московская кольцевая автомобильная дорога (МКАД) внутренняя сторона";"45";"0";"г Москва  ";"0,0";"1,0";"3,0";"4,0";
"119,0";"22,02,2022";"Коньково";"450034192";"Падение пассажира";"";"0";"0";"г Москва ул Профсоюзная 102";"0,0";"1,0";"1,0";"2,0";
"120,0";"22,02,2022";"Печатники";"450034181";"Наезд на пешехода";"";"0";"0";"г Москва ул Шоссейная 2к,2";"1,0";"0,0";"1,0";"2,0";
"121,0";"22,02,2022";"Левобережный";"450033916";"Столкновение";"";"0";"0";"г Москва ш Ленинградское 110";"0,0";"1,0";"3,0";"3,0";
"122,0";"22,02,2022";"Митино";"450035066";"Столкновение";"";"0";"0";"г Москва пер Митинский 1-й 17";"0,0";"1,0";"2,0";"3,0";
"123,0";"22,02,2022";"Вешняки";"450033885";"Наезд на пешехода";"";"0";"0";"г Москва ул Красный Казанец 15";"0,0";"1,0";"1,0";"2,0";
"124,0";"22,02,2022";"Донской";"450034685";"Падение пассажира";"";"0";"0";"г Москва ул Тульская Б, 44";"0,0";"1,0";"1,0";"2,0";
"125,0";"22,02,2022";"Щукино";"450033959";"Наезд на пешехода";"";"0";"0";"г Москва ул Маршала Бирюзова 34";"0,0";"1,0";"1,0";"2,0";
"126,0";"22,02,2022";"Северное Измайлово";"450040160";"Наезд на пешехода";"";"0";"0";"г Москва  ";"0,0";"1,0";"1,0";"2,0";
"127,0";"21,02,2022";"Алтуфьевский";"450038411";"Столкновение";"";"0";"0";"г Москва ш Алтуфьевское 50";"0,0";"1,0";"2,0";"3,0";
"128,0";"21,02,2022";"Митино";"450037783";"Наезд на пешехода";"";"0";"0";"г Москва  ";"0,0";"1,0";"1,0";"2,0";
"129,0";"21,02,2022";"Митино";"450033563";"Наезд на пешехода";"";"0";"0";"г Москва ул Барышиха 38";"1,0";"0,0";"1,0";"2,0";
"130,0";"21,02,2022";"Молжаниновский";"450033188";"Столкновение";"";"0";"0";"г Москва ш Новосходненское 86";"0,0";"2,0";"2,0";"4,0";
"131,0";"21,02,2022";"Пресненский";"450033685";"Столкновение";"";"0";"0";"г Москва проезд Шмитовский 10 7";"0,0";"1,0";"2,0";"2,0";
"132,0";"21,02,2022";"Силино";"450033836";"Столкновение";"";"0";"0";"г Зеленоград пр-кт Панфиловский 1145";"0,0";"1,0";"2,0";"2,0";
"133,0";"21,02,2022";"Тверской";"450035403";"Столкновение";"Третье транспортное кольцо (внутренняя сторона)";"23";"0";"г Москва  ";"0,0";"1,0";"2,0";"3,0";
"134,0";"21,02,2022";"Вешняки";"450034010";"Столкновение";"";"0";"0";"г Москва ул Молдагуловой 34 стр1";"0,0";"1,0";"2,0";"2,0";
"135,0";"21,02,2022";"Чертаново Северное";"450033812";"Столкновение";"";"0";"0";"г Москва ш Варшавское 116";"0,0";"1,0";"5,0";"5,0";
"136,0";"21,02,2022";"Москворечье-Сабурово";"450033309";"Столкновение";"";"0";"0";"г Москва ш Каширское 57А";"0,0";"1,0";"2,0";"2,0";
"137,0";"21,02,2022";"Преображенское";"450035687";"Наезд на пешехода";"";"0";"0";"г Москва ул Преображенская 5 7";"0,0";"1,0";"1,0";"2,0";
"138,0";"21,02,2022";"Тверской";"450033534";"Наезд на пешехода";"";"0";"0";"г Москва ул Тверская-Ямская 3-Я 58 5";"0,0";"1,0";"1,0";"2,0";
"139,0";"21,02,2022";"Москворечье-Сабурово";"450033137";"Наезд на стоящее ТС";"";"0";"0";"г Москва ш Каширское 53";"0,0";"1,0";"2,0";"1,0";
"140,0";"21,02,2022";"ГУ МВД 2 СП ДПС 2 бат,";"450033360";"Столкновение";"М-9 Балтия Москва - Волоколамск - граница с Латвийской Республикой";"20";"0";"г Москва  ";"0,0";"1,0";"2,0";"2,0";
"141,0";"20,02,2022";"Бирюлево Восточное";"450034955";"Столкновение";"Московская кольцевая автомобильная дорога (МКАД) внутренняя сторона";"28";"0";"г Москва  ";"0,0";"1,0";"3,0";"3,0";
"142,0";"20,02,2022";"Братеево";"450033086";"Столкновение";"Московская кольцевая автомобильная дорога (МКАД) внутренняя сторона";"20";"0";"г Москва  ";"0,0";"1,0";"2,0";"2,0";
"143,0";"20,02,2022";"Мещанский";"450032524";"Наезд на пешехода";"";"0";"0";"г Москва б-р Цветной 24 к,1";"0,0";"1,0";"1,0";"2,0";
"144,0";"20,02,2022";"Измайлово";"450034771";"Столкновение";"";"0";"0";"г Москва ул Парковая 9-я 52К1";"0,0";"1,0";"3,0";"3,0";
"145,0";"20,02,2022";"Южное Бутово";"450033072";"Столкновение";"";"0";"0";"г Москва ул Адмирала Лазарева 36";"0,0";"1,0";"2,0";"2,0";
"146,0";"20,02,2022";"Коньково";"450033054";"Наезд на пешехода";"";"0";"0";"г Москва ул Введенского 13а";"0,0";"1,0";"1,0";"2,0";
"147,0";"20,02,2022";"Гольяново";"450034412";"Наезд на пешехода";"";"0";"0";"г Москва ул Новосибирская 4";"0,0";"1,0";"1,0";"2,0";
"148,0";"20,02,2022";"Арбат";"450033039";"Столкновение";"";"0";"0";"г Москва ул Воздвиженка 16строение1";"0,0";"1,0";"2,0";"3,0";
"149,0";"20,02,2022";"Западное Дегунино";"450032688";"Столкновение";"";"0";"0";"г Москва ул Краснополянская 1";"0,0";"1,0";"2,0";"2,0";
"150,0";"20,02,2022";"Марьино";"450037947";"Наезд на пешехода";"";"0";"0";"г Москва б-р Мячковский 2";"0,0";"1,0";"1,0";"2,0";
"151,0";"20,02,2022";"Люблино";"450034779";"Столкновение";"";"0";"0";"г Москва ул Краснодонская 5с1";"0,0";"1,0";"2,0";"3,0";
"152,0";"20,02,2022";"Крюково";"450033004";"Столкновение";"";"0";"0";"г Зеленоград ул Логвиненко 1508";"0,0";"1,0";"2,0";"3,0";
"153,0";"20,02,2022";"Мещанский";"450032506";"Столкновение";"";"0";"0";"г Москва пр-кт Мира 13";"0,0";"3,0";"4,0";"6,0";
"154,0";"20,02,2022";"ГУ МВД 2 СП ДПС 2 бат,";"450033082";"Столкновение";"А-106 Рублево-Успенское шоссе";"6";"0";"г Москва  ";"0,0";"1,0";"2,0";"2,0";
"155,0";"20,02,2022";"Алтуфьевский";"450033080";"Наезд на пешехода";"";"0";"0";"г Москва  ";"0,0";"1,0";"1,0";"2,0";
"156,0";"20,02,2022";"Хорошево-Мневники";"450033081";"Наезд на велосипедиста";"";"0";"0";"г Москва ул Маршала Тухачевского 19";"0,0";"1,0";"2,0";"2,0";
"157,0";"19,02,2022";"Аэропорт";"450032505";"Наезд на стоящее ТС";"";"0";"0";"г Москва пр-кт Ленинградский 60";"0,0";"1,0";"2,0";"3,0";
"158,0";"19,02,2022";"Нижегородский";"450032746";"Столкновение";"";"0";"0";"г Москва ул Нижегородская 72 2";"0,0";"1,0";"2,0";"2,0";
"159,0";"19,02,2022";"Левобережный";"450032346";"Наезд на пешехода";"";"0";"0";"г Москва  ";"0,0";"1,0";"1,0";"2,0";
"160,0";"19,02,2022";"Тропарево-Никулино";"450032202";"Наезд на велосипедиста";"";"0";"0";"г Москва пр-кт Вернадского 97,к,3";"0,0";"1,0";"2,0";"2,0";
"161,0";"19,02,2022";"Красносельский";"450031895";"Наезд на стоящее ТС";"Третье транспортное кольцо (внешняя сторона)";"30";"0";"г Москва  ";"0,0";"1,0";"2,0";"3,0";
"162,0";"19,02,2022";"Марьино";"450032302";"Наезд на пешехода";"";"0";"0";"г Москва ул Перерва 31";"0,0";"1,0";"1,0";"2,0";
"163,0";"19,02,2022";"ГУ МВД 2 СП ДПС 2 бат,";"450031891";"Столкновение";"";"0";"0";"г Москва ш Ленинградское 23км";"0,0";"1,0";"2,0";"2,0";
"164,0";"19,02,2022";"Краснопахорское поселение";"450031864";"Столкновение";"";"0";"0";"д Раево ул Дорожная 1";"0,0";"1,0";"2,0";"2,0";
"165,0";"19,02,2022";"Лосиноостровский";"450033311";"Столкновение";"Московская кольцевая автомобильная дорога (МКАД) внешняя сторона";"93";"0";"г Москва  ";"0,0";"1,0";"3,0";"3,0";
"166,0";"19,02,2022";"Косино-Ухтомский";"450032152";"Столкновение";"";"0";"0";"п Ухтомский ул Покровская 41";"0,0";"1,0";"2,0";"2,0";
"167,0";"19,02,2022";"Тимирязевский";"450032527";"Наезд на пешехода";"";"0";"0";"г Москва проезд Красностуденческий 1";"0,0";"1,0";"1,0";"2,0";
"168,0";"19,02,2022";"Лосиноостровский";"450032317";"Наезд на пешехода";"";"0";"0";"г Москва ул Лётчика Бабушкина 37, к,1";"0,0";"1,0";"1,0";"2,0";
"169,0";"19,02,2022";"Нижегородский";"450032458";"Наезд на стоящее ТС";"Третье транспортное кольцо (внешняя сторона)";"2";"0";"г Москва  ";"0,0";"1,0";"3,0";"3,0";
"170,0";"19,02,2022";"Отрадное";"450034257";"Столкновение";"";"0";"0";"г Москва проезд Сигнальный 4";"0,0";"1,0";"2,0";"2,0";
"171,0";"19,02,2022";"Черемушки";"450032352";"Наезд на пешехода";"";"0";"0";"г Москва ул Профсоюзная 39";"0,0";"1,0";"1,0";"2,0";
"172,0";"19,02,2022";"Бибирево";"450032198";"Наезд на пешехода";"";"0";"0";"г Москва ул Лескова 1";"0,0";"1,0";"1,0";"2,0";
"173,0";"19,02,2022";"Тверской";"450032180";"Столкновение";"";"0";"0";"г Москва пл Боровицкая 0";"0,0";"1,0";"2,0";"2,0";
"174,0";"19,02,2022";"Ховрино";"450032444";"Наезд на препятствие";"";"0";"0";"г Москва ул Зеленоградская 19";"0,0";"1,0";"1,0";"1,0";
"175,0";"19,02,2022";"Хамовники";"450031866";"Столкновение";"";"0";"0";"г Москва ул Пречистенка 24 1";"0,0";"1,0";"2,0";"3,0";
"176,0";"19,02,2022";"Гольяново";"450036307";"Наезд на пешехода";"";"0";"0";"г Москва  ";"0,0";"1,0";"1,0";"2,0";
"177,0";"19,02,2022";"Нагорный";"450031796";"Наезд на пешехода";"";"0";"0";"г Москва ш Варшавское 77 К1";"0,0";"1,0";"1,0";"2,0";
"178,0";"19,02,2022";"Хамовники";"450032128";"Наезд на пешехода";"";"0";"0";"г Москва ул Доватора 8";"0,0";"1,0";"1,0";"2,0";
"179,0";"18,02,2022";"Тимирязевский";"450031128";"Наезд на препятствие";"";"0";"0";"г Москва ул Линии Октябрьской Железной Дороги 2, стр, 3";"0,0";"1,0";"1,0";"1,0";
"180,0";"18,02,2022";"Соколиная гора";"450038271";"Падение пассажира";"";"0";"0";"г Москва пл Семёновская 1";"0,0";"1,0";"1,0";"2,0";
"181,0";"18,02,2022";"Ломоносовский";"450031300";"Столкновение";"";"0";"0";"г Москва ул Вавилова 74А";"0,0";"1,0";"2,0";"2,0";
"182,0";"18,02,2022";"Тропарево-Никулино";"450031533";"Столкновение";"";"0";"0";"г Москва пр-кт Вернадского 86а";"0,0";"3,0";"2,0";"3,0";
"183,0";"18,02,2022";"Гагаринский";"450031821";"Наезд на пешехода";"";"0";"0";"г Москва пр-кт Вернадского 5";"0,0";"1,0";"1,0";"2,0";
"184,0";"18,02,2022";"Некрасовка";"450031580";"Наезд на стоящее ТС";"";"0";"0";"п Некрасовка пр-кт Защитников Москвы 10";"0,0";"1,0";"2,0";"2,0";
"185,0";"18,02,2022";"Выхино-Жулебино";"450030848";"Столкновение";"";"0";"0";"г Москва пр-кт Волгоградский 138 31 стр, 5";"1,0";"0,0";"2,0";"2,0";
"186,0";"18,02,2022";"Измайлово";"450031384";"Наезд на пешехода";"";"0";"0";"г Москва ш Измайловское 71Г";"0,0";"1,0";"1,0";"2,0";
"187,0";"18,02,2022";"Некрасовка";"450031338";"Столкновение";"";"0";"0";"п Некрасовка пр-кт Защитников Москвы 14";"0,0";"1,0";"2,0";"2,0";
"188,0";"18,02,2022";"Преображенское";"450031574";"Наезд на пешехода";"";"0";"0";"г Москва ул Просторная 2";"0,0";"1,0";"1,0";"2,0";
"189,0";"18,02,2022";"Митино";"450032852";"Столкновение";"";"0";"0";"г Москва ул Генерала Белобородова 24";"0,0";"1,0";"2,0";"3,0";
"190,0";"18,02,2022";"Мещанский";"450034884";"Столкновение";"";"0";"0";"г Москва ул Сущёвский Вал 74";"0,0";"1,0";"2,0";"3,0";
"191,0";"18,02,2022";"Северное Бутово";"450039314";"Столкновение";"Московская кольцевая автомобильная дорога (МКАД) внешняя сторона";"35";"0";"п Бутово  ";"0,0";"1,0";"2,0";"3,0";
"192,0";"18,02,2022";"ГУ МВД 2 СП ДПС 2 бат,";"450030927";"Наезд на пешехода";"А-106 Рублево-Успенское шоссе";"11";"0";"г Москва  ";"0,0";"1,0";"1,0";"2,0";
"193,0";"18,02,2022";"Гольяново";"450031107";"Столкновение";"Московская кольцевая автомобильная дорога (МКАД) внутренняя сторона";"103";"0";"г Москва  ";"0,0";"1,0";"2,0";"2,0";
"194,0";"18,02,2022";"ГУ МВД 2 СП ДПС 2 бат,";"450031523";"Столкновение";"Красногорское шоссе";"1";"0";"г Москва  ";"0,0";"3,0";"2,0";"4,0";
"195,0";"18,02,2022";"Хорошево-Мневники";"450031611";"Наезд на пешехода";"Северо-Западная хорда (СЗХ)";"0";"0";"г Москва ул Народного Ополчения 29";"0,0";"1,0";"1,0";"2,0";
"196,0";"18,02,2022";"Хамовники";"450031787";"Наезд на стоящее ТС";"";"0";"0";"г Москва б-р Зубовский 11а";"0,0";"1,0";"2,0";"2,0";
"197,0";"17,02,2022";"Дмитровский";"450030752";"Наезд на пешехода";"";"0";"0";"г Москва ул Ангарская 59";"0,0";"1,0";"1,0";"2,0";
"198,0";"17,02,2022";"Нагатинский затон";"450030706";"Наезд на пешехода";"";"0";"0";"г Москва ул Якорная 1";"0,0";"1,0";"1,0";"2,0";
"199,0";"17,02,2022";"Останкинский";"450033276";"Столкновение";"";"0";"0";"г Москва б-р Звёздный вл,25";"0,0";"1,0";"2,0";"3,0";
"200,0";"17,02,2022";"Строгино";"450030460";"Столкновение";"";"0";"0";"г Москва ул Таллинская 2";"0,0";"2,0";"2,0";"3,0";
"201,0";"17,02,2022";"Нагатино-Садовники";"450030709";"Наезд на пешехода";"";"0";"0";"г Москва наб Нагатинская 14 К1";"1,0";"0,0";"1,0";"2,0";
"202,0";"17,02,2022";"Лианозово";"450030129";"Наезд на пешехода";"";"0";"0";"г Москва ул Абрамцевская 12";"0,0";"1,0";"1,0";"2,0";
"203,0";"17,02,2022";"Московский";"450030710";"Столкновение";"М-3 Украина (Москва-Украина)";"18";"200";"  ";"0,0";"1,0";"2,0";"3,0";
"204,0";"17,02,2022";"Южное Бутово";"450031116";"Столкновение";"";"0";"0";"г Москва ш Варшавское 266";"0,0";"1,0";"2,0";"2,0";
"205,0";"17,02,2022";"Беговой";"450030864";"Столкновение";"";"0";"0";"г Москва пр-кт Ленинградский 35";"0,0";"1,0";"2,0";"2,0";
"206,0";"17,02,2022";"Тропарево-Никулино";"450030769";"Столкновение";"";"0";"0";"г Москва ул Никулинская д,5 к,1";"0,0";"1,0";"2,0";"2,0";
"207,0";"17,02,2022";"Братеево";"450037731";"Наезд на пешехода";"";"0";"0";"г Москва проезд Хордовый 21 К1";"0,0";"1,0";"1,0";"2,0";
"208,0";"17,02,2022";"Царицыно";"450030708";"Наезд на пешехода";"";"0";"0";"г Москва ул Каспийская 36 СТР2";"0,0";"1,0";"1,0";"2,0";
"209,0";"17,02,2022";"Молжаниновский";"450030727";"Столкновение";"";"0";"0";"г Москва ш Международное 1км";"0,0";"8,0";"3,0";"9,0";
"210,0";"17,02,2022";"Таганский";"450030440";"Наезд на пешехода";"";"0";"0";"г Москва пер Крутицкий 3-й 18";"0,0";"1,0";"1,0";"2,0";
"211,0";"17,02,2022";"Хорошевский";"450030652";"Столкновение";"";"0";"0";"г Москва ул Поликарпова 25";"0,0";"1,0";"2,0";"2,0";
"212,0";"17,02,2022";"Лианозово";"450031194";"Столкновение";"";"0";"0";"г Москва проезд Лианозовский 1Б";"0,0";"1,0";"2,0";"2,0";
"213,0";"17,02,2022";"Свиблово";"450030084";"Столкновение";"";"0";"0";"п Свиблово проезд Берингов 1";"0,0";"1,0";"2,0";"3,0";
"214,0";"17,02,2022";"Гагаринский";"450030329";"Наезд на велосипедиста";"";"0";"0";"г Москва пр-кт Вернадского 5";"0,0";"1,0";"3,0";"3,0";
"215,0";"17,02,2022";"Восточное Дегунино";"450030387";"Наезд на пешехода";"";"0";"0";"г Москва  ";"0,0";"1,0";"1,0";"2,0";
"216,0";"17,02,2022";"Марушкинское";"450030186";"Наезд на пешехода";"";"0";"0";"д Давыдково снт Весна 136";"0,0";"1,0";"1,0";"2,0";
"217,0";"17,02,2022";"Ярославский";"450031604";"Столкновение";"";"0";"0";"г Москва ш Ярославское 63";"0,0";"1,0";"2,0";"2,0";
"218,0";"17,02,2022";"Гагаринский";"450030534";"Столкновение";"";"0";"0";"г Москва пр-кт 60-летия Октября 6";"0,0";"1,0";"2,0";"2,0";
"219,0";"17,02,2022";"Лефортово";"450030716";"Наезд на пешехода";"";"0";"0";"г Москва ул Красноказарменная 16";"0,0";"1,0";"1,0";"2,0";
"220,0";"16,02,2022";"Чертаново Северное";"450029355";"Наезд на пешехода";"";"0";"0";"г Москва ул Чертановская 1 К1";"0,0";"1,0";"1,0";"2,0";
"221,0";"16,02,2022";"Останкинский";"450036794";"Столкновение";"";"0";"0";"г Москва ул Академика Королева 1";"0,0";"1,0";"2,0";"2,0";
"222,0";"16,02,2022";"Молжаниновский";"450030645";"Столкновение";"";"0";"0";"г Москва ш Ленинградское 256";"0,0";"1,0";"3,0";"3,0";
"223,0";"16,02,2022";"Гагаринский";"450029946";"Столкновение";"";"0";"0";"г Москва пр-кт Ленинский 75";"0,0";"1,0";"2,0";"2,0";
"224,0";"16,02,2022";"Бирюлево Восточное";"450030647";"Столкновение";"Московская кольцевая автомобильная дорога (МКАД) внешняя сторона";"28";"0";"г Москва  ";"0,0";"1,0";"2,0";"2,0";
"225,0";"16,02,2022";"Левобережный";"450030144";"Столкновение";"";"0";"0";"г Москва ш Ленинградское 51";"0,0";"1,0";"2,0";"3,0";
"226,0";"16,02,2022";"Пресненский";"450029746";"Падение пассажира";"";"0";"0";"г Москва ул Грузинская Б, 30";"0,0";"1,0";"1,0";"2,0";
"227,0";"16,02,2022";"Лосиноостровский";"450029762";"Столкновение";"";"0";"0";"г Москва ул Тайнинская 4";"0,0";"2,0";"2,0";"3,0";
"228,0";"16,02,2022";"Чертаново Северное";"450030414";"Столкновение";"";"0";"0";"г Москва ул Чертановская 59";"0,0";"1,0";"4,0";"4,0";
"229,0";"16,02,2022";"Тропарево-Никулино";"450029967";"Столкновение";"";"0";"0";"г Москва ул Никулинская 15";"0,0";"1,0";"2,0";"2,0";
"230,0";"16,02,2022";"Черемушки";"450030253";"Столкновение";"";"0";"0";"г Москва пр-кт Севастопольский 24А";"0,0";"1,0";"2,0";"3,0";
"231,0";"16,02,2022";"Кузьминки";"450029742";"Столкновение";"";"0";"0";"г Москва  ";"0,0";"1,0";"2,0";"2,0";
"232,0";"16,02,2022";"Краснопахорское поселение";"450029821";"Столкновение";"А-113 Центральная кольцевая автомобильная дорога (Московская область)";"234";"910";"  ";"0,0";"3,0";"3,0";"4,0";
"233,0";"16,02,2022";"Лефортово";"450029283";"Наезд на велосипедиста";"";"0";"0";"г Москва пл Госпитальная 1-3";"0,0";"1,0";"2,0";"2,0";
"234,0";"16,02,2022";"Измайлово";"450036374";"Наезд на пешехода";"";"0";"0";"г Москва  ";"0,0";"1,0";"1,0";"2,0";
"235,0";"16,02,2022";"Нагорный";"450030428";"Столкновение";"";"0";"0";"г Москва ш Варшавское ВЛ30";"0,0";"1,0";"2,0";"3,0";
"236,0";"15,02,2022";"Соколиная гора";"450031491";"Наезд на пешехода";"";"0";"0";"г Москва ул Буракова 6стр6";"0,0";"1,0";"1,0";"2,0";
"237,0";"15,02,2022";"Сосенское";"450028992";"Столкновение";"";"0";"0";" ул Сосновая 1б";"0,0";"1,0";"2,0";"3,0";
"238,0";"15,02,2022";"Пресненский";"450028956";"Столкновение";"Третье транспортное кольцо (внешняя сторона)";"15";"0";"г Москва ул Подвойского 26";"0,0";"1,0";"2,0";"3,0";
"239,0";"15,02,2022";"Арбат";"450029000";"Столкновение";"";"0";"0";"г Москва пл Смоленская-Сенная 32 34";"0,0";"1,0";"3,0";"4,0";
"240,0";"15,02,2022";"Южное Бутово";"450029129";"Наезд на пешехода";"";"0";"0";"г Москва ул Скобелевская 19";"0,0";"1,0";"1,0";"2,0";
"241,0";"15,02,2022";"Текстильщики";"450028790";"Наезд на пешехода";"";"0";"0";"г Москва  ";"0,0";"1,0";"1,0";"2,0";
"242,0";"15,02,2022";"Кузьминки";"450029051";"Столкновение";"";"0";"0";"г Москва пр-кт Волгоградский 80 2 к1";"0,0";"1,0";"2,0";"3,0";
"243,0";"15,02,2022";"Нижегородский";"450029049";"Наезд на пешехода";"";"0";"0";"г Москва пр-кт Рязанский 2";"0,0";"2,0";"1,0";"3,0";
"244,0";"15,02,2022";"Бирюлево Западное";"450028920";"Столкновение";"";"0";"0";"г Москва проезд Булатниковский 7";"0,0";"1,0";"2,0";"2,0";
"245,0";"15,02,2022";"Орехово-Борисово Северное";"450028915";"Наезд на пешехода";"";"0";"0";"г Москва б-р Ореховый 13";"0,0";"1,0";"1,0";"2,0";
"246,0";"15,02,2022";"Поселок Восточный";"450029018";"Наезд на пешехода";"";"0";"0";"п Восточный ул Главная 12";"0,0";"1,0";"1,0";"2,0";
"247,0";"15,02,2022";"Бирюлево Восточное";"450029437";"Столкновение";"";"0";"0";"г Москва ул Липецкая 2 К7";"0,0";"1,0";"2,0";"3,0";
"248,0";"15,02,2022";"Донской";"450029316";"Столкновение";"";"0";"0";"г Москва ш Загородное 3 К3";"0,0";"1,0";"3,0";"4,0";
"249,0";"15,02,2022";"Нагорный";"450028615";"Наезд на пешехода";"";"0";"0";"г Москва б-р Чонгарский 3";"0,0";"1,0";"1,0";"2,0";
"250,0";"15,02,2022";"Марушкинское";"450029240";"Столкновение";"";"0";"0";"д Марушкино ул Агрохимическая 7008";"0,0";"1,0";"4,0";"4,0";
"251,0";"14,02,2022";"Бирюлево Западное";"450028910";"Столкновение";"";"0";"0";"г Москва ул Булатниковская 2Д";"0,0";"3,0";"2,0";"3,0";
"252,0";"14,02,2022";"Мещанский";"450028720";"Столкновение";"";"0";"0";"г Москва пр-кт Мира 21";"0,0";"1,0";"2,0";"3,0";
"253,0";"14,02,2022";"Алтуфьевский";"450028567";"Столкновение";"";"0";"0";"г Москва ш Алтуфьевское 77к2";"0,0";"1,0";"2,0";"3,0";
"254,0";"14,02,2022";"Мещанский";"450029071";"Столкновение";"";"0";"0";"г Москва пл Суворовская 2";"0,0";"1,0";"2,0";"3,0";
"255,0";"14,02,2022";"Гольяново";"450028144";"Наезд на пешехода";"";"0";"0";"г Москва  ";"0,0";"1,0";"1,0";"2,0";
"256,0";"14,02,2022";"Сокольники";"450028086";"Столкновение";"";"0";"0";"г Москва ул Барболина 4";"0,0";"1,0";"2,0";"3,0";
"257,0";"14,02,2022";"Тропарево-Никулино";"450028174";"Наезд на пешехода";"";"0";"0";"г Москва пр-кт Ленинский 150";"0,0";"1,0";"1,0";"2,0";
"258,0";"14,02,2022";"Можайский";"450028337";"Наезд на пешехода";"";"0";"0";"г Москва ш Можайское 9";"0,0";"1,0";"1,0";"2,0";
"259,0";"14,02,2022";"Москворечье-Сабурово";"450027941";"Наезд на пешехода";"";"0";"0";"г Москва ул Москворечье 17";"0,0";"1,0";"1,0";"2,0";
"260,0";"14,02,2022";"Алтуфьевский";"450029470";"Столкновение";"";"0";"0";"г Москва ш Алтуфьевское 77";"0,0";"1,0";"3,0";"2,0";
"261,0";"14,02,2022";"Фили-Давыдково";"450028081";"Столкновение";"";"0";"0";"г Москва ул Филёвская М, 28 1";"0,0";"1,0";"2,0";"2,0";
"262,0";"14,02,2022";"Митино";"450028900";"Наезд на пешехода";"";"0";"0";"г Москва ул Дубравная 40";"0,0";"1,0";"1,0";"2,0";
"263,0";"14,02,2022";"Люблино";"450028196";"Наезд на пешехода";"";"0";"0";"г Москва ул Краснодарская 21";"0,0";"1,0";"1,0";"2,0";
"264,0";"14,02,2022";"Красносельский";"450028179";"Наезд на велосипедиста";"";"0";"0";"г Москва ул Красносельская Верхн, 30";"0,0";"1,0";"2,0";"2,0";
"265,0";"14,02,2022";"Бибирево";"450028326";"Наезд на пешехода";"";"0";"0";"г Москва ул Пришвина 26";"0,0";"1,0";"1,0";"2,0";
"266,0";"14,02,2022";"Коптево";"450029854";"Наезд на пешехода";"";"0";"0";"г Москва  ";"0,0";"1,0";"1,0";"2,0";
"267,0";"14,02,2022";"Черемушки";"450028046";"Наезд на пешехода";"";"0";"0";"г Москва  ";"0,0";"1,0";"1,0";"2,0";
"268,0";"14,02,2022";"Некрасовка";"450027862";"Наезд на пешехода";"";"0";"0";"п Некрасовка ул Вольская 2-я 2";"0,0";"2,0";"1,0";"3,0";
"269,0";"14,02,2022";"Мещанский";"450028209";"Столкновение";"";"0";"0";"г Москва пр-кт Олимпийский 28";"0,0";"1,0";"2,0";"2,0";
"270,0";"13,02,2022";"Московский";"450028682";"Наезд на стоящее ТС";"М-3 Украина (Москва-Украина)";"22";"500";"  ";"0,0";"1,0";"3,0";"3,0";
"271,0";"13,02,2022";"Головинский";"450030855";"Столкновение";"";"0";"0";"г Москва ул Автомоторная 1 3";"0,0";"1,0";"2,0";"3,0";
"272,0";"13,02,2022";"Ясенево";"450027555";"Наезд на пешехода";"";"0";"0";"г Москва  ";"0,0";"1,0";"1,0";"2,0";
"273,0";"13,02,2022";"Москворечье-Сабурово";"450027686";"Столкновение";"";"0";"0";"г Москва ш Каширское 80А";"0,0";"1,0";"2,0";"3,0";
"274,0";"13,02,2022";"Басманный";"450027582";"Наезд на пешехода";"";"0";"0";"г Москва  ";"0,0";"1,0";"1,0";"2,0";
"275,0";"13,02,2022";"Ясенево";"450027761";"Столкновение";"";"0";"0";"г Москва ул Ясногорская 2";"0,0";"1,0";"2,0";"2,0";
"276,0";"13,02,2022";"Сосенское";"450027757";"Наезд на препятствие";"А-101 Калужское шоссе (Москва-Малоярославец-Рославль)";"24";"300";"  ";"1,0";"0,0";"1,0";"1,0";
"277,0";"13,02,2022";"Марьина роща";"450027427";"Столкновение";"";"0";"0";"г Москва ул Ямская 1-я 8";"0,0";"4,0";"2,0";"4,0";
"278,0";"13,02,2022";"Измайлово";"450027398";"Наезд на пешехода";"";"0";"0";"г Москва пр-кт Измайловский 59";"0,0";"1,0";"1,0";"2,0";
"279,0";"13,02,2022";"Ломоносовский";"450027453";"Наезд на пешехода";"";"0";"0";"г Москва ул Строителей 11 19";"0,0";"1,0";"1,0";"2,0";
"280,0";"12,02,2022";"Западное Дегунино";"450030863";"Столкновение";"Московская кольцевая автомобильная дорога (МКАД) внешняя сторона";"77";"10";"г Москва  ";"0,0";"1,0";"2,0";"2,0";
"281,0";"12,02,2022";"Щаповское поселение";"450026962";"Столкновение";"А-107 Московское малое кольцо Икша - Ногинск - Бронницы - Голицыно - Истра - Икша";"218";"73";"п Курилово  ";"1,0";"3,0";"3,0";"4,0";
"282,0";"12,02,2022";"Щукино";"450026609";"Наезд на пешехода";"";"0";"0";"г Москва ул Академика Бочвара 3-1";"0,0";"1,0";"1,0";"2,0";
"283,0";"12,02,2022";"Раменки";"450026889";"Столкновение";"";"0";"0";"г Москва пр-кт Мичуринский 43";"0,0";"1,0";"2,0";"3,0";
"284,0";"12,02,2022";"Ярославский";"450030211";"Наезд на пешехода";"";"0";"0";"г Москва  ";"0,0";"1,0";"1,0";"2,0";
"285,0";"12,02,2022";"Выхино-Жулебино";"450026830";"Столкновение";"";"0";"0";"г Москва ул Привольная 1";"0,0";"1,0";"2,0";"2,0";
"286,0";"12,02,2022";"Академический";"450030519";"Столкновение";"";"0";"0";"г Москва ул Профсоюзная 20";"0,0";"2,0";"2,0";"3,0";
"287,0";"12,02,2022";"Крюково";"450026865";"Столкновение";"";"0";"0";"г Зеленоград ул Середниковская 11б";"0,0";"1,0";"2,0";"2,0";
"288,0";"12,02,2022";"Тропарево-Никулино";"450026567";"Наезд на велосипедиста";"";"0";"0";"г Москва ул 26-ти Бакинских Комиссаров 2а";"0,0";"1,0";"2,0";"2,0";
"289,0";"11,02,2022";"Марьина роща";"450025865";"Наезд на пешехода";"";"0";"0";"г Москва ул Стрелецкая 3, к,1";"0,0";"1,0";"1,0";"2,0";
"290,0";"11,02,2022";"Щукино";"450025827";"Наезд на пешехода";"";"0";"0";"г Москва ул Живописная 34";"0,0";"1,0";"1,0";"2,0";
"291,0";"11,02,2022";"ГУ МВД 2 СП ДПС 2 бат,";"450040638";"Столкновение";"А-109 Ильинское шоссе";"3";"0";"г Москва  ";"0,0";"1,0";"2,0";"3,0";
"292,0";"11,02,2022";"Сосенское";"450026034";"Наезд на стоящее ТС";"";"0";"0";" ул Адмирала Корнилова (п Мосрентген) 1";"0,0";"1,0";"2,0";"2,0";
"293,0";"11,02,2022";"Некрасовка";"450026230";"Столкновение";"";"0";"0";"п Некрасовка пр-кт Защитников Москвы 13";"0,0";"1,0";"4,0";"5,0";
"294,0";"11,02,2022";"Солнцево";"450025979";"Столкновение";"";"0";"0";"г Москва ул Авиаторов 20";"0,0";"1,0";"2,0";"3,0";
"295,0";"11,02,2022";"Мещанский";"450025804";"Столкновение";"";"0";"0";"г Москва пр-кт Мира 84";"1,0";"0,0";"2,0";"3,0";
"296,0";"11,02,2022";"Замоскворечье";"450026211";"Наезд на пешехода";"";"0";"0";"г Москва ул Пятницкая 13 стр, 2";"0,0";"1,0";"1,0";"2,0";
"297,0";"11,02,2022";"Выхино-Жулебино";"450026644";"Столкновение";"";"0";"0";"г Москва ул Ташкентская 19";"0,0";"1,0";"2,0";"2,0";
"298,0";"11,02,2022";"Выхино-Жулебино";"450026225";"Наезд на пешехода";"";"0";"0";"г Москва пр-кт Волгоградский 189";"0,0";"1,0";"1,0";"2,0";
"299,0";"11,02,2022";"Лефортово";"450026688";"Столкновение";"";"0";"0";"г Москва ул Красноказарменная 12стр38";"0,0";"1,0";"2,0";"2,0";
"300,0";"11,02,2022";"Таганский";"450025920";"Наезд на пешехода";"";"0";"0";"г Москва ул Земляной Вал 77";"0,0";"1,0";"1,0";"2,0";
"301,0";"11,02,2022";"Тверской";"450036125";"Наезд на пешехода";"";"0";"0";"г Москва  ";"0,0";"1,0";"1,0";"2,0";
"302,0";"11,02,2022";"Капотня";"450026786";"Столкновение";"Московская кольцевая автомобильная дорога (МКАД) внешняя сторона";"17";"0";"г Москва  ";"0,0";"3,0";"3,0";"6,0";
"303,0";"11,02,2022";"Можайский";"450025928";"Столкновение";"Московская кольцевая автомобильная дорога (МКАД) внутренняя сторона";"54";"0";"г Москва  ";"0,0";"1,0";"3,0";"2,0";
"304,0";"11,02,2022";"Кунцево";"450025854";"Наезд на пешехода";"";"0";"0";"г Москва ул Мякининская 2-я 20";"0,0";"1,0";"1,0";"2,0";
"305,0";"11,02,2022";"Косино-Ухтомский";"450026083";"Столкновение";"";"0";"0";"п Ухтомский ш Косинское 15б";"0,0";"1,0";"2,0";"2,0";
"306,0";"11,02,2022";"Бескудниковский";"450026185";"Столкновение";"";"0";"0";"г Москва ш Коровинское 6";"0,0";"1,0";"2,0";"3,0";
"307,0";"11,02,2022";"Сосенское";"450025648";"Наезд на препятствие";"Проектируемый проезд № 7029";"12";"0";"  ";"0,0";"1,0";"1,0";"1,0";
"308,0";"10,02,2022";"Дмитровский";"450040284";"Наезд на пешехода";"";"0";"0";"г Москва ул Софьи Ковалевской д,2, к1";"0,0";"1,0";"1,0";"2,0";
"309,0";"10,02,2022";"Бирюлево Восточное";"450025444";"Столкновение";"Московская кольцевая автомобильная дорога (МКАД) внешняя сторона";"27";"0";"г Москва  ";"1,0";"0,0";"2,0";"3,0";
"310,0";"10,02,2022";"Раменки";"450025279";"Наезд на стоящее ТС";"";"0";"0";"г Москва проезд Сетуньский 1-й 10 стр,1";"0,0";"2,0";"2,0";"3,0";
"311,0";"10,02,2022";"Коньково";"450025365";"Столкновение";"";"0";"0";"г Москва пр-кт Севастопольский 58";"0,0";"1,0";"2,0";"2,0";
"312,0";"10,02,2022";"Капотня";"450026474";"Столкновение";"Московская кольцевая автомобильная дорога (МКАД) внутренняя сторона";"14";"0";"г Москва  ";"0,0";"1,0";"2,0";"3,0";
"313,0";"10,02,2022";"Крылатское";"450024833";"Столкновение";"";"0";"0";"г Москва ул Крылатская 8";"0,0";"1,0";"2,0";"3,0";
"314,0";"10,02,2022";"Южное Бутово";"450024980";"Столкновение";"";"0";"0";"г Москва ул Барышевская Роща Остафьевское Ш";"0,0";"1,0";"2,0";"3,0";
"315,0";"10,02,2022";"Ярославский";"450046334";"Столкновение";"";"0";"0";"г Москва ш Ярославское 107";"0,0";"1,0";"2,0";"3,0";
"316,0";"10,02,2022";"Ховрино";"450025408";"Наезд на велосипедиста";"";"0";"0";"г Москва ул Дыбенко 2";"0,0";"1,0";"2,0";"2,0";
"317,0";"10,02,2022";"Строгино";"450025289";"Наезд на пешехода";"";"0";"0";"г Москва ул Таллинская 19 корп, 1";"0,0";"1,0";"1,0";"2,0";
"318,0";"10,02,2022";"Строгино";"450026103";"Наезд на стоящее ТС";"";"0";"0";"г Москва ул Маршала Катукова 22к1";"0,0";"1,0";"2,0";"2,0";
"319,0";"10,02,2022";"Северное Медведково";"450024702";"Столкновение";"Московская кольцевая автомобильная дорога (МКАД) внутренняя сторона";"91";"0";"г Москва  ";"0,0";"1,0";"2,0";"2,0";
"320,0";"10,02,2022";"Северное Тушино";"450025293";"Столкновение";"";"0";"0";"г Москва ул Туристская 31 корп, 1";"0,0";"1,0";"2,0";"3,0";
"321,0";"10,02,2022";"Арбат";"450026616";"Наезд на пешехода";"";"0";"0";"г Москва  ";"0,0";"1,0";"1,0";"2,0";
"322,0";"10,02,2022";"Северное Тушино";"450025273";"Столкновение";"";"0";"0";"г Москва ул Свободы 80";"0,0";"2,0";"3,0";"4,0";
"323,0";"09,02,2022";"Красносельский";"450024605";"Столкновение";"";"0";"0";"г Москва пр-кт Академика Сахарова 7стр,4";"0,0";"1,0";"2,0";"3,0";
"324,0";"09,02,2022";"Дорогомилово";"450023800";"Столкновение";"";"0";"0";"г Москва пр-кт Кутузовский 8 км";"0,0";"3,0";"3,0";"4,0";
"325,0";"09,02,2022";"Мещанский";"450038551";"Падение пассажира";"";"0";"0";"г Москва пер Протопоповский 16";"0,0";"1,0";"2,0";"3,0";
"326,0";"09,02,2022";"Теплый Стан";"450024160";"Наезд на пешехода";"";"0";"0";"г Москва ул Островитянова 4";"0,0";"1,0";"1,0";"2,0";
"327,0";"09,02,2022";"Куркино";"450024175";"Столкновение";"";"0";"0";"г Москва ш Куркинское 118";"0,0";"1,0";"2,0";"3,0";
"328,0";"09,02,2022";"Сокол";"450024467";"Столкновение";"";"0";"0";"г Москва пр-кт Ленинградский 75";"0,0";"1,0";"2,0";"3,0";
"329,0";"09,02,2022";"Северное Медведково";"450028589";"Наезд на пешехода";"";"0";"0";"г Москва ул Полярная 31д";"0,0";"1,0";"1,0";"2,0";
"330,0";"09,02,2022";"Южное Медведково";"450029607";"Наезд на пешехода";"";"0";"0";"г Москва проезд Дежнёва 21";"0,0";"1,0";"1,0";"2,0";
"331,0";"09,02,2022";"Ломоносовский";"450024482";"Столкновение";"";"0";"0";"г Москва пр-кт Ленинский 83";"0,0";"1,0";"2,0";"2,0";
"332,0";"09,02,2022";"Коптево";"450025662";"Наезд на пешехода";"";"0";"0";"г Москва  ";"0,0";"1,0";"1,0";"2,0";
"333,0";"09,02,2022";"Северный";"450024143";"Столкновение";"";"0";"0";"г Москва ш Дмитровское 134";"0,0";"1,0";"2,0";"2,0";
"334,0";"09,02,2022";"Красносельский";"450027489";"Наезд на пешехода";"";"0";"0";"г Москва пл Комсомольская 3";"0,0";"1,0";"1,0";"2,0";
"335,0";"09,02,2022";"Котловка";"450023933";"Наезд на пешехода";"";"0";"0";"г Москва пр-кт Севастопольский 51 кор, 2";"0,0";"1,0";"1,0";"2,0";
"336,0";"09,02,2022";"Басманный";"450024582";"Падение пассажира";"";"0";"0";"г Москва проезд Лубянский 15стр,2";"0,0";"1,0";"1,0";"2,0";
"337,0";"09,02,2022";"Тверской";"450024600";"Наезд на пешехода";"";"0";"0";"г Москва ул Тверская 27";"0,0";"1,0";"2,0";"3,0";
"338,0";"09,02,2022";"Красносельский";"450024123";"Наезд на пешехода";"";"0";"0";"г Москва ул Новорязанская 16 11 стр1";"0,0";"1,0";"1,0";"2,0";
"339,0";"09,02,2022";"Арбат";"450024567";"Столкновение";"";"0";"0";"г Москва ул Новый Арбат 19";"0,0";"1,0";"2,0";"2,0";
"340,0";"09,02,2022";"Дмитровский";"450026468";"Наезд на пешехода";"";"0";"0";"г Москва ш Дмитровское 149";"0,0";"1,0";"1,0";"2,0";
"341,0";"09,02,2022";"Академический";"450024393";"Наезд на пешехода";"";"0";"0";"г Москва пр-кт 60-летия Октября 8";"0,0";"1,0";"1,0";"2,0";
"342,0";"08,02,2022";"Даниловский";"450023730";"Наезд на пешехода";"";"0";"0";"г Москва ул Рощинская 3-я 7 16";"0,0";"1,0";"1,0";"2,0";
"343,0";"08,02,2022";"Фили-Давыдково";"450023516";"Столкновение";"";"0";"0";"г Москва ш Рублевское 02 км";"1,0";"4,0";"9,0";"10,0";
"344,0";"08,02,2022";"Аэропорт";"450023742";"Столкновение";"";"0";"0";"г Москва ул Планетная улица 37";"0,0";"1,0";"2,0";"3,0";
"345,0";"08,02,2022";"Ростокино";"450025671";"Столкновение";"";"0";"0";"г Москва пр-кт Мира 125, стр,1";"0,0";"1,0";"2,0";"3,0";
"346,0";"08,02,2022";"Молжаниновский";"450024526";"Столкновение";"";"0";"0";"г Москва ш Ленинградское 234";"0,0";"1,0";"2,0";"3,0";
"347,0";"08,02,2022";"Зюзино";"450024155";"Столкновение";"";"0";"0";"г Москва ул Керченская 2";"0,0";"1,0";"2,0";"2,0";
"348,0";"08,02,2022";"Гольяново";"450024223";"Наезд на пешехода";"";"0";"0";"г Москва ул Уральская 3а";"0,0";"1,0";"1,0";"2,0";
"349,0";"08,02,2022";"Тропарево-Никулино";"450023053";"Наезд на препятствие";"Московская кольцевая автомобильная дорога (МКАД) внутренняя сторона";"45";"0";"г Москва  ";"0,0";"2,0";"1,0";"2,0";
"350,0";"08,02,2022";"Сокольники";"450024026";"Наезд на пешехода";"";"0";"0";"г Москва наб Русаковская 1а";"0,0";"1,0";"1,0";"2,0";
"351,0";"08,02,2022";"Южное Медведково";"450028009";"Столкновение";"";"0";"0";"г Москва проезд Дежнёва 21";"0,0";"3,0";"2,0";"4,0";
"352,0";"08,02,2022";"Коптево";"450027017";"Столкновение";"";"0";"0";"г Москва ул Зои и Александра Космодемьянских 35 1";"0,0";"1,0";"2,0";"3,0";
"353,0";"08,02,2022";"Филимонковское";"450023231";"Столкновение";"";"0";"0";"п Марьино гск Марьино-1 26а";"0,0";"2,0";"2,0";"2,0";
"354,0";"08,02,2022";"Можайский";"450023057";"Наезд на пешехода";"";"0";"0";"г Москва  ";"0,0";"1,0";"1,0";"2,0";
"355,0";"08,02,2022";"Левобережный";"450023277";"Столкновение";"";"0";"0";"г Москва ш Ленинградское 136";"0,0";"1,0";"2,0";"3,0";
"356,0";"08,02,2022";"Марушкинское";"450023070";"Наезд на стоящее ТС";"М-3 Украина (Москва-Украина)";"30";"500";"  ";"1,0";"0,0";"3,0";"2,0";
"357,0";"08,02,2022";"Братеево";"450023728";"Столкновение";"";"0";"0";"г Москва ул Борисовские Пруды 26";"0,0";"1,0";"2,0";"2,0";
"358,0";"07,02,2022";"Клёновское";"450022993";"Наезд на пешехода";"";"0";"0";" ул Варшавское шоссе 16км";"0,0";"1,0";"2,0";"2,0";
"359,0";"07,02,2022";"Щукино";"450027962";"Наезд на пешехода";"";"0";"0";"г Москва  ";"0,0";"1,0";"1,0";"2,0";
"360,0";"07,02,2022";"Южнопортовый";"450022973";"Столкновение";"Третье транспортное кольцо (внешняя сторона)";"8";"0";"г Москва ул Кожуховская 7-я 52";"0,0";"1,0";"3,0";"3,0";
"361,0";"07,02,2022";"Дмитровский";"450022997";"Столкновение";"Московская кольцевая автомобильная дорога (МКАД) внешняя сторона";"81";"0";"г Москва проезд Ижорский 1";"0,0";"2,0";"3,0";"3,0";
"362,0";"07,02,2022";"Ярославский";"450024890";"Столкновение";"";"0";"0";"г Москва ш Ярославское 11, кор,1";"0,0";"1,0";"3,0";"4,0";
"363,0";"07,02,2022";"Бабушкинский";"450024932";"Наезд на пешехода";"";"0";"0";"г Москва  ";"0,0";"1,0";"1,0";"2,0";
"364,0";"07,02,2022";"Чертаново Центральное";"450023030";"Столкновение";"";"0";"0";"г Москва ул Чертановская 21 К1";"0,0";"1,0";"2,0";"2,0";
"365,0";"07,02,2022";"Хорошево-Мневники";"450028617";"Столкновение";"";"0";"0";"г Москва проезд Силикатный 1-й 14";"0,0";"1,0";"2,0";"2,0";
"366,0";"07,02,2022";"Сокольники";"450022480";"Столкновение";"";"0";"0";"г Москва ул Русаковская 18 20";"0,0";"1,0";"3,0";"3,0";
"367,0";"07,02,2022";"Крюково";"450022581";"Наезд на пешехода";"";"0";"0";"г Зеленоград  ";"0,0";"1,0";"1,0";"2,0";
"368,0";"07,02,2022";"Мещанский";"450026481";"Наезд на пешехода";"";"0";"0";"г Москва ул Кузнецкий Мост 12";"0,0";"1,0";"1,0";"2,0";
"369,0";"07,02,2022";"Бескудниковский";"450025583";"Столкновение";"";"0";"0";"г Москва пер Бескудниковский 1,корп,1";"0,0";"1,0";"2,0";"2,0";
"370,0";"07,02,2022";"Аэропорт";"450022641";"Столкновение";"";"0";"0";"г Москва ул Масловка В, 29";"0,0";"3,0";"6,0";"6,0";
"371,0";"07,02,2022";"Метрогородок";"450023537";"Столкновение";"Северо-Восточная хорда (СВХ)";"3";"0";"г Москва  ";"0,0";"1,0";"2,0";"3,0";
"372,0";"07,02,2022";"Выхино-Жулебино";"450022821";"Столкновение";"";"0";"0";"г Москва пр-кт Рязанский 87";"0,0";"1,0";"2,0";"3,0";
"373,0";"07,02,2022";"Измайлово";"450022913";"Наезд на стоящее ТС";"Северо-Восточная хорда (СВХ)";"5";"0";"г Москва  ";"0,0";"1,0";"2,0";"2,0";
"374,0";"07,02,2022";"Головинский";"450022547";"Наезд на пешехода";"";"0";"0";"г Москва ул Солнечногорская 5, корп, 1";"0,0";"2,0";"1,0";"3,0";
"375,0";"07,02,2022";"Московский";"450024752";"Столкновение";"М-3 Украина (Москва-Украина)";"24";"200";"  ";"0,0";"1,0";"2,0";"2,0";
"376,0";"07,02,2022";"Арбат";"450023082";"Столкновение";"";"0";"0";"г Москва ул Новый Арбат 36";"0,0";"1,0";"2,0";"3,0";
"377,0";"07,02,2022";"Южнопортовый";"450023445";"Столкновение";"";"0";"0";"г Москва ул Шарикоподшипниковская 9";"0,0";"1,0";"2,0";"2,0";
"378,0";"06,02,2022";"Покровское-Стрешнево";"450021695";"Столкновение";"";"0";"0";"г Москва ш Волоколамское 110";"0,0";"2,0";"2,0";"3,0";
"379,0";"06,02,2022";"Солнцево";"450022325";"Столкновение";"";"0";"0";"г Москва ул Богданова 2";"0,0";"2,0";"3,0";"3,0";
"380,0";"06,02,2022";"Текстильщики";"450021787";"Наезд на велосипедиста";"";"0";"0";"г Москва ул Люблинская 13";"0,0";"1,0";"2,0";"2,0";
"381,0";"06,02,2022";"Сосенское";"450021912";"Наезд на пешехода";"А-101 Калужское шоссе (Москва-Малоярославец-Рославль)";"24";"0";"  ";"0,0";"1,0";"2,0";"3,0";
"382,0";"06,02,2022";"Троицк";"450021743";"Наезд на пешехода";"";"0";"0";"г Троицк ул Городская 3";"0,0";"1,0";"1,0";"2,0";
"383,0";"06,02,2022";"Кунцево";"450021722";"Столкновение";"Московская кольцевая автомобильная дорога (МКАД) внутренняя сторона";"59";"300";"г Москва  ";"0,0";"2,0";"2,0";"3,0";
"384,0";"06,02,2022";"Красносельский";"450022262";"Столкновение";"";"0";"0";"г Москва пл Тургеневская 3стр,1";"0,0";"2,0";"4,0";"5,0";
"385,0";"06,02,2022";"Марушкинское";"450023873";"Столкновение";"М-3 Украина (Москва-Украина)";"19";"800";"  ";"0,0";"1,0";"2,0";"2,0";
"386,0";"06,02,2022";"Южное Тушино";"450024801";"Столкновение";"";"0";"0";"г Москва ул Свободы 55";"0,0";"1,0";"2,0";"2,0";
"387,0";"06,02,2022";"Коптево";"450022275";"Наезд на препятствие";"";"0";"0";"г Москва ул Академическая Б, 4";"0,0";"1,0";"1,0";"1,0";
"388,0";"06,02,2022";"ГУ МВД 2 СП ДПС 2 бат,";"450022243";"Наезд на препятствие";"А-106 Рублево-Успенское шоссе";"19";"0";"г Москва  ";"0,0";"1,0";"1,0";"2,0";
"389,0";"06,02,2022";"Академический";"450021872";"Наезд на велосипедиста";"";"0";"0";"г Москва  ";"0,0";"1,0";"2,0";"2,0";
"390,0";"06,02,2022";"Северное Тушино";"450022999";"Столкновение";"Московская кольцевая автомобильная дорога (МКАД) внешняя сторона";"73";"0";"г Москва  ";"0,0";"1,0";"2,0";"3,0";
"391,0";"06,02,2022";"Таганский";"450021777";"Столкновение";"";"0";"0";"г Москва ул Каменщики Б, 21 8";"0,0";"1,0";"2,0";"2,0";
"392,0";"06,02,2022";"Дмитровский";"450023078";"Столкновение";"Московская кольцевая автомобильная дорога (МКАД) внутренняя сторона";"78";"0";"г Москва  ";"0,0";"2,0";"2,0";"4,0";
"393,0";"06,02,2022";"Красносельский";"450021960";"Наезд на пешехода";"";"0";"0";"г Москва ул Каланчевская 20";"0,0";"1,0";"1,0";"2,0";
"394,0";"06,02,2022";"Очаково-Матвеевское";"450022137";"Наезд на стоящее ТС";"Московская кольцевая автомобильная дорога (МКАД) внешняя сторона";"52";"100";"п Матвеевское  ";"0,0";"1,0";"3,0";"3,0";
"395,0";"06,02,2022";"Восточное Дегунино";"450021933";"Наезд на пешехода";"";"0";"0";"г Москва ул Дубнинская 81";"0,0";"1,0";"1,0";"2,0";
"396,0";"06,02,2022";"Новокосино";"450021930";"Наезд на пешехода";"";"0";"0";"г Москва ул Новокосинская 15А стр1";"0,0";"1,0";"1,0";"2,0";
"397,0";"06,02,2022";"Кунцево";"450025016";"Падение пассажира";"";"0";"0";"г Москва ул Молодогвардейская 28, корп,1";"0,0";"1,0";"1,0";"2,0";
"398,0";"06,02,2022";"Москворечье-Сабурово";"450023372";"Столкновение";"";"0";"0";"г Москва ш Каширское 74";"0,0";"1,0";"2,0";"3,0";
"399,0";"06,02,2022";"Рязановское";"450022111";"Наезд на пешехода";"";"0";"0";"д Мостовское ул Слобода 1";"1,0";"0,0";"1,0";"2,0";
"400,0";"06,02,2022";"Бирюлево Восточное";"450023316";"Столкновение";"Московская кольцевая автомобильная дорога (МКАД) внутренняя сторона";"29";"0";"г Москва  ";"0,0";"1,0";"6,0";"6,0";
"401,0";"06,02,2022";"Хорошево-Мневники";"450021809";"Наезд на пешехода";"";"0";"0";"г Москва пр-кт Маршала Жукова 53, корп, 1";"0,0";"1,0";"1,0";"2,0";
"402,0";"06,02,2022";"Вешняки";"450021821";"Наезд на пешехода";"";"0";"0";"г Москва ул Кетчерская 2к1";"0,0";"1,0";"1,0";"2,0";
"403,0";"06,02,2022";"Донской";"450022148";"Столкновение";"";"0";"0";"г Москва проезд Канатчиковский 9Б СТР3";"0,0";"1,0";"2,0";"2,0";
"404,0";"06,02,2022";"Пресненский";"450021800";"Наезд на пешехода";"";"0";"0";"г Москва ул Грузинская М, 12";"0,0";"1,0";"1,0";"2,0";
"405,0";"06,02,2022";"Рязанский";"450022172";"Столкновение";"";"0";"0";"г Москва проезд Грайвороновский 2-й 40 с1";"0,0";"1,0";"2,0";"3,0";
"406,0";"06,02,2022";"Выхино-Жулебино";"450021710";"Столкновение";"Московская кольцевая автомобильная дорога (МКАД) внешняя сторона";"9";"0";"г Москва  ";"0,0";"1,0";"4,0";"5,0";
"407,0";"05,02,2022";"Можайский";"450021481";"Наезд на стоящее ТС";"Московская кольцевая автомобильная дорога (МКАД) внешняя сторона";"54";"0";"г Москва  ";"0,0";"4,0";"2,0";"4,0";
"408,0";"05,02,2022";"Южное Бутово";"450021215";"Наезд на пешехода";"";"0";"0";"г Москва  ";"0,0";"1,0";"1,0";"2,0";
"409,0";"05,02,2022";"Басманный";"450021759";"Столкновение";"";"0";"0";"г Москва ул Садовая-Черногрязская 10";"0,0";"1,0";"2,0";"3,0";
"410,0";"05,02,2022";"Тверской";"450024523";"Падение пассажира";"";"0";"0";"г Москва б-р Петровский 19 2 стр,2";"0,0";"1,0";"1,0";"2,0";
"411,0";"05,02,2022";"Обручевский";"450021469";"Столкновение";"";"0";"0";"г Москва ул Миклухо-Маклая 15, кор, 1";"0,0";"1,0";"2,0";"3,0";
"412,0";"05,02,2022";"Выхино-Жулебино";"450020944";"Наезд на препятствие";"Московская кольцевая автомобильная дорога (МКАД) внутренняя сторона";"10";"0";"г Москва  ";"0,0";"2,0";"1,0";"2,0";
"413,0";"05,02,2022";"Фили-Давыдково";"450021712";"Наезд на пешехода";"";"0";"0";"г Москва ш Аминьевское 32";"0,0";"1,0";"1,0";"2,0";
"414,0";"05,02,2022";"Хорошево-Мневники";"450021218";"Наезд на пешехода";"";"0";"0";"г Москва  ";"0,0";"1,0";"1,0";"2,0";
"415,0";"05,02,2022";"Выхино-Жулебино";"450021878";"Столкновение";"Московская кольцевая автомобильная дорога (МКАД) внутренняя сторона";"10";"0";"г Москва  ";"0,0";"2,0";"4,0";"4,0";
"416,0";"05,02,2022";"Ростокино";"450022459";"Столкновение";"";"0";"0";"г Москва ул Сергея Эйзенштейна 6";"0,0";"1,0";"2,0";"3,0";
"417,0";"05,02,2022";"Орехово-Борисово Южное";"450021274";"Наезд на пешехода";"";"0";"0";"г Москва  ";"0,0";"1,0";"1,0";"2,0";
"418,0";"05,02,2022";"Можайский";"450020962";"Наезд на стоящее ТС";"Московская кольцевая автомобильная дорога (МКАД) внутренняя сторона";"55";"0";"г Москва  ";"0,0";"1,0";"2,0";"2,0";
"419,0";"05,02,2022";"Коньково";"450021235";"Наезд на стоящее ТС";"";"0";"0";"г Москва ул Академика Капицы 26 к1";"0,0";"1,0";"2,0";"1,0";
"420,0";"05,02,2022";"Вешняки";"450021663";"Наезд на стоящее ТС";"Московская кольцевая автомобильная дорога (МКАД) внутренняя сторона";"8";"0";"г Москва  ";"0,0";"1,0";"5,0";"3,0";
"421,0";"05,02,2022";"Можайский";"450021918";"Столкновение";"Московская кольцевая автомобильная дорога (МКАД) внутренняя сторона";"56";"0";"г Москва  ";"0,0";"1,0";"2,0";"3,0";
"422,0";"05,02,2022";"Арбат";"450021319";"Наезд на пешехода";"";"0";"0";"г Москва ул Знаменка 8 13";"0,0";"1,0";"1,0";"2,0";
"423,0";"05,02,2022";"Кузьминки";"450021476";"Наезд на препятствие";"";"0";"0";"г Москва кв-л Волжский Бульвар 114 А к10";"0,0";"1,0";"2,0";"2,0";
"424,0";"05,02,2022";"Лефортово";"450021595";"Наезд на пешехода";"";"0";"0";"г Москва  ";"0,0";"1,0";"1,0";"2,0";
"425,0";"05,02,2022";"Ярославский";"450021888";"Столкновение";"";"0";"0";"г Москва ш Ярославское 144 А";"0,0";"1,0";"2,0";"2,0";
"426,0";"04,02,2022";"Фили-Давыдково";"450020685";"Наезд на препятствие";"";"0";"0";"г Москва ш Рублевское 15";"0,0";"1,0";"3,0";"3,0";
"427,0";"04,02,2022";"Вороновское поселение";"450020253";"Наезд на стоящее ТС";"";"0";"0";"с Вороново тер СНТ Вороново 92Б";"0,0";"1,0";"2,0";"3,0";
"428,0";"04,02,2022";"Чертаново Северное";"450024903";"Столкновение";"";"0";"0";"г Москва ш Варшавское 95 К1";"0,0";"1,0";"2,0";"3,0";
"429,0";"04,02,2022";"Новогиреево";"450020794";"Наезд на пешехода";"";"0";"0";"г Москва ул Владимирская 2-я 45";"0,0";"1,0";"1,0";"2,0";
"430,0";"04,02,2022";"Северное Тушино";"450020209";"Столкновение";"Московская кольцевая автомобильная дорога (МКАД) внешняя сторона";"73";"250";"г Москва  ";"0,0";"2,0";"5,0";"5,0";
"431,0";"04,02,2022";"Нижегородский";"450020927";"Столкновение";"";"0";"0";"г Москва проезд Остаповский 4";"0,0";"1,0";"3,0";"4,0";
"432,0";"04,02,2022";"Марьино";"450020745";"Падение пассажира";"";"0";"0";"г Москва ул Перерва 52";"0,0";"1,0";"1,0";"2,0";
"433,0";"04,02,2022";"Академический";"450020615";"Наезд на пешехода";"";"0";"0";"г Москва ул Черёмушкинская Б, 2";"0,0";"1,0";"1,0";"2,0";
"434,0";"04,02,2022";"Западное Дегунино";"450023849";"Столкновение";"";"0";"0";"г Москва ш Дмитровское 89";"0,0";"1,0";"2,0";"3,0";
"435,0";"04,02,2022";"Солнцево";"450023276";"Столкновение";"Московская кольцевая автомобильная дорога (МКАД) внешняя сторона";"47";"0";"г Москва  ";"0,0";"1,0";"2,0";"3,0";
"436,0";"04,02,2022";"Ивановское";"450021348";"Столкновение";"Московская кольцевая автомобильная дорога (МКАД) внутренняя сторона";"108";"0";"г Москва  ";"0,0";"1,0";"4,0";"4,0";
"437,0";"04,02,2022";"Нагорный";"450022599";"Столкновение";"";"0";"0";"г Москва ш Варшавское 85";"0,0";"1,0";"2,0";"3,0";
"438,0";"04,02,2022";"Можайский";"450020865";"Наезд на пешехода";"";"0";"0";"г Москва ш Можайское 9";"0,0";"1,0";"1,0";"2,0";
"439,0";"04,02,2022";"Лианозово";"450024020";"Падение пассажира";"";"0";"0";"г Москва ул Абрамцевская 12";"0,0";"1,0";"1,0";"2,0";
"440,0";"04,02,2022";"Марфино";"450021431";"Столкновение";"Северо-Западная хорда (СЗХ)";"1";"0";"г Москва ул Гостиничная 9б";"0,0";"1,0";"2,0";"2,0";
"441,0";"04,02,2022";"Ивановское";"450020753";"Столкновение";"";"0";"0";"г Москва ш Энтузиастов 88";"0,0";"1,0";"4,0";"5,0";
"442,0";"04,02,2022";"Ясенево";"450020248";"Столкновение";"Московская кольцевая автомобильная дорога (МКАД) внутренняя сторона";"40";"0";"г Москва  ";"0,0";"1,0";"2,0";"3,0";
"443,0";"04,02,2022";"Марушкинское";"450020806";"Столкновение";"";"0";"0";"д Марушкино ул Советская 26";"1,0";"0,0";"2,0";"2,0";
"444,0";"04,02,2022";"Строгино";"450020475";"Наезд на пешехода";"";"0";"0";"г Москва  ";"0,0";"1,0";"1,0";"2,0";
"445,0";"04,02,2022";"Ясенево";"450022453";"Столкновение";"Московская кольцевая автомобильная дорога (МКАД) внутренняя сторона";"38";"0";"г Москва  ";"0,0";"1,0";"2,0";"2,0";
"446,0";"04,02,2022";"Отрадное";"450020854";"Столкновение";"";"0";"0";"г Москва ул Декабристов 2";"0,0";"1,0";"2,0";"2,0";
"447,0";"04,02,2022";"Южное Бутово";"450020744";"Столкновение";"";"0";"0";"г Москва ул Южнобутовская 36";"0,0";"1,0";"2,0";"3,0";
"448,0";"04,02,2022";"Останкинский";"450023370";"Столкновение";"";"0";"0";"г Москва ул Академика Королева 13 ст1";"0,0";"1,0";"2,0";"3,0";
"449,0";"04,02,2022";"Таганский";"450022319";"Столкновение";"";"0";"0";"г Москва ул Народная 10";"0,0";"1,0";"2,0";"3,0";
"450,0";"03,02,2022";"Нижегородский";"450019607";"Столкновение";"Третье транспортное кольцо (внешняя сторона)";"3";"500";"г Москва  ";"0,0";"1,0";"2,0";"2,0";
"451,0";"03,02,2022";"Тверской";"450020005";"Столкновение";"";"0";"0";"г Москва пл Тверская Застава 7";"0,0";"1,0";"2,0";"3,0";
"452,0";"03,02,2022";"Мещанский";"450019811";"Наезд на пешехода";"";"0";"0";"г Москва  ";"0,0";"1,0";"1,0";"2,0";
"453,0";"03,02,2022";"Северное Измайлово";"450020400";"Столкновение";"";"0";"0";"г Москва ул Парковая 9-я 66к1";"0,0";"1,0";"2,0";"3,0";
"454,0";"03,02,2022";"Богородское";"450019969";"Наезд на велосипедиста";"";"0";"0";"г Москва  ";"0,0";"1,0";"2,0";"2,0";
"455,0";"03,02,2022";"Черемушки";"450020019";"Падение пассажира";"";"0";"0";"г Москва ул Профсоюзная 41";"0,0";"1,0";"1,0";"2,0";
"456,0";"03,02,2022";"Капотня";"450019534";"Столкновение";"";"0";"0";"г Москва  ";"0,0";"1,0";"2,0";"3,0";
"457,0";"03,02,2022";"ГУ МВД 2 СП ДПС 2 бат,";"450020050";"Столкновение";"А-109 Ильинское шоссе";"11";"0";"г Москва  ";"0,0";"1,0";"2,0";"2,0";
"458,0";"03,02,2022";"Ясенево";"450020610";"Столкновение";"Московская кольцевая автомобильная дорога (МКАД) внутренняя сторона";"40";"0";"г Москва  ";"0,0";"1,0";"2,0";"2,0";
"459,0";"03,02,2022";"Марфино";"450020445";"Наезд на пешехода";"";"0";"0";"г Москва ул Ботаническая 14";"0,0";"1,0";"1,0";"2,0";
"460,0";"03,02,2022";"Бирюлево Восточное";"450020492";"Столкновение";"";"0";"0";"г Москва ул Липецкая 40";"0,0";"2,0";"3,0";"5,0";
"461,0";"03,02,2022";"Измайлово";"450021252";"Столкновение";"";"0";"0";"г Москва ш Измайловское 69";"0,0";"1,0";"3,0";"4,0";
"462,0";"03,02,2022";"Клёновское";"450019539";"Наезд на пешехода";"";"0";"0";" ул Варшавское шоссе 1Б,стр,1, 55км,";"1,0";"0,0";"2,0";"2,0";
"463,0";"03,02,2022";"Северное Бутово";"450020661";"Столкновение";"";"0";"0";"п Бутово ул Грина 1, корп 5";"0,0";"1,0";"2,0";"3,0";
"464,0";"03,02,2022";"Сосенское";"450019565";"Наезд на стоящее ТС";"А-101 Калужское шоссе (Москва-Малоярославец-Рославль)";"25";"0";"  ";"0,0";"3,0";"2,0";"4,0";
"465,0";"02,02,2022";"Ярославский";"450020535";"Наезд на пешехода";"";"0";"0";"г Москва  ";"0,0";"1,0";"1,0";"2,0";
"466,0";"02,02,2022";"Бибирево";"450018962";"Столкновение";"";"0";"0";"г Москва ш Алтуфьевское 93Б";"0,0";"1,0";"2,0";"2,0";
"467,0";"02,02,2022";"Лефортово";"450019396";"Столкновение";"";"0";"0";"г Москва ул Волочаевская 18";"0,0";"1,0";"2,0";"2,0";
"468,0";"02,02,2022";"Фили-Давыдково";"450019896";"Наезд на пешехода";"";"0";"0";"г Москва пр-кт Кутузовский 71";"0,0";"1,0";"1,0";"2,0";
"469,0";"02,02,2022";"Крылатское";"450019062";"Столкновение";"";"0";"0";"г Москва ш Рублевское 62";"0,0";"1,0";"2,0";"2,0";
"470,0";"02,02,2022";"Лефортово";"450018642";"Столкновение";"Третье транспортное кольцо (внутренняя сторона)";"1";"0";"г Москва ш Энтузиастов 5 стр, 2";"0,0";"3,0";"2,0";"3,0";
"471,0";"02,02,2022";"Новокосино";"450019687";"Столкновение";"";"0";"0";"г Москва ул Новокосинская 21";"0,0";"1,0";"2,0";"2,0";
"472,0";"02,02,2022";"Преображенское";"450019197";"Наезд на пешехода";"";"0";"0";"г Москва ул Преображенская 7А";"0,0";"1,0";"1,0";"2,0";
"473,0";"02,02,2022";"Академический";"450019820";"Столкновение";"";"0";"0";"г Москва ул Вавилова 65";"0,0";"1,0";"2,0";"3,0";
"474,0";"02,02,2022";"Кунцево";"450019216";"Столкновение";"Северо-Западная хорда (СЗХ)";"18";"500";"г Москва ул Ярцевская 19";"0,0";"1,0";"2,0";"2,0";
"475,0";"02,02,2022";"Щукино";"450024943";"Наезд на пешехода";"";"0";"0";"г Москва ул Маршала Вершинина 3";"0,0";"1,0";"1,0";"2,0";
"476,0";"02,02,2022";"Текстильщики";"450019373";"Столкновение";"";"0";"0";"г Москва ул Люблинская 29";"0,0";"1,0";"6,0";"6,0";
"477,0";"02,02,2022";"Можайский";"450019444";"Наезд на пешехода";"";"0";"0";"г Москва ш Можайское 11";"0,0";"1,0";"1,0";"2,0";
"478,0";"02,02,2022";"Теплый Стан";"450019284";"Наезд на велосипедиста";"";"0";"0";"г Москва ул Тёплый Стан 1";"0,0";"1,0";"3,0";"3,0";
"479,0";"01,02,2022";"Ивановское";"450017988";"Столкновение";"";"0";"0";"г Москва пр-кт Свободный 11к,1";"0,0";"1,0";"2,0";"3,0";
"480,0";"01,02,2022";"Северное Бутово";"450018417";"Наезд на велосипедиста";"";"0";"0";"п Бутово ул Грина 5";"0,0";"1,0";"2,0";"2,0";
"481,0";"01,02,2022";"Перово";"450018526";"Столкновение";"";"0";"0";"г Москва ул Новогиреевская 9";"1,0";"3,0";"2,0";"6,0";
"482,0";"01,02,2022";"Марушкинское";"450017966";"Наезд на препятствие";"М-3 Украина (Москва-Украина)";"37";"300";"  ";"0,0";"1,0";"2,0";"1,0";
"483,0";"01,02,2022";"Бибирево";"450019002";"Наезд на пешехода";"";"0";"0";"г Москва ул Лескова 22";"1,0";"0,0";"1,0";"2,0";
"484,0";"01,02,2022";"Текстильщики";"450018793";"Столкновение";"";"0";"0";"г Москва ул Окская 2 15";"0,0";"1,0";"2,0";"3,0";
"485,0";"01,02,2022";"Свиблово";"450024118";"Наезд на пешехода";"";"0";"0";"п Свиблово проезд Серебрякова 3 стр,21";"0,0";"1,0";"1,0";"2,0";
"486,0";"01,02,2022";"Чертаново Северное";"450018525";"Падение пассажира";"";"0";"0";"г Москва ул Чертановская 1";"0,0";"1,0";"1,0";"2,0";
"487,0";"01,02,2022";"Нагатино-Садовники";"450019620";"Столкновение";"";"0";"0";"г Москва ш Каширское 24 СТР20";"0,0";"2,0";"2,0";"3,0";
"488,0";"01,02,2022";"Обручевский";"450018885";"Столкновение";"";"0";"0";"г Москва ул Миклухо-Маклая 11";"0,0";"2,0";"2,0";"3,0";
"489,0";"01,02,2022";"Бескудниковский";"450018590";"Наезд на пешехода";"";"0";"0";"г Москва б-р Бескудниковский 22";"0,0";"1,0";"1,0";"2,0";
"490,0";"01,02,2022";"Аэропорт";"450017950";"Наезд на стоящее ТС";"";"0";"0";"г Москва пр-кт Ленинградский 68";"0,0";"1,0";"3,0";"3,0";
"491,0";"01,02,2022";"Орехово-Борисово Северное";"450018527";"Столкновение";"";"0";"0";"г Москва ул Домодедовская 12А";"0,0";"3,0";"3,0";"4,0";
"492,0";"01,02,2022";"Марьино";"450018755";"Столкновение";"";"0";"0";"г Москва б-р Мячковский 23";"0,0";"2,0";"2,0";"3,0";
"493,0";"01,02,2022";"Южное Бутово";"450018996";"Наезд на пешехода";"";"0";"0";"г Москва ул Бутовская Б, 9";"0,0";"1,0";"1,0";"2,0";
"494,0";"01,02,2022";"Дмитровский";"450018108";"Столкновение";"";"0";"0";"г Москва ш Дмитровское 107";"0,0";"1,0";"2,0";"3,0";
"495,0";"01,02,2022";"Нижегородский";"450017908";"Столкновение";"";"0";"0";"г Москва пр-кт Волгоградский 32 КОР,1";"0,0";"3,0";"2,0";"4,0";
