[
 {
  "Name": "Центральный",
  "AccidentRate": 75.84
 },
 {
  "Name": "Василеостровский",
  "AccidentRate": 38.22
 },
 {
  "Name": "Пушкинский",
  "AccidentRate": 56.51
 },
 {
  "Name": "Петроградский",
  "AccidentRate": 38
 },
 {
  "Name": "Кировский",
  "AccidentRate": 79.68
 },
 {
  "Name": "Приморский",
  "AccidentRate": 100.87
 },
 {
  "Name": "Выборгский",
  "AccidentRate": 115.27
 },
 {
  "Name": "Калининский",
  "AccidentRate": 99.28
 },
 {
  "Name": "Невский",
  "AccidentRate": 109.36
 },
 {
  "Name": "Московский",
  "AccidentRate": 103.12
 },
 {
  "Name": "Курортный",
  "AccidentRate": 37.18
 },
 {
  "Name": "Красногвардейский",
  "AccidentRate": 74.8
 },
 {
  "Name": "Фрунзенский",
  "AccidentRate": 68.94
 },
 {
  "Name": "Красносельский",
  "AccidentRate": 84.11
 },
 {
  "Name": "Петродворцовый",
  "AccidentRate": 22.89
 },
 {
  "Name": "Адмиралтейский",
  "AccidentRate": 50.27
 },
 {
  "Name": "Колпинский",
  "AccidentRate": 32.91
 },
 {
  "Name": "Кронштадтский",
  "AccidentRate": 6.95
 }
]