"1,0";"31,01,2021";"Гагаринский";"450018370";"Столкновение";"";"0";"0";"г Москва пр-кт Ленинский 53";"0,0";"1,0";"2,0";"3,0";
"3,0";"31,01,2021";"Савёлки";"450016901";"Наезд на стоящее ТС";"";"0";"0";"г Зеленоград аллея Сосновая 604";"0,0";"1,0";"5,0";"2,0";
"4,0";"31,01,2021";"Можайский";"450017237";"Наезд на стоящее ТС";"";"0";"0";"г Москва ул Вересаева 5";"0,0";"1,0";"2,0";"1,0";
"5,0";"31,01,2021";"Сокольники";"450017669";"Наезд на препятствие";"";"0";"0";"г Москва просек Лучевой 6-й 17";"0,0";"1,0";"1,0";"1,0";
"6,0";"31,01,2021";"Чертаново Южное";"450017223";"Наезд на пешехода";"";"0";"0";"г Москва ш Варшавское 135Б";"0,0";"1,0";"1,0";"2,0";
"7,0";"31,01,2021";"Гагаринский";"450016962";"Столкновение";"";"0";"0";"г Москва пр-кт Ленинский 45";"0,0";"1,0";"3,0";"3,0";
"8,0";"31,01,2021";"Дмитровский";"450017798";"Столкновение";"";"0";"0";"г Москва ш Дмитровское 123 КОРП 1";"0,0";"1,0";"2,0";"3,0";
"9,0";"31,01,2021";"Левобережный";"450019209";"Наезд на препятствие";"Московская кольцевая автомобильная дорога (МКАД) внешняя сторона";"74";"0";"г Москва  ";"0,0";"1,0";"1,0";"1,0";
"10,0";"31,01,2021";"Гольяново";"450016970";"Наезд на стоящее ТС";"Московская кольцевая автомобильная дорога (МКАД) внешняя сторона";"102";"0";"г Москва  ";"0,0";"1,0";"2,0";"2,0";
"11,0";"31,01,2021";"ГУ МВД 2 СП ДПС 2 бат,";"450017295";"Столкновение";"А-106 Рублево-Успенское шоссе";"19";"0";"г Москва  ";"0,0";"2,0";"2,0";"2,0";
"12,0";"31,01,2021";"Хамовники";"450017275";"Столкновение";"";"0";"0";"г Москва б-р Гоголевский 8, стр,2";"0,0";"1,0";"2,0";"3,0";
"13,0";"31,01,2021";"Котловка";"450017423";"Столкновение";"";"0";"0";"г Москва пр-кт Севастопольский 10 корп, 4";"0,0";"1,0";"2,0";"2,0";
"14,0";"31,01,2021";"Московский";"450017260";"Наезд на пешехода";"";"0";"0";"г Московский п Ульяновского лесопарка 1, стр,1";"0,0";"1,0";"2,0";"3,0";
"15,0";"30,01,2021";"Отрадное";"450017534";"Столкновение";"";"0";"0";"г Москва ш Алтуфьевское 27";"0,0";"1,0";"2,0";"3,0";
"16,0";"30,01,2021";"Басманный";"450016973";"Столкновение";"";"0";"0";"г Москва ул Басманная Нов, 2 1стр1";"0,0";"1,0";"2,0";"3,0";
"17,0";"30,01,2021";"Хамовники";"450016538";"Наезд на препятствие";"";"0";"0";"г Москва наб Саввинская 15";"0,0";"1,0";"3,0";"1,0";
"18,0";"30,01,2021";"Сосенское";"450018081";"Наезд на пешехода";"";"0";"0";"п Коммунарка ул Ясная 1";"0,0";"1,0";"1,0";"2,0";
"19,0";"30,01,2021";"Чертаново Центральное";"450038637";"Наезд на пешехода";"";"0";"0";"г Москва  ";"0,0";"1,0";"1,0";"2,0";
"20,0";"30,01,2021";"Лефортово";"450020410";"Наезд на пешехода";"";"0";"0";"г Москва  ";"0,0";"1,0";"1,0";"2,0";
"21,0";"30,01,2021";"Хамовники";"450016375";"Наезд на пешехода";"";"0";"0";"г Москва  ";"0,0";"1,0";"1,0";"2,0";
"22,0";"30,01,2021";"Северное Медведково";"450017676";"Столкновение";"Московская кольцевая автомобильная дорога (МКАД) внутренняя сторона";"91";"0";"г Москва  ";"0,0";"1,0";"2,0";"3,0";
"23,0";"30,01,2021";"Останкинский";"450017918";"Столкновение";"";"0";"0";"г Москва ул Академика Королева 14";"0,0";"1,0";"2,0";"3,0";
"24,0";"30,01,2021";"Сосенское";"450016814";"Столкновение";"";"0";"0";"п Коммунарка ул Сосенский Стан 4";"0,0";"1,0";"2,0";"3,0";
"25,0";"30,01,2021";"Черемушки";"450016470";"Наезд на пешехода";"";"0";"0";"г Москва пр-кт Нахимовский 59";"0,0";"1,0";"1,0";"2,0";
"26,0";"30,01,2021";"Северное Бутово";"450016464";"Столкновение";"";"0";"0";"п Бутово ул Варшавское шоссе вл,166 стр,1";"0,0";"1,0";"3,0";"4,0";
"27,0";"30,01,2021";"Вешняки";"450016777";"Наезд на велосипедиста";"";"0";"0";"г Москва ул Вешняковская 5 корп, 3";"0,0";"1,0";"2,0";"2,0";
"28,0";"30,01,2021";"Савеловский";"450016959";"Наезд на велосипедиста";"";"0";"0";"г Москва ул Масловка В, 23";"0,0";"1,0";"2,0";"2,0";
"29,0";"30,01,2021";"Молжаниновский";"450016863";"Столкновение";"М-10 Россия Москва - Тверь - Великий Новгород - Санкт-Петербург (основное направление)";"29";"300";"г Москва ш Ленинградское 26 км";"0,0";"1,0";"2,0";"2,0";
"30,0";"30,01,2021";"Отрадное";"450017630";"Столкновение";"";"0";"0";"г Москва ул Декабристов 35, стр,1, корп,Г";"0,0";"1,0";"2,0";"3,0";
"31,0";"30,01,2021";"Некрасовка";"450016359";"Наезд на препятствие";"";"0";"0";"п Некрасовка ул Недорубова 21";"0,0";"1,0";"1,0";"2,0";
"32,0";"30,01,2021";"Дорогомилово";"450016579";"Столкновение";"";"0";"0";"г Москва пр-кт Кутузовский 8 км";"0,0";"1,0";"3,0";"4,0";
"33,0";"29,01,2021";"Чертаново Южное";"450015769";"Наезд на препятствие";"";"0";"0";"г Москва ш Варшавское 21КМ СТР 1";"0,0";"1,0";"1,0";"1,0";
"34,0";"29,01,2021";"Гольяново";"450017425";"Столкновение";"";"0";"0";"г Москва ш Щёлковское 95";"0,0";"1,0";"4,0";"4,0";
"35,0";"29,01,2021";"Войковский";"450015906";"Наезд на велосипедиста";"";"0";"0";"г Москва ш Ленинградское 7";"0,0";"1,0";"2,0";"2,0";
"36,0";"29,01,2021";"Покровское-Стрешнево";"450016091";"Наезд на препятствие";"";"0";"0";"г Москва ш Волоколамское 82";"0,0";"1,0";"1,0";"1,0";
"37,0";"29,01,2021";"Южное Тушино";"450015915";"Столкновение";"Московская кольцевая автомобильная дорога (МКАД) внутренняя сторона";"69";"0";"г Москва  ";"0,0";"1,0";"2,0";"2,0";
"38,0";"29,01,2021";"Чертаново Северное";"450018467";"Столкновение";"";"0";"0";"г Москва ул Дорожная 1 К3А";"0,0";"1,0";"3,0";"4,0";
"39,0";"29,01,2021";"Таганский";"450015932";"Наезд на пешехода";"";"0";"0";"г Москва ул Талалихина 5";"0,0";"1,0";"1,0";"2,0";
"40,0";"29,01,2021";"Гольяново";"450017616";"Столкновение";"";"0";"0";"г Москва ул Камчатская 23";"0,0";"1,0";"2,0";"2,0";
"41,0";"29,01,2021";"Южное Тушино";"450015956";"Наезд на пешехода";"";"0";"0";"г Москва  ";"0,0";"1,0";"1,0";"2,0";
"42,0";"29,01,2021";"Орехово-Борисово Южное";"450015595";"Столкновение";"";"0";"0";"г Москва ул Ясеневая 36";"0,0";"1,0";"2,0";"2,0";
"43,0";"29,01,2021";"Раменки";"450015806";"Наезд на пешехода";"";"0";"0";"г Москва пр-кт Вернадского 6";"0,0";"1,0";"1,0";"2,0";
"44,0";"29,01,2021";"Крылатское";"450015958";"Наезд на стоящее ТС";"";"0";"0";"г Москва ш Рублевское 44 к 1";"0,0";"2,0";"2,0";"3,0";
"45,0";"29,01,2021";"Котловка";"450015866";"Столкновение";"";"0";"0";"г Москва пр-кт Нахимовский 14";"0,0";"1,0";"2,0";"2,0";
"46,0";"29,01,2021";"Марьино";"450016157";"Столкновение";"";"0";"0";"г Москва ул Новомарьинская 30";"0,0";"2,0";"2,0";"3,0";
"47,0";"29,01,2021";"Замоскворечье";"450016251";"Столкновение";"";"0";"0";"г Москва ул Валовая 32";"0,0";"1,0";"3,0";"4,0";
"48,0";"29,01,2021";"Солнцево";"450015549";"Наезд на пешехода";"";"0";"0";"г Москва ул Богданова 52а";"0,0";"1,0";"1,0";"2,0";
"49,0";"29,01,2021";"Гольяново";"450015581";"Столкновение";"";"0";"0";"г Москва ул Уральская 17";"0,0";"1,0";"2,0";"3,0";
"50,0";"29,01,2021";"Братеево";"450059188";"Столкновение";"Московская кольцевая автомобильная дорога (МКАД) внутренняя сторона";"19";"0";"г Москва  ";"0,0";"1,0";"2,0";"3,0";
"51,0";"29,01,2021";"Южное Бутово";"450017147";"Столкновение";"";"0";"0";"г Москва ш Остафьевское д, 1 по Барышеская Р";"0,0";"1,0";"2,0";"3,0";
"52,0";"29,01,2021";"Бирюлево Западное";"450016090";"Столкновение";"";"0";"0";"г Москва ул Подольских Курсантов 22А СТР12";"0,0";"2,0";"3,0";"3,0";
"53,0";"29,01,2021";"Зюзино";"450016050";"Столкновение";"";"0";"0";"г Москва пр-кт Балаклавский 42";"0,0";"1,0";"2,0";"3,0";
"54,0";"29,01,2021";"Чертаново Северное";"450016205";"Столкновение";"";"0";"0";"г Москва проезд Сумской 5 К1";"0,0";"1,0";"2,0";"2,0";
"55,0";"29,01,2021";"Кузьминки";"450021051";"Столкновение";"";"0";"0";"г Москва пр-кт Волгоградский 68 кор,1";"0,0";"1,0";"4,0";"4,0";
"56,0";"29,01,2021";"Коптево";"450018163";"Наезд на препятствие";"";"0";"0";"г Москва ул Академическая Б, 53";"0,0";"1,0";"1,0";"1,0";
"57,0";"28,01,2021";"Орехово-Борисово Северное";"450014750";"Наезд на стоящее ТС";"";"0";"0";"г Москва ш Каширское 80 К1";"0,0";"3,0";"2,0";"4,0";
"58,0";"28,01,2021";"Очаково-Матвеевское";"450015229";"Столкновение";"Московская кольцевая автомобильная дорога (МКАД) внутренняя сторона";"48";"0";"п Матвеевское  ";"0,0";"1,0";"3,0";"3,0";
"59,0";"28,01,2021";"Бирюлево Восточное";"450018205";"Столкновение";"";"0";"0";"г Москва ул Липецкая 40";"0,0";"1,0";"2,0";"2,0";
"60,0";"28,01,2021";"Люблино";"450014840";"Падение пассажира";"";"0";"0";"г Москва ул Краснодарская 65 18";"0,0";"1,0";"1,0";"2,0";
"61,0";"28,01,2021";"Куркино";"450015355";"Столкновение";"";"0";"0";"г Москва ш Новокуркинское 6 к, 1";"0,0";"2,0";"2,0";"2,0";
"62,0";"28,01,2021";"Перово";"450015358";"Наезд на пешехода";"";"0";"0";"г Москва ул Перовская 39, корпус 2,";"0,0";"1,0";"1,0";"2,0";
"63,0";"28,01,2021";"Обручевский";"450017778";"Наезд на пешехода";"";"0";"0";"г Москва  ";"0,0";"1,0";"1,0";"2,0";
"64,0";"28,01,2021";"Орехово-Борисово Северное";"450019467";"Наезд на препятствие";"";"0";"0";"г Москва  ";"0,0";"1,0";"1,0";"2,0";
"65,0";"28,01,2021";"Коньково";"450015102";"Наезд на пешехода";"";"0";"0";"г Москва пр-кт Севастопольский ул,Бутлерова";"0,0";"1,0";"1,0";"2,0";
"66,0";"28,01,2021";"Свиблово";"450015832";"Столкновение";"";"0";"0";"п Свиблово проезд Нансена 2, к,1";"0,0";"1,0";"2,0";"3,0";
"67,0";"28,01,2021";"Крюково";"450015113";"Столкновение";"";"0";"0";"г Зеленоград пр-кт Панфиловский 1550";"0,0";"1,0";"2,0";"2,0";
"68,0";"28,01,2021";"Богородское";"450014802";"Наезд на пешехода";"";"0";"0";"г Москва ул Кузнецовская 7";"0,0";"1,0";"1,0";"2,0";
"69,0";"28,01,2021";"Измайлово";"450015183";"Наезд на пешехода";"";"0";"0";"г Москва ул Первомайская 39";"0,0";"1,0";"1,0";"3,0";
"70,0";"27,01,2021";"Внуково";"450016543";"Столкновение";"";"0";"0";"п Внуково ш Заводское 9";"0,0";"1,0";"2,0";"2,0";
"71,0";"27,01,2021";"Нагорный";"450013845";"Наезд на препятствие";"";"0";"0";"г Москва проезд Нагорный 3 СТР9";"2,0";"1,0";"1,0";"3,0";
"72,0";"27,01,2021";"Первомайское поселение";"450016432";"Падение пассажира";"";"0";"0";"п Первомайское ул Рабочая 1";"0,0";"1,0";"1,0";"2,0";
"73,0";"27,01,2021";"Щукино";"450032428";"Наезд на пешехода";"";"0";"0";"г Москва  ";"0,0";"1,0";"1,0";"2,0";
"74,0";"27,01,2021";"Бирюлево Западное";"450014466";"Столкновение";"";"0";"0";"г Москва ул Подольских Курсантов 26";"0,0";"1,0";"2,0";"3,0";
"75,0";"27,01,2021";"Нижегородский";"450014495";"Столкновение";"Третье транспортное кольцо (внутренняя сторона)";"2";"0";"г Москва  ";"0,0";"1,0";"3,0";"3,0";
"76,0";"27,01,2021";"Крылатское";"450013893";"Наезд на стоящее ТС";"Северо-Западная хорда (СЗХ)";"11";"10";"г Москва ул Крылатская 2 Б";"0,0";"1,0";"4,0";"4,0";
"77,0";"27,01,2021";"Троицк";"450014408";"Наезд на пешехода";"";"0";"0";"г Троицк ш Калужское 12";"0,0";"1,0";"1,0";"2,0";
"78,0";"27,01,2021";"Рязанский";"450013895";"Наезд на пешехода";"";"0";"0";"г Москва пр-кт Рязанский 54";"0,0";"1,0";"1,0";"2,0";
"79,0";"27,01,2021";"Дорогомилово";"450200122";"Столкновение";"";"0";"0";"г Москва пл Победы 2";"0,0";"3,0";"3,0";"5,0";
"80,0";"27,01,2021";"Крылатское";"450014234";"Наезд на пешехода";"";"0";"0";"г Москва б-р Осенний 11";"0,0";"1,0";"1,0";"2,0";
"81,0";"27,01,2021";"Красносельский";"450014563";"Наезд на пешехода";"";"0";"0";"г Москва ул Краснопрудная 11";"0,0";"1,0";"1,0";"2,0";
"82,0";"27,01,2021";"Лефортово";"450015410";"Столкновение";"";"0";"0";"г Москва ш Энтузиастов 7";"0,0";"1,0";"3,0";"3,0";
"83,0";"27,01,2021";"Очаково-Матвеевское";"450014552";"Столкновение";"";"0";"0";"п Матвеевское ул Озёрная 37 А";"0,0";"1,0";"2,0";"3,0";
"84,0";"27,01,2021";"Рязанский";"450015795";"Столкновение";"";"0";"0";"г Москва пр-кт Рязанский 55";"0,0";"1,0";"2,0";"3,0";
"85,0";"27,01,2021";"Хорошево-Мневники";"450014343";"Столкновение";"";"0";"0";"г Москва ул Маршала Тухачевского 41 1";"0,0";"2,0";"4,0";"3,0";
"86,0";"27,01,2021";"Строгино";"450014557";"Наезд на пешехода";"";"0";"0";"г Москва проезд Неманский 5-1";"0,0";"1,0";"1,0";"2,0";
"87,0";"27,01,2021";"Марьино";"450014191";"Столкновение";"";"0";"0";"г Москва ул Маршала Голованова 13";"0,0";"1,0";"2,0";"2,0";
"88,0";"27,01,2021";"Тропарево-Никулино";"450014397";"Наезд на пешехода";"";"0";"0";"г Москва ул 26-ти Бакинских Комиссаров 2А";"0,0";"1,0";"1,0";"2,0";
"89,0";"27,01,2021";"Кузьминки";"450014435";"Наезд на пешехода";"";"0";"0";"г Москва ул Зеленодольская 32к1";"0,0";"1,0";"1,0";"2,0";
"90,0";"27,01,2021";"Донской";"450014564";"Столкновение";"";"0";"0";"г Москва наб Новоданиловская 2";"0,0";"1,0";"2,0";"2,0";
"91,0";"26,01,2021";"Котловка";"450014071";"Столкновение";"";"0";"0";"г Москва пр-кт Севастопольский 17к1";"0,0";"1,0";"2,0";"3,0";
"92,0";"26,01,2021";"Марьино";"450013827";"Столкновение";"";"0";"0";"г Москва б-р Перервинский 13к1";"0,0";"2,0";"3,0";"4,0";
"93,0";"26,01,2021";"Рязанский";"450013641";"Наезд на пешехода";"";"0";"0";"г Москва ул Фёдора Полетаева 4К1";"1,0";"0,0";"1,0";"2,0";
"94,0";"26,01,2021";"Северное Медведково";"450013980";"Столкновение";"Московская кольцевая автомобильная дорога (МКАД) внутренняя сторона";"89";"0";"г Москва  ";"0,0";"1,0";"2,0";"2,0";
"95,0";"26,01,2021";"Теплый Стан";"450013672";"Наезд на пешехода";"";"0";"0";"г Москва  ";"0,0";"1,0";"1,0";"2,0";
"96,0";"26,01,2021";"Сокольники";"450013465";"Наезд на пешехода";"";"0";"0";"г Москва  ";"0,0";"1,0";"1,0";"2,0";
"97,0";"26,01,2021";"Измайлово";"450013679";"Наезд на пешехода";"";"0";"0";"г Москва ул Первомайская Нижн, 14";"0,0";"1,0";"1,0";"2,0";
"98,0";"26,01,2021";"Зюзино";"450023046";"Наезд на пешехода";"";"0";"0";"г Москва ул Керченская 32";"0,0";"1,0";"1,0";"2,0";
"99,0";"26,01,2021";"Проспект Вернадского";"450013686";"Столкновение";"";"0";"0";"г Москва ул Коштоянца 10";"0,0";"2,0";"2,0";"2,0";
"100,0";"26,01,2021";"Бирюлево Восточное";"450014935";"Столкновение";"";"0";"0";"г Москва ул Михневская 11";"0,0";"1,0";"2,0";"2,0";
"101,0";"26,01,2021";"Соколиная гора";"450015753";"Наезд на пешехода";"";"0";"0";"г Москва ш Измайловское 44";"0,0";"1,0";"1,0";"2,0";
"102,0";"26,01,2021";"Строгино";"450013873";"Столкновение";"Московская кольцевая автомобильная дорога (МКАД) внутренняя сторона";"63";"0";"г Москва  ";"0,0";"1,0";"2,0";"2,0";
"103,0";"26,01,2021";"Алтуфьевский";"450013994";"Наезд на пешехода";"";"0";"0";"г Москва ш Алтуфьевское 56";"0,0";"1,0";"1,0";"2,0";
"104,0";"26,01,2021";"Сосенское";"450013488";"Столкновение";"";"0";"0";"п завода Мосрентген ул Героя России Соломатина 6к33";"0,0";"3,0";"2,0";"4,0";
"105,0";"26,01,2021";"Коптево";"450013663";"Наезд на пешехода";"";"0";"0";"г Москва ул Коптевская 10";"0,0";"1,0";"1,0";"2,0";
"106,0";"26,01,2021";"Алексеевский";"450014159";"Наезд на препятствие";"";"0";"0";"г Москва ул Павла Корчагина 8";"0,0";"1,0";"1,0";"1,0";
"107,0";"26,01,2021";"Бабушкинский";"450014096";"Столкновение";"";"0";"0";"г Москва ул Енисейская 10";"0,0";"1,0";"2,0";"2,0";
"108,0";"26,01,2021";"Нагорный";"450015907";"Наезд на пешехода";"";"0";"0";"г Москва проезд Симферопольский 16 К1";"0,0";"1,0";"1,0";"2,0";
"109,0";"26,01,2021";"Нагорный";"450013648";"Наезд на пешехода";"";"0";"0";"г Москва ул Болотниковская 12 СТР22";"0,0";"1,0";"1,0";"2,0";
"110,0";"26,01,2021";"Перово";"450013481";"Столкновение";"";"0";"0";"г Москва ул Владимирская 3-я 23";"0,0";"1,0";"2,0";"3,0";
"111,0";"26,01,2021";"Северное Измайлово";"450013767";"Наезд на пешехода";"";"0";"0";"г Москва ш Щёлковское 30";"0,0";"1,0";"1,0";"2,0";
"112,0";"26,01,2021";"Братеево";"450014362";"Столкновение";"";"0";"0";"г Москва ул Ключевая 20";"0,0";"1,0";"2,0";"3,0";
"113,0";"26,01,2021";"Куркино";"450013675";"Столкновение";"";"0";"0";"г Москва ул Воротынская 13 2";"0,0";"2,0";"2,0";"3,0";
"114,0";"26,01,2021";"Чертаново Северное";"450013646";"Наезд на пешехода";"";"0";"0";"г Москва ул Кировоградская 4 К1";"0,0";"1,0";"1,0";"2,0";
"115,0";"26,01,2021";"Тверской";"450014269";"Столкновение";"";"0";"0";"г Москва пл Новая 10";"0,0";"1,0";"2,0";"3,0";
"116,0";"26,01,2021";"Чертаново Центральное";"450013702";"Столкновение";"";"0";"0";"г Москва ш Варшавское 127";"0,0";"1,0";"2,0";"4,0";
"117,0";"26,01,2021";"Сосенское";"450013755";"Наезд на стоящее ТС";"А-130 Москва - Малоярославец - Рославль - граница с Республикой Белоруссия (основное направление)";"27";"0";"  ";"0,0";"1,0";"3,0";"2,0";
"118,0";"26,01,2021";"Кунцево";"450013273";"Столкновение";"";"0";"0";"г Москва ш Рублевское 74";"0,0";"3,0";"2,0";"4,0";
"119,0";"26,01,2021";"Теплый Стан";"450014005";"Столкновение";"";"0";"0";"г Москва ул Тёплый Стан 14 2";"0,0";"1,0";"3,0";"3,0";
"120,0";"26,01,2021";"Ховрино";"450014744";"Наезд на пешехода";"";"0";"0";"г Москва ул Флотская 44";"0,0";"1,0";"1,0";"2,0";
"121,0";"25,01,2021";"Северное Бутово";"450012994";"Наезд на пешехода";"";"0";"0";"п Бутово ул Грина 3а";"0,0";"1,0";"1,0";"2,0";
"122,0";"25,01,2021";"Бабушкинский";"450016994";"Падение пассажира";"";"0";"0";"г Москва ул Печорская 9";"0,0";"1,0";"1,0";"2,0";
"123,0";"25,01,2021";"Щукино";"450013001";"Наезд на пешехода";"";"0";"0";"г Москва ул Маршала Бирюзова 43";"0,0";"1,0";"1,0";"2,0";
"124,0";"25,01,2021";"Бескудниковский";"450014742";"Наезд на пешехода";"";"0";"0";"г Москва ул Дубнинская 71к1";"0,0";"1,0";"1,0";"2,0";
"125,0";"25,01,2021";"Южное Медведково";"450013034";"Наезд на пешехода";"";"0";"0";"г Москва проезд Дежнёва 3";"0,0";"1,0";"1,0";"3,0";
"126,0";"25,01,2021";"Ясенево";"450012522";"Столкновение";"";"0";"0";"г Москва пр-кт Новоясеневский Ясногорская";"0,0";"2,0";"2,0";"3,0";
"127,0";"25,01,2021";"Молжаниновский";"450013279";"Столкновение";"М-10 Россия Москва - Тверь - Великий Новгород - Санкт-Петербург (основное направление)";"29";"300";"г Москва ш Ленинградское 22км";"0,0";"2,0";"2,0";"3,0";
"128,0";"25,01,2021";"Южное Бутово";"450012527";"Столкновение";"";"0";"0";"г Москва ул Поляны 59";"0,0";"1,0";"2,0";"3,0";
"129,0";"25,01,2021";"ГУ МВД 2 СП ДПС 2 бат,";"450013068";"Столкновение";"М-10 Россия Москва - Тверь - Великий Новгород - Санкт-Петербург (основное направление)";"29";"300";"г Москва ш Ленинградское 22км";"0,0";"1,0";"2,0";"2,0";
"130,0";"25,01,2021";"Бутырский";"450013008";"Столкновение";"";"0";"0";"г Москва ул Милашенкова 14";"0,0";"1,0";"2,0";"2,0";
"131,0";"25,01,2021";"Бирюлево Западное";"450013016";"Наезд на пешехода";"";"0";"0";"г Москва проезд Булатниковский 16А";"0,0";"1,0";"1,0";"2,0";
"132,0";"25,01,2021";"Кунцево";"450013452";"Наезд на стоящее ТС";"Московская кольцевая автомобильная дорога (МКАД) внешняя сторона";"60";"0";"г Москва  ";"0,0";"2,0";"2,0";"3,0";
"133,0";"25,01,2021";"Ярославский";"450013364";"Наезд на препятствие";"";"0";"0";"г Москва ш Ярославское 125, корп, 1";"0,0";"1,0";"1,0";"1,0";
"134,0";"25,01,2021";"Орехово-Борисово Северное";"450013013";"Наезд на пешехода";"";"0";"0";"г Москва  ";"0,0";"1,0";"1,0";"2,0";
"135,0";"25,01,2021";"Беговой";"450013201";"Наезд на пешехода";"";"0";"0";"г Москва ул Ямского Поля 1-я 30";"0,0";"1,0";"1,0";"2,0";
"136,0";"25,01,2021";"Лосиноостровский";"450013415";"Наезд на пешехода";"";"0";"0";"г Москва  ";"0,0";"1,0";"1,0";"2,0";
"137,0";"25,01,2021";"Чертаново Южное";"450013140";"Наезд на стоящее ТС";"Московская кольцевая автомобильная дорога (МКАД) внутренняя сторона";"35";"0";"г Москва  ";"0,0";"2,0";"2,0";"4,0";
"138,0";"25,01,2021";"Вешняки";"450012551";"Наезд на пешехода";"";"0";"0";"г Москва ул Кетчерская 2";"0,0";"1,0";"1,0";"2,0";
"139,0";"25,01,2021";"Ново-Переделкино";"450014782";"Столкновение";"";"0";"0";"г Москва ш Боровское 23";"0,0";"1,0";"2,0";"2,0";
"140,0";"25,01,2021";"Тимирязевский";"450012980";"Наезд на пешехода";"";"0";"0";"г Москва проезд Дмитровский 8";"0,0";"1,0";"1,0";"2,0";
"141,0";"25,01,2021";"Беговой";"450015586";"Наезд на препятствие";"Третье транспортное кольцо (внешняя сторона)";"39";"500";"г Москва ул Беговая 7";"0,0";"1,0";"3,0";"3,0";
"142,0";"25,01,2021";"Отрадное";"450012906";"Наезд на пешехода";"";"0";"0";"г Москва ул Пестеля 2";"1,0";"0,0";"1,0";"2,0";
"143,0";"24,01,2021";"Восточное Дегунино";"450012835";"Столкновение";"";"0";"0";"г Москва ул 800-летия Москвы 1К,1";"0,0";"1,0";"2,0";"2,0";
"144,0";"24,01,2021";"Ясенево";"450013298";"Столкновение";"";"0";"0";"г Москва пр-кт Новоясеневский 11";"0,0";"1,0";"3,0";"3,0";
"145,0";"24,01,2021";"Люблино";"450012368";"Наезд на пешехода";"";"0";"0";"г Москва  ";"0,0";"1,0";"1,0";"2,0";
"146,0";"24,01,2021";"Ярославский";"450012449";"Столкновение";"Московская кольцевая автомобильная дорога (МКАД) внешняя сторона";"94";"0";"г Москва  ";"0,0";"2,0";"2,0";"4,0";
"147,0";"24,01,2021";"Бибирево";"450014905";"Столкновение";"";"0";"0";"г Москва ш Алтуфьевское стр,2";"0,0";"1,0";"2,0";"2,0";
"148,0";"24,01,2021";"Вороновское поселение";"450012167";"Столкновение";"А-130 Москва - Малоярославец - Рославль - граница с Республикой Белоруссия (основное направление)";"56";"0";" ул Варшавское шоссе 56";"1,0";"3,0";"3,0";"5,0";
"149,0";"24,01,2021";"Печатники";"450012427";"Наезд на пешехода";"";"0";"0";"г Москва ул Полбина 29 СТР,1";"0,0";"1,0";"1,0";"2,0";
"150,0";"24,01,2021";"Печатники";"450013052";"Столкновение";"";"0";"0";"г Москва пр-кт Волгоградский 43";"0,0";"2,0";"2,0";"4,0";
"151,0";"24,01,2021";"Нижегородский";"450012056";"Наезд на препятствие";"Третье транспортное кольцо (внутренняя сторона)";"3";"0";"г Москва  ";"0,0";"1,0";"1,0";"1,0";
"152,0";"24,01,2021";"Капотня";"450012140";"Столкновение";"Московская кольцевая автомобильная дорога (МКАД) внешняя сторона";"18";"0";"г Москва  ";"0,0";"1,0";"3,0";"3,0";
"153,0";"24,01,2021";"Савеловский";"450011954";"Наезд на пешехода";"";"0";"0";"г Москва ул Бутырская 91";"0,0";"1,0";"1,0";"2,0";
"154,0";"24,01,2021";"Лианозово";"450012191";"Столкновение";"";"0";"0";"г Москва ш Алтуфьевское 83";"0,0";"2,0";"2,0";"3,0";
"155,0";"24,01,2021";"Нижегородский";"450011942";"Наезд на стоящее ТС";"Третье транспортное кольцо (внешняя сторона)";"2";"0";"г Москва  ";"0,0";"1,0";"2,0";"3,0";
"156,0";"24,01,2021";"Кунцево";"450012472";"Столкновение";"Московская кольцевая автомобильная дорога (МКАД) внешняя сторона";"57";"0";"г Москва  ";"0,0";"1,0";"2,0";"2,0";
"157,0";"24,01,2021";"Южное Медведково";"450012459";"Наезд на пешехода";"";"0";"0";"г Москва  ";"0,0";"1,0";"1,0";"2,0";
"158,0";"24,01,2021";"Люблино";"450012094";"Наезд на пешехода";"";"0";"0";"г Москва ул Краснодонская 55";"0,0";"1,0";"1,0";"2,0";
"159,0";"24,01,2021";"Хамовники";"450012398";"Столкновение";"";"0";"0";"г Москва ул Пироговская Б, 37-43";"0,0";"2,0";"2,0";"3,0";
"160,0";"24,01,2021";"Ломоносовский";"450012087";"Наезд на пешехода";"";"0";"0";"г Москва  ";"0,0";"1,0";"1,0";"2,0";
"161,0";"23,01,2021";"Тимирязевский";"450012532";"Столкновение";"";"0";"0";"г Москва ш Дмитровское 21с1";"0,0";"1,0";"2,0";"3,0";
"162,0";"23,01,2021";"Бирюлево Восточное";"450011755";"Наезд на велосипедиста";"";"0";"0";"г Москва ул Липецкая 52А";"0,0";"1,0";"2,0";"2,0";
"163,0";"23,01,2021";"Ясенево";"450011548";"Наезд на стоящее ТС";"Московская кольцевая автомобильная дорога (МКАД) внутренняя сторона";"36";"0";"г Москва  ";"0,0";"1,0";"2,0";"2,0";
"164,0";"23,01,2021";"Даниловский";"450011272";"Столкновение";"";"0";"0";"г Москва ул Тульская Б, 2";"0,0";"1,0";"2,0";"3,0";
"165,0";"23,01,2021";"Нагатино-Садовники";"450011686";"Столкновение";"";"0";"0";"г Москва ш Варшавское 37";"0,0";"1,0";"3,0";"4,0";
"166,0";"23,01,2021";"Нижегородский";"450011829";"Столкновение";"Третье транспортное кольцо (внешняя сторона)";"3";"0";"г Москва  ";"0,0";"1,0";"2,0";"3,0";
"167,0";"23,01,2021";"Внуковское";"450011742";"Падение пассажира";"";"0";"0";"поселение Внуковское ул Анны Ахматовой 11к1";"0,0";"1,0";"1,0";"2,0";
"168,0";"23,01,2021";"Тропарево-Никулино";"450011346";"Наезд на препятствие";"Московская кольцевая автомобильная дорога (МКАД) внутренняя сторона";"47";"0";"г Москва  ";"0,0";"1,0";"2,0";"1,0";
"169,0";"23,01,2021";"Южное Бутово";"450011431";"Столкновение";"";"0";"0";"г Москва ш Варшавское 196";"0,0";"1,0";"2,0";"3,0";
"170,0";"23,01,2021";"Братеево";"450011825";"Столкновение";"Московская кольцевая автомобильная дорога (МКАД) внешняя сторона";"19";"0";"г Москва  ";"0,0";"1,0";"3,0";"3,0";
"171,0";"22,01,2021";"ГУ МВД 2 СП ДПС 2 бат,";"450011570";"Столкновение";"М-10 Россия Москва - Тверь - Великий Новгород - Санкт-Петербург (основное направление)";"29";"300";"г Москва ш Ленинградское 22км";"0,0";"1,0";"2,0";"2,0";
"172,0";"22,01,2021";"Восточное Дегунино";"450010837";"Наезд на пешехода";"";"0";"0";"г Москва ул Дубнинская 10, корп, 1";"0,0";"1,0";"1,0";"2,0";
"173,0";"22,01,2021";"Басманный";"450010752";"Столкновение";"";"0";"0";"г Москва ул Радио 17";"0,0";"2,0";"2,0";"4,0";
"174,0";"22,01,2021";"Алтуфьевский";"450010793";"Наезд на пешехода";"";"0";"0";"г Москва проезд Путевой 2";"0,0";"1,0";"1,0";"2,0";
"175,0";"22,01,2021";"Восточное Измайлово";"450011639";"Наезд на пешехода";"";"0";"0";"г Москва ул Первомайская 80";"0,0";"1,0";"1,0";"2,0";
"176,0";"22,01,2021";"Богородское";"450011214";"Столкновение";"";"0";"0";"г Москва ул Краснобогатырская 77";"0,0";"3,0";"2,0";"3,0";
"177,0";"22,01,2021";"Выхино-Жулебино";"450012212";"Столкновение";"";"0";"0";"г Москва пр-кт Волгоградский 160 к1";"0,0";"1,0";"3,0";"4,0";
"178,0";"22,01,2021";"Южное Бутово";"450011160";"Наезд на стоящее ТС";"";"0";"0";"г Москва ш Варшавское 179 стр,1";"0,0";"1,0";"2,0";"2,0";
"179,0";"22,01,2021";"Ясенево";"450011560";"Столкновение";"";"0";"0";"г Москва б-р Литовский 9 7";"0,0";"1,0";"2,0";"3,0";
"180,0";"22,01,2021";"Очаково-Матвеевское";"450011066";"Наезд на пешехода";"";"0";"0";"п Матвеевское ул Генерала Дорохова 18 стр, 7";"0,0";"1,0";"2,0";"2,0";
"181,0";"22,01,2021";"Бескудниковский";"450012323";"Столкновение";"";"0";"0";"г Москва б-р Бескудниковский 10к4";"0,0";"1,0";"2,0";"2,0";
"182,0";"22,01,2021";"Тропарево-Никулино";"450010881";"Столкновение";"";"0";"0";"г Москва ул Никулинская 15";"0,0";"1,0";"2,0";"3,0";
"183,0";"22,01,2021";"Гагаринский";"450014280";"Столкновение";"";"0";"0";"г Москва пр-кт Ленинский 68";"0,0";"1,0";"2,0";"3,0";
"184,0";"22,01,2021";"Бутырский";"450010821";"Столкновение";"";"0";"0";"г Москва ул Руставели 15";"0,0";"1,0";"2,0";"2,0";
"185,0";"22,01,2021";"Обручевский";"450011103";"Наезд на пешехода";"";"0";"0";"г Москва ул Профсоюзная 60к2";"0,0";"1,0";"1,0";"2,0";
"186,0";"22,01,2021";"Аэропорт";"450016427";"Наезд на пешехода";"";"0";"0";"г Москва пр-кт Ленинградский 62а";"0,0";"1,0";"1,0";"2,0";
"187,0";"22,01,2021";"Гагаринский";"450011189";"Падение пассажира";"";"0";"0";"г Москва пр-кт Ленинский 41";"0,0";"1,0";"1,0";"2,0";
"188,0";"22,01,2021";"Московский";"450010516";"Столкновение";"М-3 Украина Москва - Калуга - Брянск - граница с Украиной (основное направление)";"23";"300";"  ";"0,0";"1,0";"4,0";"4,0";
"189,0";"22,01,2021";"Новогиреево";"450011051";"Наезд на пешехода";"";"0";"0";"г Москва пр-кт Свободный 39А";"0,0";"1,0";"1,0";"2,0";
"190,0";"22,01,2021";"Замоскворечье";"450011182";"Наезд на пешехода";"";"0";"0";"г Москва ул Серпуховская Б, 5";"0,0";"1,0";"1,0";"2,0";
"191,0";"22,01,2021";"Южное Бутово";"450011224";"Наезд на стоящее ТС";"";"0";"0";"г Москва ш Варшавское 179 стр,1";"0,0";"1,0";"2,0";"2,0";
"192,0";"22,01,2021";"Чертаново Северное";"450013361";"Наезд на стоящее ТС";"";"0";"0";"г Москва  ";"0,0";"1,0";"2,0";"2,0";
"193,0";"22,01,2021";"Отрадное";"450012824";"Столкновение";"";"0";"0";"г Москва аллея Берёзовая 9";"0,0";"2,0";"2,0";"4,0";
"194,0";"22,01,2021";"Лефортово";"450062103";"Наезд на пешехода";"";"0";"0";"г Москва  ";"0,0";"1,0";"1,0";"2,0";
"195,0";"21,01,2021";"Хамовники";"450010276";"Наезд на пешехода";"";"0";"0";"г Москва наб Саввинская 9";"0,0";"1,0";"1,0";"2,0";
"196,0";"21,01,2021";"Южное Тушино";"450011617";"Наезд на пешехода";"";"0";"0";"г Москва  ";"0,0";"1,0";"1,0";"2,0";
"197,0";"21,01,2021";"Соколиная гора";"450010672";"Наезд на пешехода";"";"0";"0";"г Москва пр-кт Будённого 15А";"0,0";"1,0";"1,0";"2,0";
"198,0";"21,01,2021";"Раменки";"450011170";"Столкновение";"";"0";"0";"г Москва ул Косыгина 36";"0,0";"1,0";"3,0";"4,0";
"199,0";"21,01,2021";"Строгино";"450014995";"Наезд на пешехода";"";"0";"0";"г Москва  ";"0,0";"1,0";"1,0";"2,0";
"200,0";"21,01,2021";"Тверской";"450010290";"Наезд на пешехода";"";"0";"0";"г Москва ул Дмитровка М, 6";"0,0";"1,0";"1,0";"2,0";
"201,0";"21,01,2021";"Арбат";"450009975";"Столкновение";"";"0";"0";"г Москва ул Воздвиженка 9";"0,0";"1,0";"2,0";"3,0";
"202,0";"21,01,2021";"Гагаринский";"450010059";"Наезд на пешехода";"";"0";"0";"г Москва пр-кт Ленинский 66";"0,0";"1,0";"1,0";"2,0";
"203,0";"21,01,2021";"Фили-Давыдково";"450009859";"Наезд на пешехода";"";"0";"0";"г Москва ш Аминьевское 34";"0,0";"2,0";"1,0";"3,0";
"204,0";"21,01,2021";"Зюзино";"450010064";"Наезд на пешехода";"";"0";"0";"г Москва ул Азовская 19";"0,0";"1,0";"1,0";"2,0";
"205,0";"21,01,2021";"Теплый Стан";"450010478";"Столкновение";"";"0";"0";"г Москва ул Генерала Тюленева 41А";"0,0";"1,0";"2,0";"2,0";
"206,0";"21,01,2021";"Сосенское";"450010406";"Столкновение";"";"0";"0";" снт Филатов луг 71";"0,0";"1,0";"2,0";"2,0";
"207,0";"21,01,2021";"Беговой";"450010181";"Наезд на пешехода";"";"0";"0";"г Москва ул Скаковая 20 стр, 4";"0,0";"1,0";"1,0";"2,0";
"208,0";"21,01,2021";"Братеево";"450015794";"Наезд на пешехода";"";"0";"0";"г Москва ул Братеевская 10 К1";"0,0";"1,0";"1,0";"2,0";
"209,0";"21,01,2021";"Ярославский";"450010757";"Столкновение";"";"0";"0";"г Москва ш Ярославское 117";"0,0";"1,0";"2,0";"2,0";
"210,0";"21,01,2021";"Ховрино";"450009857";"Столкновение";"";"0";"0";"г Москва ул Фестивальная 8А";"0,0";"1,0";"2,0";"2,0";
"211,0";"21,01,2021";"Орехово-Борисово Южное";"450011162";"Наезд на препятствие";"Московская кольцевая автомобильная дорога (МКАД) внешняя сторона";"21";"0";"г Москва  ";"0,0";"1,0";"1,0";"1,0";
"212,0";"21,01,2021";"Косино-Ухтомский";"450010743";"Столкновение";"";"0";"0";"п Ухтомский ул Святоозерская 9";"0,0";"1,0";"2,0";"3,0";
"213,0";"20,01,2021";"ГУ МВД 2 СП ДПС 2 бат,";"450009384";"Столкновение";"А-106 Рублево-Успенское шоссе";"22";"0";"г Москва  ";"1,0";"0,0";"2,0";"2,0";
"214,0";"20,01,2021";"Хорошевский";"450010448";"Столкновение";"";"0";"0";"г Москва туп Магистральный 2-й 5А,стр,1";"0,0";"1,0";"2,0";"2,0";
"215,0";"20,01,2021";"ГУ МВД 2 СП ДПС 2 бат,";"450009912";"Наезд на стоящее ТС";"М-9 Балтия Москва - Волоколамск - граница с Латвийской Республикой";"18";"0";"г Москва  ";"0,0";"1,0";"2,0";"3,0";
"216,0";"20,01,2021";"Хорошевский";"450010107";"Столкновение";"";"0";"0";"г Москва ул Куусинена 6 к3";"0,0";"1,0";"2,0";"2,0";
"217,0";"20,01,2021";"Орехово-Борисово Южное";"450009466";"Столкновение";"Московская кольцевая автомобильная дорога (МКАД) внешняя сторона";"23";"0";"г Москва  ";"0,0";"2,0";"6,0";"6,0";
"218,0";"20,01,2021";"Гольяново";"450008711";"Наезд на стоящее ТС";"Московская кольцевая автомобильная дорога (МКАД) внутренняя сторона";"99";"0";"г Москва  ";"0,0";"2,0";"2,0";"2,0";
"219,0";"20,01,2021";"Басманный";"450009666";"Наезд на пешехода";"";"0";"0";"г Москва пер Переведеновский 8";"0,0";"1,0";"1,0";"2,0";
"220,0";"20,01,2021";"Сосенское";"450009492";"Столкновение";"А-130 Москва - Малоярославец - Рославль - граница с Республикой Белоруссия (основное направление)";"22";"0";"  8Б";"0,0";"1,0";"2,0";"2,0";
"221,0";"20,01,2021";"Останкинский";"450009552";"Наезд на препятствие";"";"0";"0";"г Москва ул Сельскохозяйственная 27";"0,0";"1,0";"1,0";"1,0";
"222,0";"20,01,2021";"Вешняки";"450008708";"Наезд на стоящее ТС";"Московская кольцевая автомобильная дорога (МКАД) внутренняя сторона";"6";"0";"г Москва  ";"1,0";"0,0";"3,0";"2,0";
"223,0";"20,01,2021";"Внуково";"450009482";"Столкновение";"";"0";"0";"п Внуково ш Заводское 15";"0,0";"1,0";"2,0";"2,0";
"224,0";"20,01,2021";"Строгино";"450009917";"Наезд на стоящее ТС";"Московская кольцевая автомобильная дорога (МКАД) внешняя сторона";"63";"0";"г Москва  ";"0,0";"1,0";"2,0";"2,0";
"225,0";"20,01,2021";"Хорошево-Мневники";"450010803";"Наезд на пешехода";"";"0";"0";"г Москва ул Генерала Глаголева 3";"0,0";"1,0";"1,0";"2,0";
"226,0";"20,01,2021";"Арбат";"450009158";"Наезд на пешехода";"";"0";"0";"г Москва  ";"0,0";"1,0";"1,0";"2,0";
"227,0";"20,01,2021";"Арбат";"450009155";"Наезд на препятствие";"";"0";"0";"г Москва пер Афанасьевский М, 1 33";"0,0";"1,0";"1,0";"2,0";
"228,0";"20,01,2021";"Бибирево";"450009548";"Наезд на препятствие";"";"0";"0";"г Москва ул Лескова 26А";"0,0";"1,0";"1,0";"1,0";
"229,0";"19,01,2021";"Таганский";"450008377";"Наезд на пешехода";"";"0";"0";"г Москва ул Международная 15";"0,0";"1,0";"1,0";"2,0";
"230,0";"19,01,2021";"Ивановское";"450008326";"Наезд на пешехода";"";"0";"0";"г Москва ул Молостовых 1г";"0,0";"2,0";"1,0";"3,0";
"231,0";"19,01,2021";"Кузьминки";"450008778";"Столкновение";"";"0";"0";"г Москва пр-кт Волгоградский 119а";"0,0";"1,0";"2,0";"2,0";
"232,0";"19,01,2021";"Бирюлево Восточное";"450008434";"Столкновение";"";"0";"0";"г Москва ул Лебедянская 4";"0,0";"1,0";"2,0";"2,0";
"233,0";"19,01,2021";"Савеловский";"450008003";"Наезд на пешехода";"";"0";"0";"г Москва ул Масловка В, 20 стр, 1";"0,0";"1,0";"1,0";"2,0";
"234,0";"19,01,2021";"Басманный";"450008272";"Наезд на пешехода";"";"0";"0";"г Москва ул Басманная Нов, 5";"0,0";"1,0";"1,0";"2,0";
"235,0";"19,01,2021";"Лефортово";"450008338";"Падение пассажира";"";"0";"0";"г Москва ул Красноказарменная 12";"0,0";"1,0";"1,0";"2,0";
"236,0";"19,01,2021";"Останкинский";"450010750";"Столкновение";"";"0";"0";"г Москва пр-кт Мира 109";"0,0";"1,0";"3,0";"3,0";
"237,0";"19,01,2021";"Бирюлево Восточное";"450008018";"Столкновение";"";"0";"0";"г Москва ул Липецкая 26";"0,0";"1,0";"2,0";"3,0";
"238,0";"19,01,2021";"Строгино";"450009523";"Столкновение";"";"0";"0";"г Москва пр-кт Маршала Жукова 92";"0,0";"1,0";"2,0";"2,0";
"239,0";"19,01,2021";"Марьина роща";"450008982";"Столкновение";"";"0";"0";"г Москва ул Шереметьевская 37 к1";"0,0";"1,0";"2,0";"2,0";
"240,0";"19,01,2021";"Выхино-Жулебино";"450008411";"Столкновение";"";"0";"0";"г Москва ул Академика Скрябина 40";"0,0";"1,0";"3,0";"4,0";
"241,0";"19,01,2021";"Нагатино-Садовники";"450016934";"Столкновение";"";"0";"0";"г Москва  ";"0,0";"1,0";"2,0";"3,0";
"242,0";"19,01,2021";"Южное Тушино";"450008283";"Наезд на пешехода";"";"0";"0";"г Москва б-р Химкинский 1";"0,0";"1,0";"1,0";"2,0";
"243,0";"19,01,2021";"Марфино";"450008734";"Столкновение";"";"0";"0";"г Москва ул Ботаническая 41, корп, 7";"0,0";"1,0";"2,0";"2,0";
"244,0";"19,01,2021";"Новокосино";"450008365";"Наезд на велосипедиста";"";"0";"0";"г Москва ул Суздальская 38, к,2";"0,0";"1,0";"2,0";"2,0";
"245,0";"18,01,2021";"Преображенское";"450007686";"Столкновение";"";"0";"0";"г Москва ул Электрозаводская 60";"0,0";"1,0";"2,0";"2,0";
"246,0";"18,01,2021";"Новогиреево";"450007247";"Столкновение";"";"0";"0";"г Москва ул Алексея Дикого 18Б";"0,0";"1,0";"2,0";"3,0";
"247,0";"18,01,2021";"Хорошевский";"450009617";"Наезд на пешехода";"";"0";"0";"г Москва ш Хорошёвское 32А";"0,0";"1,0";"1,0";"2,0";
"248,0";"18,01,2021";"Крюково";"450007443";"Столкновение";"";"0";"0";"г Зеленоград пр-кт Георгиевский 1620";"0,0";"1,0";"2,0";"2,0";
"249,0";"18,01,2021";"Строгино";"450007434";"Столкновение";"";"0";"0";"г Москва проезд Неманский 7 корп, 1,";"0,0";"2,0";"2,0";"4,0";
"250,0";"18,01,2021";"Аэропорт";"450015658";"Столкновение";"";"0";"0";"г Москва пр-кт Ленинградский 36";"0,0";"1,0";"2,0";"3,0";
"251,0";"18,01,2021";"Матушкино";"450007547";"Наезд на препятствие";"";"0";"0";"г Зеленоград пл Юности 314";"0,0";"1,0";"1,0";"1,0";
"252,0";"18,01,2021";"Ярославский";"450007331";"Наезд на пешехода";"";"0";"0";"г Москва ш Ярославское 22 к,1";"0,0";"1,0";"1,0";"2,0";
"253,0";"18,01,2021";"Южное Медведково";"450008182";"Столкновение";"";"0";"0";"г Москва ул Чермянская 1а,стр1";"0,0";"1,0";"2,0";"2,0";
"254,0";"18,01,2021";"Отрадное";"450008092";"Столкновение";"";"0";"0";"г Москва ул Отрадная 8";"0,0";"2,0";"2,0";"3,0";
"255,0";"18,01,2021";"Митино";"450007234";"Наезд на пешехода";"";"0";"0";"г Москва пер Митинский 3-й 5";"0,0";"1,0";"1,0";"2,0";
"256,0";"18,01,2021";"Нагатинский затон";"450007621";"Столкновение";"";"0";"0";"г Москва ул Судостроительная 11 К1";"0,0";"2,0";"2,0";"4,0";
"257,0";"18,01,2021";"Коптево";"450007582";"Наезд на пешехода";"";"0";"0";"г Москва пер Михалковский 3-й 16";"0,0";"1,0";"1,0";"2,0";
"258,0";"18,01,2021";"Северный";"450007440";"Наезд на пешехода";"";"0";"0";"г Москва ш Дмитровское 165 Е кор,3";"0,0";"1,0";"1,0";"2,0";
"259,0";"18,01,2021";"Коптево";"450015563";"Столкновение";"";"0";"0";"г Москва ул Клары Цеткин 18Бстр1";"0,0";"1,0";"2,0";"3,0";
"260,0";"18,01,2021";"Ростокино";"450008732";"Столкновение";"";"0";"0";"г Москва ул Сергея Эйзенштейна 6";"0,0";"1,0";"2,0";"2,0";
"261,0";"18,01,2021";"Преображенское";"450008088";"Наезд на велосипедиста";"";"0";"0";"г Москва ул Алымова 5";"0,0";"1,0";"2,0";"2,0";
"262,0";"18,01,2021";"Можайский";"450007394";"Столкновение";"";"0";"0";"г Москва ул Верейская 39";"0,0";"1,0";"3,0";"3,0";
"263,0";"18,01,2021";"Северное Измайлово";"450007931";"Столкновение";"Московская кольцевая автомобильная дорога (МКАД) внешняя сторона";"105";"0";"г Москва  ";"0,0";"1,0";"3,0";"3,0";
"264,0";"18,01,2021";"Левобережный";"450007649";"Наезд на стоящее ТС";"";"0";"0";"г Москва ш Ленинградское 67";"0,0";"1,0";"2,0";"3,0";
"265,0";"17,01,2021";"Вешняки";"450007335";"Столкновение";"Северо-Восточная хорда (СВХ)";"1";"0";"г Москва ул Косинская 17";"0,0";"2,0";"2,0";"3,0";
"266,0";"17,01,2021";"Молжаниновский";"450006534";"Столкновение";"";"0";"0";"г Москва ш Международное 1 км";"0,0";"2,0";"2,0";"4,0";
"267,0";"17,01,2021";"Нагорный";"450007148";"Столкновение";"";"0";"0";"г Москва б-р Чонгарский 5";"0,0";"1,0";"2,0";"3,0";
"268,0";"17,01,2021";"Аэропорт";"450007025";"Наезд на препятствие";"";"0";"0";"г Москва пр-кт Ленинградский 78";"0,0";"1,0";"1,0";"1,0";
"269,0";"17,01,2021";"Лефортово";"450006748";"Наезд на стоящее ТС";"Третье транспортное кольцо (внешняя сторона)";"1";"0";"г Москва  ";"1,0";"3,0";"2,0";"5,0";
"270,0";"17,01,2021";"Раменки";"450007009";"Столкновение";"";"0";"0";"г Москва ул Минская 2";"0,0";"1,0";"4,0";"4,0";
"271,0";"17,01,2021";"Косино-Ухтомский";"450006944";"Наезд на пешехода";"";"0";"0";"п Ухтомский  ";"0,0";"1,0";"1,0";"2,0";
"272,0";"17,01,2021";"ГУ МВД 2 СП ДПС 2 бат,";"450007008";"Наезд на препятствие";"М-9 Балтия Москва - Волоколамск - граница с Латвийской Республикой";"22";"0";"г Москва  ";"1,0";"1,0";"1,0";"2,0";
"273,0";"17,01,2021";"Московский";"450006746";"Наезд на пешехода";"";"0";"0";"г Московский мкр 1-й 42";"0,0";"1,0";"1,0";"2,0";
"274,0";"17,01,2021";"Соколиная гора";"450007045";"Наезд на велосипедиста";"";"0";"0";"г Москва ул Мироновская 33";"0,0";"1,0";"2,0";"2,0";
"275,0";"16,01,2021";"Орехово-Борисово Южное";"450009083";"Столкновение";"";"0";"0";"г Москва ш Каширское 67";"0,0";"1,0";"3,0";"4,0";
"276,0";"16,01,2021";"Южное Тушино";"450005908";"Наезд на препятствие";"";"0";"0";"г Москва проезд Походный 26";"0,0";"1,0";"1,0";"2,0";
"277,0";"16,01,2021";"Гагаринский";"450006423";"Столкновение";"";"0";"0";"г Москва пр-кт Ленинский 68";"0,0";"1,0";"2,0";"3,0";
"278,0";"16,01,2021";"Крюково";"450006369";"Наезд на пешехода";"";"0";"0";"г Зеленоград ул Радио 38";"0,0";"1,0";"1,0";"2,0";
"279,0";"16,01,2021";"Филевский парк";"450009085";"Наезд на пешехода";"";"0";"0";"г Москва проезд Физкультурный 6";"0,0";"1,0";"1,0";"2,0";
"280,0";"16,01,2021";"Измайлово";"450006884";"Столкновение";"";"0";"0";"г Москва ул Измайловского Зверинца 1-я 8";"0,0";"1,0";"2,0";"2,0";
"281,0";"16,01,2021";"Головинский";"450006474";"Наезд на пешехода";"";"0";"0";"г Москва ул Авангардная 3";"0,0";"1,0";"1,0";"2,0";
"282,0";"16,01,2021";"Строгино";"450006060";"Наезд на пешехода";"";"0";"0";"г Москва проезд Неманский 7 к, 1";"0,0";"1,0";"1,0";"2,0";
"283,0";"16,01,2021";"Соколиная гора";"450006415";"Столкновение";"";"0";"0";"г Москва ул Семёновский Вал 12";"0,0";"2,0";"2,0";"4,0";
"284,0";"16,01,2021";"Южное Медведково";"450006204";"Наезд на пешехода";"";"0";"0";"г Москва ул Молодцова 27 к,1";"0,0";"1,0";"1,0";"2,0";
"285,0";"16,01,2021";"Коптево";"450006564";"Столкновение";"";"0";"0";"г Москва ул Коптевская 73А с1";"0,0";"1,0";"2,0";"2,0";
"286,0";"16,01,2021";"Люблино";"450008383";"Столкновение";"";"0";"0";"г Москва ул Ставропольская 35 с1";"0,0";"3,0";"2,0";"4,0";
"287,0";"16,01,2021";"Кунцево";"450006573";"Столкновение";"";"0";"0";"г Москва ш Рублёвское 14к1";"0,0";"1,0";"2,0";"2,0";
"288,0";"16,01,2021";"Щербинка";"450006971";"Столкновение";"";"0";"0";"г Щербинка ул Железнодорожная 15с2";"0,0";"1,0";"2,0";"2,0";
"289,0";"16,01,2021";"Чертаново Северное";"450009546";"Наезд на препятствие";"";"0";"0";"г Москва ш Варшавское 95";"0,0";"1,0";"1,0";"1,0";
"290,0";"15,01,2021";"Внуково";"450006017";"Наезд на пешехода";"";"0";"0";"п Внуково ул Рейсовая 2-я 2к5";"0,0";"1,0";"1,0";"2,0";
"291,0";"15,01,2021";"Даниловский";"450005093";"Столкновение";"Третье транспортное кольцо (внешняя сторона)";"7";"400";"г Москва  ";"0,0";"1,0";"2,0";"2,0";
"292,0";"15,01,2021";"Северное Тушино";"450005733";"Наезд на пешехода";"";"0";"0";"г Москва ул Фомичёвой 1";"0,0";"1,0";"1,0";"2,0";
"293,0";"15,01,2021";"Беговой";"450005506";"Столкновение";"";"0";"0";"г Москва пр-кт Ленинградский 23";"0,0";"1,0";"2,0";"2,0";
"294,0";"15,01,2021";"Мещанский";"450005634";"Наезд на пешехода";"";"0";"0";"г Москва  ";"0,0";"1,0";"1,0";"2,0";
"295,0";"14,01,2021";"Марушкинское";"450005217";"Столкновение";"";"0";"0";"д Марушкино ул Придорожная 12";"0,0";"1,0";"2,0";"3,0";
"296,0";"14,01,2021";"Арбат";"450004467";"Наезд на пешехода";"";"0";"0";"г Москва пл Смоленская 13 21";"0,0";"1,0";"1,0";"2,0";
"297,0";"14,01,2021";"Хорошево-Мневники";"450004739";"Столкновение";"";"0";"0";"г Москва ул Мнёвники Нижн, 47 стр,1";"0,0";"2,0";"2,0";"3,0";
"298,0";"14,01,2021";"Выхино-Жулебино";"450006165";"Столкновение";"Московская кольцевая автомобильная дорога (МКАД) внешняя сторона";"8";"0";"г Москва  ";"0,0";"1,0";"2,0";"2,0";
"299,0";"14,01,2021";"Южное Медведково";"450005628";"Наезд на пешехода";"";"0";"0";"г Москва проезд Дежнёва 7";"0,0";"1,0";"1,0";"2,0";
"300,0";"14,01,2021";"Раменки";"450005099";"Столкновение";"";"0";"0";"г Москва пр-кт Университетский 13";"0,0";"1,0";"2,0";"2,0";
"301,0";"14,01,2021";"Раменки";"450004978";"Наезд на пешехода";"";"0";"0";"г Москва ул Удальцова 60";"0,0";"1,0";"1,0";"2,0";
"302,0";"14,01,2021";"Можайский";"450005593";"Столкновение";"Московская кольцевая автомобильная дорога (МКАД) внутренняя сторона";"53";"0";"г Москва  ";"0,0";"1,0";"2,0";"3,0";
"303,0";"14,01,2021";"Измайлово";"450004906";"Столкновение";"";"0";"0";"г Москва ул Прядильная 3-я 13 корп, 1";"0,0";"1,0";"2,0";"3,0";
"304,0";"14,01,2021";"Красносельский";"450004836";"Столкновение";"";"0";"0";"г Москва ул Маши Порываевой 7";"0,0";"1,0";"2,0";"2,0";
"305,0";"14,01,2021";"Гагаринский";"450005522";"Столкновение";"Третье транспортное кольцо (внутренняя сторона)";"0";"0";"г Москва  ";"0,0";"1,0";"2,0";"2,0";
"306,0";"14,01,2021";"Дорогомилово";"450004749";"Наезд на препятствие";"";"0";"0";"г Москва ул Платовская 4";"0,0";"1,0";"2,0";"2,0";
"307,0";"13,01,2021";"ГУ МВД 2 СП ДПС 2 бат,";"450003984";"Наезд на препятствие";"А-106 Рублево-Успенское шоссе";"8";"0";"г Москва  ";"0,0";"1,0";"1,0";"1,0";
"308,0";"13,01,2021";"Строгино";"450003993";"Наезд на пешехода";"";"0";"0";"г Москва ул Маршала Катукова 4";"0,0";"1,0";"1,0";"2,0";
"309,0";"13,01,2021";"Москворечье-Сабурово";"450004124";"Столкновение";"";"0";"0";"г Москва ш Каширское 49";"0,0";"1,0";"2,0";"3,0";
"310,0";"13,01,2021";"Марьино";"450004361";"Наезд на пешехода";"";"0";"0";"г Москва ул Белореченская 30";"0,0";"1,0";"1,0";"2,0";
"311,0";"13,01,2021";"Царицыно";"450004123";"Наезд на пешехода";"";"0";"0";"г Москва ул Бехтерева 2 СТР4";"0,0";"1,0";"1,0";"2,0";
"312,0";"13,01,2021";"Ивановское";"450004587";"Столкновение";"Московская кольцевая автомобильная дорога (МКАД) внешняя сторона";"2";"0";"г Москва  ";"0,0";"1,0";"3,0";"4,0";
"313,0";"13,01,2021";"Марьино";"450010689";"Наезд на пешехода";"";"0";"0";"г Москва ул Новомарьинская 16, к 1";"0,0";"1,0";"1,0";"2,0";
"314,0";"13,01,2021";"Головинский";"450007870";"Столкновение";"";"0";"0";"г Москва ул Онежская 20";"0,0";"1,0";"3,0";"3,0";
"315,0";"13,01,2021";"Теплый Стан";"450004469";"Наезд на стоящее ТС";"Московская кольцевая автомобильная дорога (МКАД) внутренняя сторона";"44";"0";"г Москва  ";"0,0";"1,0";"3,0";"3,0";
"316,0";"13,01,2021";"Очаково-Матвеевское";"450004334";"Падение пассажира";"";"0";"0";"п Матвеевское ул Веерная 22, корп,1";"0,0";"1,0";"1,0";"3,0";
"317,0";"13,01,2021";"Текстильщики";"450004120";"Столкновение";"";"0";"0";"г Москва б-р Волжский 38";"0,0";"3,0";"3,0";"3,0";
"318,0";"13,01,2021";"Донской";"450004121";"Наезд на пешехода";"";"0";"0";"г Москва ул Орджоникидзе 11";"0,0";"1,0";"1,0";"2,0";
"319,0";"13,01,2021";"Левобережный";"450004017";"Столкновение";"";"0";"0";"г Москва ш Ленинградское 106";"0,0";"1,0";"2,0";"2,0";
"320,0";"13,01,2021";"Кунцево";"450004024";"Столкновение";"";"0";"0";"г Москва ул Молодогвардейская 65";"0,0";"1,0";"2,0";"2,0";
"321,0";"13,01,2021";"Дорогомилово";"450004176";"Наезд на пешехода";"";"0";"0";"г Москва ул Можайский Вал 1";"0,0";"1,0";"1,0";"2,0";
"322,0";"13,01,2021";"Хамовники";"450004234";"Столкновение";"";"0";"0";"г Москва пр-кт Комсомольский 40";"0,0";"1,0";"2,0";"3,0";
"323,0";"13,01,2021";"Арбат";"450005745";"Наезд на пешехода";"";"0";"0";"г Москва пер Афанасьевский Б, 17 7";"0,0";"1,0";"1,0";"2,0";
"324,0";"13,01,2021";"Щукино";"450003956";"Наезд на пешехода";"";"0";"0";"г Москва ул Расплетина 17";"0,0";"1,0";"1,0";"2,0";
"325,0";"13,01,2021";"Выхино-Жулебино";"450004599";"Столкновение";"";"0";"0";"г Москва  ";"0,0";"1,0";"2,0";"2,0";
"326,0";"12,01,2021";"Бескудниковский";"450005250";"Наезд на пешехода";"";"0";"0";"г Москва б-р Бескудниковский 40, корп,2";"0,0";"1,0";"1,0";"2,0";
"327,0";"12,01,2021";"Бутырский";"450003589";"Наезд на стоящее ТС";"";"0";"0";"г Москва ул Милашенкова 10";"1,0";"0,0";"2,0";"1,0";
"328,0";"12,01,2021";"Богородское";"450004188";"Наезд на пешехода";"";"0";"0";"г Москва  ";"0,0";"1,0";"1,0";"2,0";
"329,0";"12,01,2021";"Рязановское";"450003789";"Столкновение";"";"0";"0";" ш Рязановское (п Рязановское) 54";"0,0";"3,0";"2,0";"4,0";
"330,0";"12,01,2021";"Хамовники";"450003692";"Опрокидывание";"";"0";"0";"г Москва  ";"0,0";"1,0";"1,0";"1,0";
"331,0";"12,01,2021";"Лианозово";"450005430";"Столкновение";"Московская кольцевая автомобильная дорога (МКАД) внутренняя сторона";"84";"0";"г Москва  ";"0,0";"1,0";"2,0";"3,0";
"332,0";"12,01,2021";"Басманный";"450003545";"Наезд на пешехода";"";"0";"0";"г Москва ул Покровка 19";"0,0";"1,0";"1,0";"2,0";
"333,0";"12,01,2021";"Алексеевский";"450004059";"Наезд на пешехода";"";"0";"0";"г Москва  ";"0,0";"1,0";"1,0";"2,0";
"334,0";"12,01,2021";"Чертаново Южное";"450003621";"Столкновение";"";"0";"0";"г Москва ш Варшавское 135Б";"0,0";"2,0";"3,0";"4,0";
"335,0";"12,01,2021";"Тропарево-Никулино";"450004712";"Наезд на пешехода";"";"0";"0";"г Москва пр-кт Вернадского 86Б";"0,0";"1,0";"1,0";"2,0";
"336,0";"12,01,2021";"Коньково";"450003695";"Наезд на пешехода";"";"0";"0";"г Москва ул Обручева 42";"0,0";"1,0";"1,0";"2,0";
"337,0";"12,01,2021";"Сосенское";"450003730";"Наезд на пешехода";"";"0";"0";" ул Адмирала Корнилова 10";"0,0";"1,0";"1,0";"2,0";
"338,0";"12,01,2021";"Хорошево-Мневники";"450003776";"Наезд на пешехода";"";"0";"0";"г Москва ул Генерала Глаголева 3";"0,0";"1,0";"1,0";"2,0";
"339,0";"12,01,2021";"Раменки";"450003652";"Наезд на пешехода";"";"0";"0";"г Москва проезд Сетуньский 1-й 1стр2";"0,0";"1,0";"1,0";"2,0";
"340,0";"11,01,2021";"Северное Измайлово";"450003505";"Столкновение";"";"0";"0";"г Москва ш Щёлковское 98 57";"0,0";"1,0";"2,0";"3,0";
"341,0";"11,01,2021";"Перово";"450002932";"Наезд на пешехода";"";"0";"0";"г Москва  ";"0,0";"1,0";"1,0";"2,0";
"342,0";"11,01,2021";"Марушкинское";"450003318";"Наезд на стоящее ТС";"М-3 Украина Москва - Калуга - Брянск - граница с Украиной (основное направление)";"30";"100";"  ";"0,0";"2,0";"2,0";"3,0";
"343,0";"11,01,2021";"Зюзино";"450003049";"Наезд на пешехода";"";"0";"0";"г Москва б-р Черноморский 13 корп, 1";"0,0";"2,0";"1,0";"3,0";
"344,0";"11,01,2021";"Головинский";"450005252";"Наезд на пешехода";"";"0";"0";"г Москва  ";"0,0";"1,0";"1,0";"2,0";
"345,0";"11,01,2021";"Лефортово";"450002841";"Наезд на пешехода";"";"0";"0";"г Москва ул Авиамоторная 11";"0,0";"1,0";"1,0";"2,0";
"346,0";"11,01,2021";"Даниловский";"450003249";"Столкновение";"";"0";"0";"г Москва наб Даниловская 8";"0,0";"1,0";"3,0";"3,0";
"347,0";"11,01,2021";"Марьино";"450003955";"Столкновение";"";"0";"0";"г Москва ул Донецкая 2а";"0,0";"1,0";"2,0";"2,0";
"348,0";"11,01,2021";"Черемушки";"450003487";"Столкновение";"";"0";"0";"г Москва пр-кт Севастопольский 57";"0,0";"1,0";"3,0";"4,0";
"349,0";"11,01,2021";"Ясенево";"450009019";"Наезд на пешехода";"";"0";"0";"г Москва б-р Литовский 34";"0,0";"1,0";"1,0";"2,0";
"350,0";"11,01,2021";"Ново-Переделкино";"450003092";"Падение пассажира";"";"0";"0";"г Москва ул Скульптора Мухиной 5";"0,0";"1,0";"1,0";"2,0";
"351,0";"11,01,2021";"Нагорный";"450003643";"Столкновение";"";"0";"0";"г Москва пр-кт Балаклавский 12 К3";"0,0";"1,0";"2,0";"2,0";
"352,0";"11,01,2021";"Филевский парк";"450003265";"Столкновение";"";"0";"0";"г Москва ул Филёвская Б, 21, к 1";"0,0";"1,0";"2,0";"3,0";
"353,0";"11,01,2021";"Савёлки";"450003448";"Наезд на пешехода";"";"0";"0";"г Зеленоград аллея Яблоневая 2";"0,0";"1,0";"1,0";"2,0";
"354,0";"10,01,2021";"Кузьминки";"450002628";"Столкновение";"";"0";"0";"г Москва пр-кт Волгоградский 145 к2";"0,0";"3,0";"4,0";"7,0";
"355,0";"10,01,2021";"Чертаново Южное";"450002677";"Столкновение";"";"0";"0";"г Москва ш Варшавское 135Б";"0,0";"1,0";"2,0";"3,0";
"356,0";"10,01,2021";"Чертаново Южное";"450002583";"Наезд на пешехода";"";"0";"0";"г Москва ул Газопровод 15";"0,0";"1,0";"1,0";"2,0";
"357,0";"10,01,2021";"Орехово-Борисово Северное";"450002667";"Столкновение";"";"0";"0";"г Москва ул Дольская 1";"0,0";"1,0";"2,0";"2,0";
"358,0";"10,01,2021";"Северное Тушино";"450002665";"Наезд на пешехода";"";"0";"0";"г Москва ул Туристская 8";"0,0";"1,0";"1,0";"2,0";
"359,0";"10,01,2021";"Раменки";"450002820";"Наезд на препятствие";"";"0";"0";"г Москва пр-кт Мичуринский 3";"0,0";"1,0";"1,0";"1,0";
"360,0";"10,01,2021";"Тимирязевский";"450002777";"Наезд на стоящее ТС";"";"0";"0";"г Москва ш Дмитровское 42";"0,0";"2,0";"2,0";"4,0";
"361,0";"10,01,2021";"Теплый Стан";"450002745";"Наезд на препятствие";"Московская кольцевая автомобильная дорога (МКАД) внутренняя сторона";"42";"0";"г Москва  ";"0,0";"1,0";"2,0";"3,0";
"362,0";"10,01,2021";"Восточное Измайлово";"450003030";"Столкновение";"Московская кольцевая автомобильная дорога (МКАД) внутренняя сторона";"107";"0";"г Москва  ";"0,0";"1,0";"2,0";"2,0";
"363,0";"10,01,2021";"Можайский";"450002562";"Наезд на препятствие";"";"0";"0";"г Москва ш Можайское 28";"0,0";"2,0";"1,0";"2,0";
"364,0";"09,01,2021";"Братеево";"450199778";"Столкновение";"";"0";"0";"г Москва ул Борисовские Пруды 20 К1";"0,0";"1,0";"2,0";"2,0";
"365,0";"09,01,2021";"Южное Бутово";"450002344";"Падение пассажира";"";"0";"0";"г Москва пер Миргородский 1-й 1Г, стр, 1";"1,0";"0,0";"1,0";"2,0";
"366,0";"09,01,2021";"Зюзино";"450003637";"Столкновение";"";"0";"0";"г Москва ул Каховка 37 корп 1";"0,0";"1,0";"2,0";"3,0";
"367,0";"09,01,2021";"Митино";"450002418";"Столкновение";"";"0";"0";"г Москва пер Митинский 1-й 17";"0,0";"1,0";"2,0";"3,0";
"368,0";"09,01,2021";"Ховрино";"450002414";"Столкновение";"";"0";"0";"г Москва ул Клинская 2";"0,0";"1,0";"2,0";"3,0";
"369,0";"09,01,2021";"Печатники";"450002334";"Наезд на пешехода";"";"0";"0";"г Москва ул Шоссейная 2б";"0,0";"1,0";"1,0";"2,0";
"370,0";"09,01,2021";"Ивановское";"450002338";"Наезд на стоящее ТС";"Московская кольцевая автомобильная дорога (МКАД) внутренняя сторона";"108";"0";"г Москва  ";"0,0";"2,0";"2,0";"3,0";
"371,0";"09,01,2021";"Братеево";"450002519";"Столкновение";"Московская кольцевая автомобильная дорога (МКАД) внутренняя сторона";"19";"0";"г Москва  ";"0,0";"2,0";"2,0";"3,0";
"372,0";"09,01,2021";"Ярославский";"450002404";"Наезд на пешехода";"";"0";"0";"г Москва ул Егора Абакумова 8";"0,0";"1,0";"1,0";"2,0";
"373,0";"09,01,2021";"Раменки";"450002642";"Столкновение";"";"0";"0";"г Москва пр-кт Мичуринский 7";"0,0";"1,0";"2,0";"3,0";
"374,0";"09,01,2021";"Люблино";"450002382";"Наезд на пешехода";"";"0";"0";"г Москва ул Совхозная 45";"1,0";"0,0";"1,0";"2,0";
"375,0";"09,01,2021";"Люблино";"450002333";"Столкновение";"";"0";"0";"г Москва ул Люблинская 76 А";"0,0";"2,0";"2,0";"4,0";
"376,0";"09,01,2021";"Старое Крюково";"450002415";"Столкновение";"";"0";"0";"г Зеленоград аллея Солнечная 807";"0,0";"1,0";"3,0";"4,0";
"377,0";"09,01,2021";"Выхино-Жулебино";"450002421";"Наезд на пешехода";"";"0";"0";"г Москва ул Ферганская 13 кор, 1";"0,0";"1,0";"1,0";"2,0";
"378,0";"09,01,2021";"Хамовники";"450002546";"Столкновение";"";"0";"0";"г Москва пр-кт Комсомольский 39";"0,0";"1,0";"2,0";"3,0";
"379,0";"09,01,2021";"Хорошевский";"450002267";"Наезд на пешехода";"";"0";"0";"г Москва ш Хорошёвское 82";"0,0";"1,0";"1,0";"2,0";
"380,0";"09,01,2021";"Митино";"450002445";"Наезд на велосипедиста";"";"0";"0";"г Москва ул Митинская 15";"0,0";"1,0";"2,0";"2,0";
"381,0";"08,01,2021";"Лефортово";"450002241";"Наезд на пешехода";"";"0";"0";"г Москва ул Красноказарменная 14 стр,1";"1,0";"1,0";"1,0";"3,0";
"382,0";"08,01,2021";"Ясенево";"450001833";"Наезд на стоящее ТС";"";"0";"0";"г Москва проезд Соловьиный 1";"0,0";"1,0";"12,0";"1,0";
"383,0";"08,01,2021";"Чертаново Южное";"450002202";"Столкновение";"Московская кольцевая автомобильная дорога (МКАД) внутренняя сторона";"33";"0";"г Москва  ";"0,0";"2,0";"2,0";"3,0";
"384,0";"08,01,2021";"Измайлово";"450002145";"Наезд на пешехода";"";"0";"0";"г Москва проезд Измайловский 14";"0,0";"1,0";"1,0";"2,0";
"385,0";"08,01,2021";"Чертаново Южное";"450001812";"Столкновение";"";"0";"0";"г Москва ш Варшавское 166 СТР1";"0,0";"2,0";"3,0";"5,0";
"386,0";"08,01,2021";"Текстильщики";"450002602";"Столкновение";"";"0";"0";"г Москва б-р Волжский 38";"0,0";"1,0";"2,0";"3,0";
"387,0";"08,01,2021";"Орехово-Борисово Южное";"450001832";"Столкновение";"";"0";"0";"г Москва ш Каширское 65 К1";"0,0";"2,0";"2,0";"3,0";
"388,0";"08,01,2021";"Северное Тушино";"450002101";"Наезд на пешехода";"";"0";"0";"г Москва б-р Яна Райниса 2 к, 1";"0,0";"1,0";"1,0";"2,0";
"389,0";"08,01,2021";"Измайлово";"450002193";"Столкновение";"";"0";"0";"г Москва проезд Измайловский 16, корпус 1";"0,0";"1,0";"3,0";"3,0";
"390,0";"08,01,2021";"Черемушки";"450001838";"Наезд на препятствие";"";"0";"0";"г Москва ул Намёткина 17   68";"0,0";"1,0";"1,0";"2,0";
"391,0";"08,01,2021";"Ясенево";"450001813";"Столкновение";"Московская кольцевая автомобильная дорога (МКАД) внутренняя сторона";"38";"0";"г Москва  ";"0,0";"1,0";"3,0";"3,0";
"392,0";"07,01,2021";"Киевский";"450002249";"Наезд на пешехода";"";"0";"0";" тер СНТ Полесье 47";"1,0";"0,0";"1,0";"2,0";
"393,0";"07,01,2021";"Академический";"450001676";"Наезд на пешехода";"";"0";"0";"г Москва  ";"0,0";"1,0";"1,0";"2,0";
"394,0";"07,01,2021";"Лосиноостровский";"450002413";"Столкновение";"Московская кольцевая автомобильная дорога (МКАД) внешняя сторона";"92";"0";"г Москва  ";"0,0";"1,0";"2,0";"2,0";
"395,0";"07,01,2021";"Савеловский";"450001854";"Столкновение";"";"0";"0";"г Москва ул Полтавская 33";"0,0";"3,0";"2,0";"4,0";
"396,0";"07,01,2021";"Северное Измайлово";"450015236";"Наезд на препятствие";"Московская кольцевая автомобильная дорога (МКАД) внутренняя сторона";"104";"0";"г Москва  ";"0,0";"1,0";"1,0";"2,0";
"397,0";"07,01,2021";"Текстильщики";"450001700";"Наезд на стоящее ТС";"";"0";"0";"г Москва пр-кт Волгоградский 46 15с10";"0,0";"1,0";"2,0";"3,0";
"398,0";"06,01,2021";"Раменки";"450001275";"Наезд на препятствие";"";"0";"0";"г Москва пр-кт Мичуринский 34";"1,0";"0,0";"1,0";"1,0";
"399,0";"06,01,2021";"Бибирево";"450001292";"Наезд на стоящее ТС";"Московская кольцевая автомобильная дорога (МКАД) внешняя сторона";"87";"0";"г Москва  ";"0,0";"2,0";"2,0";"3,0";
"400,0";"06,01,2021";"Митино";"450001531";"Столкновение";"";"0";"0";"г Москва ул Митинская 36 корп,1";"0,0";"1,0";"2,0";"3,0";
"401,0";"06,01,2021";"Лианозово";"450002000";"Столкновение";"Московская кольцевая автомобильная дорога (МКАД) внутренняя сторона";"82";"0";"г Москва  ";"0,0";"1,0";"2,0";"2,0";
"402,0";"06,01,2021";"Донской";"450001293";"Наезд на стоящее ТС";"";"0";"0";"г Москва ш Варшавское 2";"1,0";"0,0";"3,0";"3,0";
"403,0";"06,01,2021";"Аэропорт";"450001396";"Наезд на велосипедиста";"";"0";"0";"г Москва ул Аэропортовская 1-я 6";"0,0";"1,0";"2,0";"2,0";
"404,0";"06,01,2021";"Можайский";"450001903";"Столкновение";"Московская кольцевая автомобильная дорога (МКАД) внешняя сторона";"53";"0";"г Москва  ";"0,0";"1,0";"2,0";"2,0";
"405,0";"06,01,2021";"Люблино";"450001403";"Столкновение";"";"0";"0";"г Москва ул Чагинская 2стр2";"0,0";"1,0";"4,0";"5,0";
"406,0";"06,01,2021";"Войковский";"450001410";"Наезд на пешехода";"";"0";"0";"г Москва ш Ленинградское 13";"0,0";"1,0";"1,0";"2,0";
"407,0";"06,01,2021";"Орехово-Борисово Южное";"450199751";"Столкновение";"";"0";"0";"г Москва ул Ясеневая 12 К1";"0,0";"1,0";"3,0";"3,0";
"408,0";"06,01,2021";"Текстильщики";"450001492";"Наезд на пешехода";"";"0";"0";"г Москва ул Люблинская 4";"0,0";"1,0";"1,0";"2,0";
"409,0";"06,01,2021";"Некрасовка";"450001432";"Наезд на препятствие";"";"0";"0";"п Некрасовка ул Вольская 1-я 22, к1, стр 12";"0,0";"1,0";"1,0";"2,0";
"410,0";"06,01,2021";"Марьино";"450001276";"Наезд на стоящее ТС";"";"0";"0";"г Москва ул Поречная 9";"0,0";"1,0";"3,0";"1,0";
"411,0";"06,01,2021";"Зюзино";"450001474";"Наезд на пешехода";"";"0";"0";"г Москва пр-кт Севастопольский 79";"0,0";"1,0";"1,0";"2,0";
"412,0";"05,01,2021";"Северное Тушино";"450001108";"Наезд на пешехода";"";"0";"0";"г Москва ул Туристская 10 кор, 1";"0,0";"1,0";"1,0";"2,0";
"413,0";"05,01,2021";"Тимирязевский";"450001277";"Наезд на пешехода";"Северо-Западная хорда (СЗХ)";"12";"0";"г Москва ул Академическая Б, 59 1";"0,0";"1,0";"1,0";"2,0";
"414,0";"05,01,2021";"Соколиная гора";"450001282";"Столкновение";"";"0";"0";"г Москва проезд Окружной 24";"0,0";"1,0";"2,0";"3,0";
"415,0";"05,01,2021";"Таганский";"450001214";"Столкновение";"";"0";"0";"г Москва проезд Михайловский 1с6";"0,0";"3,0";"2,0";"3,0";
"416,0";"05,01,2021";"Останкинский";"450001049";"Столкновение";"";"0";"0";"г Москва б-р Звёздный 3";"0,0";"1,0";"2,0";"3,0";
"417,0";"05,01,2021";"Москворечье-Сабурово";"450002139";"Столкновение";"";"0";"0";"г Москва ш Каширское 53 К1";"0,0";"1,0";"2,0";"2,0";
"418,0";"05,01,2021";"Тверской";"450001066";"Столкновение";"";"0";"0";"г Москва пер Крапивенский 1";"0,0";"1,0";"2,0";"2,0";
"419,0";"05,01,2021";"Нагорный";"450000952";"Столкновение";"";"0";"0";"г Москва ш Варшавское 87";"0,0";"2,0";"2,0";"2,0";
"420,0";"05,01,2021";"Москворечье-Сабурово";"450001250";"Наезд на препятствие";"";"0";"0";"г Москва ш Каширское 31 СТР2";"0,0";"1,0";"1,0";"2,0";
"421,0";"05,01,2021";"Ясенево";"450001151";"Столкновение";"";"0";"0";"г Москва ул Профсоюзная Новоясеневский пр-т";"0,0";"1,0";"2,0";"3,0";
"422,0";"05,01,2021";"Орехово-Борисово Северное";"450199684";"Столкновение";"";"0";"0";"г Москва ш Каширское 88 26";"0,0";"2,0";"2,0";"4,0";
"423,0";"05,01,2021";"Отрадное";"450002646";"Столкновение";"";"0";"0";"г Москва ул Декабристов 17";"0,0";"1,0";"2,0";"3,0";
"424,0";"05,01,2021";"Северное Медведково";"450001155";"Наезд на пешехода";"";"0";"0";"г Москва ул Молодцова 6";"0,0";"1,0";"1,0";"2,0";
"425,0";"05,01,2021";"Чертаново Южное";"450001075";"Столкновение";"Московская кольцевая автомобильная дорога (МКАД) внешняя сторона";"32";"0";"г Москва  ";"0,0";"1,0";"3,0";"4,0";
"426,0";"04,01,2021";"Тимирязевский";"450000958";"Столкновение";"";"0";"0";"г Москва ш Дмитровское 65";"0,0";"1,0";"2,0";"2,0";
"427,0";"04,01,2021";"Басманный";"450000894";"Столкновение";"";"0";"0";"г Москва ул Басманная Стар, 30 1";"0,0";"2,0";"2,0";"3,0";
"428,0";"04,01,2021";"Пресненский";"450000896";"Столкновение";"";"0";"0";"г Москва ул Мантулинская 2";"0,0";"1,0";"2,0";"3,0";
"429,0";"04,01,2021";"Даниловский";"450000873";"Столкновение";"";"0";"0";"г Москва ул Павла Андреева 23 СТР9";"0,0";"1,0";"2,0";"3,0";
"430,0";"04,01,2021";"Сосенское";"450000764";"Столкновение";"";"0";"0";" км Калужское шоссе 22-й (п Сосенское) ,";"0,0";"1,0";"2,0";"3,0";
"431,0";"04,01,2021";"Текстильщики";"450000831";"Наезд на пешехода";"";"0";"0";"г Москва ул Люблинская 9 к,1";"0,0";"2,0";"1,0";"3,0";
"432,0";"04,01,2021";"Нагорный";"450000887";"Наезд на пешехода";"";"0";"0";"г Москва  ";"0,0";"1,0";"1,0";"2,0";
"433,0";"04,01,2021";"Богородское";"450001016";"Наезд на препятствие";"";"0";"0";"г Москва б-р Маршала Рокоссовского 30";"0,0";"1,0";"2,0";"2,0";
"434,0";"04,01,2021";"Бескудниковский";"450000641";"Наезд на препятствие";"";"0";"0";"г Москва б-р Бескудниковский 6 корпус 2";"0,0";"1,0";"1,0";"1,0";
"435,0";"04,01,2021";"Южное Медведково";"450004141";"Наезд на пешехода";"";"0";"0";"г Москва ул Молодцова 15, кю,1";"0,0";"1,0";"1,0";"2,0";
"436,0";"04,01,2021";"Митино";"450000833";"Наезд на пешехода";"";"0";"0";"г Москва ул Генерала Белобородова 32";"0,0";"1,0";"1,0";"2,0";
"437,0";"04,01,2021";"Восточное Дегунино";"450000912";"Столкновение";"";"0";"0";"г Москва ул Дубнинская 85";"0,0";"1,0";"2,0";"3,0";
"438,0";"04,01,2021";"Ясенево";"450000871";"Столкновение";"";"0";"0";"г Москва ул Паустовского 2";"0,0";"2,0";"5,0";"5,0";
"439,0";"04,01,2021";"Метрогородок";"450000844";"Наезд на пешехода";"Московская кольцевая автомобильная дорога (МКАД) внутренняя сторона";"98";"0";"г Москва  ";"1,0";"0,0";"1,0";"2,0";
"440,0";"04,01,2021";"Бирюлево Западное";"450000644";"Столкновение";"Московская кольцевая автомобильная дорога (МКАД) внутренняя сторона";"29";"0";"г Москва  ";"0,0";"1,0";"4,0";"3,0";
"441,0";"04,01,2021";"Бибирево";"450001917";"Столкновение";"";"0";"0";"г Москва ул Лескова 10";"0,0";"1,0";"2,0";"2,0";
"442,0";"03,01,2021";"Северное Тушино";"450000573";"Наезд на пешехода";"";"0";"0";"г Москва ул Героев Панфиловцев 1 2";"0,0";"1,0";"1,0";"2,0";
"443,0";"03,01,2021";"Перово";"450000758";"Наезд на пешехода";"";"0";"0";"г Москва пр-кт Зелёный 6, корпус 2,";"0,0";"1,0";"1,0";"2,0";
"444,0";"03,01,2021";"Теплый Стан";"450000611";"Наезд на препятствие";"Московская кольцевая автомобильная дорога (МКАД) внутренняя сторона";"43";"0";"г Москва  ";"1,0";"1,0";"1,0";"3,0";
"445,0";"03,01,2021";"Люблино";"450000688";"Столкновение";"";"0";"0";"г Москва ул Маршала Кожедуба 2- СТР,1";"0,0";"2,0";"2,0";"2,0";
"446,0";"03,01,2021";"Сосенское";"450000516";"Наезд на пешехода";"";"0";"0";" км Калужское шоссе 22-й (п Сосенское) 10";"0,0";"1,0";"2,0";"2,0";
"447,0";"03,01,2021";"Даниловский";"450000429";"Наезд на пешехода";"";"0";"0";"г Москва ул Автозаводская 24";"0,0";"1,0";"1,0";"2,0";
"448,0";"03,01,2021";"Бибирево";"450015019";"Столкновение";"Московская кольцевая автомобильная дорога (МКАД) внутренняя сторона";"87";"0";"г Москва  ";"0,0";"1,0";"2,0";"2,0";
"449,0";"03,01,2021";"Соколиная гора";"450000625";"Столкновение";"";"0";"0";"г Москва ул Ткацкая 18, к,4";"0,0";"1,0";"2,0";"2,0";
"450,0";"02,01,2021";"Ивановское";"450000255";"Столкновение";"Московская кольцевая автомобильная дорога (МКАД) внешняя сторона";"0";"0";"г Москва  ";"0,0";"3,0";"4,0";"5,0";
"451,0";"02,01,2021";"Мещанский";"450000241";"Наезд на препятствие";"";"0";"0";"г Москва  ";"0,0";"1,0";"1,0";"2,0";
"452,0";"02,01,2021";"Рязанский";"450199587";"Столкновение";"";"0";"0";"г Москва ул Фёдора Полетаева 11 к1";"0,0";"1,0";"2,0";"3,0";
"453,0";"02,01,2021";"Теплый Стан";"450000359";"Наезд на пешехода";"";"0";"0";"г Москва ул Тёплый Стан 2";"0,0";"1,0";"1,0";"2,0";
"454,0";"02,01,2021";"Северное Тушино";"450000398";"Столкновение";"";"0";"0";"г Москва ул Туристская 10";"0,0";"2,0";"2,0";"3,0";
"455,0";"02,01,2021";"ГУ МВД 2 СП ДПС 2 бат,";"450000266";"Столкновение";"А-106 Рублево-Успенское шоссе";"21";"0";"г Москва  ";"0,0";"2,0";"2,0";"2,0";
"456,0";"02,01,2021";"Лианозово";"450000292";"Наезд на препятствие";"Московская кольцевая автомобильная дорога (МКАД) внутренняя сторона";"83";"10";"г Москва  ";"0,0";"2,0";"1,0";"2,0";
"457,0";"02,01,2021";"Марьино";"450000392";"Наезд на препятствие";"";"0";"0";"г Москва ул Поречная 6";"0,0";"1,0";"1,0";"2,0";
"458,0";"02,01,2021";"Северное Тушино";"450002048";"Наезд на препятствие";"Московская кольцевая автомобильная дорога (МКАД) внешняя сторона";"73";"0";"г Москва  ";"0,0";"1,0";"1,0";"2,0";
"459,0";"01,01,2021";"Текстильщики";"450000119";"Наезд на пешехода";"";"0";"0";"г Москва ул Грайвороновская 16 к,1";"0,0";"1,0";"1,0";"2,0";
"460,0";"01,01,2021";"Орехово-Борисово Южное";"450000184";"Наезд на препятствие";"Московская кольцевая автомобильная дорога (МКАД) внешняя сторона";"20";"0";"г Москва  ";"2,0";"2,0";"1,0";"4,0";
"461,0";"01,01,2021";"Бирюлево Восточное";"450000153";"Наезд на пешехода";"";"0";"0";"г Москва ул Липецкая 7";"0,0";"1,0";"1,0";"2,0";
"462,0";"01,01,2021";"Солнцево";"450000159";"Столкновение";"";"0";"0";"г Москва ул Авиаторов 20";"0,0";"1,0";"2,0";"2,0";
"463,0";"01,01,2021";"Академический";"450000148";"Столкновение";"";"0";"0";"г Москва пр-кт 60-летия Октября 19";"0,0";"3,0";"2,0";"5,0";
"464,0";"01,01,2021";"Крюково";"450000211";"Столкновение";"";"0";"0";"г Зеленоград ул Логвиненко 1501";"0,0";"1,0";"3,0";"4,0";
"465,0";"01,01,2021";"Печатники";"450000163";"Наезд на пешехода";"";"0";"0";"г Москва ул Шоссейная 37";"0,0";"1,0";"1,0";"2,0";
"466,0";"01,01,2021";"Москворечье-Сабурово";"450000132";"Столкновение";"";"0";"0";"г Москва ш Каширское 57А";"0,0";"4,0";"3,0";"5,0";
"467,0";"01,01,2021";"Строгино";"450000120";"Наезд на препятствие";"Московская кольцевая автомобильная дорога (МКАД) внешняя сторона";"64";"0";"г Москва  ";"0,0";"2,0";"1,0";"2,0";
"468,0";"01,01,2021";"Вешняки";"450000886";"Столкновение";"Северо-Восточная хорда (СВХ)";"5";"0";"г Москва аллея Маёвки Первой 13А";"0,0";"1,0";"2,0";"2,0";
"469,0";"01,01,2021";"Люблино";"450001254";"Столкновение";"";"0";"0";"г Москва ул Белореченская 1";"0,0";"1,0";"2,0";"3,0";
"470,0";"01,01,2021";"Северное Бутово";"450000730";"Столкновение";"Московская кольцевая автомобильная дорога (МКАД) внешняя сторона";"36";"0";"п Бутово  ";"0,0";"1,0";"2,0";"2,0";
"471,0";"01,01,2021";"Кузьминки";"450000155";"Наезд на пешехода";"";"0";"0";"г Москва  ";"0,0";"1,0";"1,0";"2,0";
"472,0";"01,01,2021";"Чертаново Южное";"450004511";"Наезд на препятствие";"";"0";"0";"г Москва ул Подольских Курсантов 1";"0,0";"3,0";"1,0";"4,0";
"473,0";"01,01,2021";"Ясенево";"450000125";"Наезд на препятствие";"Московская кольцевая автомобильная дорога (МКАД) внутренняя сторона";"38";"0";"г Москва  ";"0,0";"1,0";"1,0";"1,0";