"1,0";"31,03,2019";"Петроградский";"";"Столкновение";"";"0";"0";"г Санкт-Петербург пр-кт Каменноостровский 42";"0,0";"1,0";"2,0";"3,0";
"3,0";"31,03,2019";"Красносельский";"";"Наезд на пешехода";"";"0";"0";"г Санкт-Петербург пр-кт Ленина 19";"0,0";"1,0";"1,0";"2,0";
"4,0";"31,03,2019";"Петродворцовый";"";"Столкновение";"";"0";"0";"г Петергоф ш Санкт-Петербургское 115 Б";"0,0";"1,0";"2,0";"3,0";
"5,0";"31,03,2019";"Приморский";"";"Наезд на велосипедиста";"";"0";"0";"г Санкт-Петербург  ";"0,0";"1,0";"2,0";"2,0";
"6,0";"31,03,2019";"Кировский";"";"Падение пассажира";"";"0";"0";"г Санкт-Петербург пл Кронштадтская Ленинский пр,";"0,0";"1,0";"1,0";"2,0";
"7,0";"31,03,2019";"Приморский";"";"Наезд на пешехода";"";"0";"0";"г Санкт-Петербург пр-кт Комендантский 21-1";"0,0";"1,0";"1,0";"2,0";
"8,0";"31,03,2019";"Курортный";"";"Наезд на препятствие";"";"0";"0";"г Сестрорецк ш Приморское 261";"0,0";"1,0";"1,0";"1,0";
"9,0";"31,03,2019";"Пушкинский";"";"Столкновение";"";"0";"0";"п Шушары пр-кт Витебский Напротив д, 11 по Мо";"0,0";"1,0";"2,0";"2,0";
"10,0";"31,03,2019";"Кировский";"";"Наезд на пешехода";"";"0";"0";"г Санкт-Петербург пр-кт Ветеранов пр,М,Жукова";"0,0";"1,0";"1,0";"2,0";
"11,0";"31,03,2019";"Выборгский";"";"Столкновение";"";"0";"0";"г Санкт-Петербург пр-кт Энгельса 7";"0,0";"1,0";"5,0";"5,0";
"12,0";"31,03,2019";"Приморский";"";"Наезд на препятствие";"";"0";"0";"г Санкт-Петербург ул Маршала Новикова 41";"0,0";"1,0";"1,0";"2,0";
"13,0";"31,03,2019";"Калининский";"";"Наезд на пешехода";"";"0";"0";"г Санкт-Петербург пр-кт Культуры 19А";"0,0";"1,0";"1,0";"2,0";
"14,0";"31,03,2019";"Петроградский";"";"Наезд на пешехода";"";"0";"0";"г Санкт-Петербург пр-кт Малый П,С, 89";"0,0";"1,0";"1,0";"2,0";
"15,0";"31,03,2019";"Пушкинский";"";"Наезд на пешехода";"";"0";"0";"г Пушкин ш Колпинское (Новая деревня) 2";"0,0";"1,0";"1,0";"2,0";
"16,0";"30,03,2019";"Калининский";"";"Столкновение";"";"0";"0";"г Санкт-Петербург пр-кт Маршала Блюхера 11";"0,0";"1,0";"2,0";"2,0";
"17,0";"30,03,2019";"Кировский";"";"Наезд на велосипедиста";"";"0";"0";"г Санкт-Петербург ул Маршала Говорова 40 лермонтовский пер";"0,0";"1,0";"2,0";"2,0";
"18,0";"30,03,2019";"Центральный";"";"Столкновение";"";"0";"0";"г Санкт-Петербург пр-кт Невский Литейный пр,";"2,0";"3,0";"4,0";"7,0";
"19,0";"30,03,2019";"Кировский";"";"Наезд на пешехода";"";"0";"0";"г Санкт-Петербург ул Маршала Говорова 5 4";"0,0";"1,0";"1,0";"2,0";
"20,0";"30,03,2019";"Калининский";"";"Наезд на пешехода";"";"0";"0";"г Санкт-Петербург пр-кт Гражданский 114";"0,0";"1,0";"1,0";"2,0";
"21,0";"30,03,2019";"Московский";"";"Наезд на пешехода";"";"0";"0";"г Санкт-Петербург  ";"0,0";"1,0";"1,0";"2,0";
"22,0";"30,03,2019";"Василеостровский";"";"Наезд на пешехода";"";"0";"0";"г Санкт-Петербург ул Наличная 51";"0,0";"1,0";"1,0";"2,0";
"23,0";"30,03,2019";"Красносельский";"";"Наезд на стоящее ТС";"";"0";"0";"г Санкт-Петербург пр-кт Ленинский 72к,1";"0,0";"1,0";"2,0";"2,0";
"24,0";"30,03,2019";"Колпинский";"";"Столкновение";"";"0";"0";"п Петро-Славянка ул Софийская 1,1км от д,141 от";"0,0";"2,0";"3,0";"3,0";
"25,0";"30,03,2019";"Адмиралтейский";"";"Столкновение";"";"0";"0";"г Санкт-Петербург пр-кт Старо-Петергофский 24";"0,0";"1,0";"2,0";"3,0";
"26,0";"30,03,2019";"Колпинский";"";"Столкновение";"";"0";"0";"г Колпино ул Пролетарская напротив д 2";"0,0";"1,0";"2,0";"2,0";
"27,0";"30,03,2019";"Калининский";"";"Столкновение";"";"0";"0";"г Санкт-Петербург ул Руставели 58";"0,0";"1,0";"4,0";"4,0";
"28,0";"30,03,2019";"Адмиралтейский";"";"Наезд на пешехода";"";"0";"0";"г Санкт-Петербург пр-кт Измайловский 17";"0,0";"1,0";"1,0";"2,0";
"29,0";"30,03,2019";"Колпинский";"";"Столкновение";"";"0";"0";"г Колпино ул Ижорского Батальона ул,Анисимова";"0,0";"2,0";"2,0";"4,0";
"30,0";"29,03,2019";"Кировский";"";"Наезд на пешехода";"";"0";"0";"г Санкт-Петербург ул Лёни Голикова 50";"0,0";"1,0";"1,0";"2,0";
"31,0";"29,03,2019";"Невский";"";"Наезд на препятствие";"";"0";"0";"г Санкт-Петербург наб Обводного канала 20с4";"0,0";"1,0";"1,0";"2,0";
"32,0";"29,03,2019";"Фрунзенский";"";"Наезд на велосипедиста";"";"0";"0";"г Санкт-Петербург пр-кт Славы 5";"0,0";"1,0";"2,0";"2,0";
"33,0";"29,03,2019";"Центральный";"";"Иной вид ДТП";"";"0";"0";"г Санкт-Петербург ул 5-я Советская 6";"0,0";"1,0";"1,0";"2,0";
"34,0";"29,03,2019";"Калининский";"";"Падение пассажира";"";"0";"0";"г Санкт-Петербург ул Софьи Ковалевской 1 кор,1";"0,0";"1,0";"1,0";"2,0";
"35,0";"29,03,2019";"Выборгский";"";"Падение пассажира";"";"0";"0";"п Парголово ш Выборгское 429";"0,0";"2,0";"2,0";"4,0";
"36,0";"29,03,2019";"Адмиралтейский";"";"Наезд на пешехода";"";"0";"0";"г Санкт-Петербург наб Канала Грибоедова 75";"0,0";"1,0";"1,0";"2,0";
"37,0";"29,03,2019";"Василеостровский";"";"Столкновение";"Западный скоростной диаметр";"14";"600";"г Санкт-Петербург  ";"1,0";"0,0";"2,0";"2,0";
"38,0";"29,03,2019";"Красносельский";"";"Столкновение";"";"0";"0";"г Санкт-Петербург пр-кт Маршала Жукова 25к1";"0,0";"2,0";"5,0";"6,0";
"39,0";"29,03,2019";"Пушкинский";"";"Наезд на пешехода";"";"0";"0";"п Шушары ш Московское 246";"0,0";"1,0";"1,0";"2,0";
"40,0";"29,03,2019";"Выборгский";"";"Столкновение";"";"0";"0";"г Санкт-Петербург пр-кт Полюстровский 84";"0,0";"1,0";"2,0";"2,0";
"41,0";"29,03,2019";"Кировский";"";"Наезд на пешехода";"";"0";"0";"г Санкт-Петербург пр-кт Ленинский З,Портновой";"0,0";"1,0";"1,0";"2,0";
"42,0";"29,03,2019";"Адмиралтейский";"";"Столкновение";"";"0";"0";"г Санкт-Петербург пр-кт Лермонтовский 30";"0,0";"1,0";"2,0";"2,0";
"43,0";"29,03,2019";"Невский";"";"Наезд на пешехода";"";"0";"0";"г Санкт-Петербург ул Дыбенко 26";"0,0";"1,0";"1,0";"2,0";
"44,0";"29,03,2019";"Кировский";"";"Столкновение";"";"0";"0";"г Санкт-Петербург дор На Турухтанные острова 20";"0,0";"1,0";"2,0";"2,0";
"45,0";"29,03,2019";"Выборгский";"";"Наезд на велосипедиста";"";"0";"0";"г Санкт-Петербург пр-кт Северный 16 к,1";"0,0";"1,0";"2,0";"2,0";
"46,0";"29,03,2019";"Кировский";"";"Столкновение";"";"0";"0";"г Санкт-Петербург пр-кт Народного Ополчения Пр,М,Жукова";"0,0";"1,0";"2,0";"2,0";
"47,0";"28,03,2019";"Фрунзенский";"";"Наезд на пешехода";"";"0";"0";"г Санкт-Петербург ул Турку 1 1 по ул,Белы Куна";"0,0";"1,0";"1,0";"2,0";
"48,0";"28,03,2019";"Василеостровский";"";"Столкновение";"";"0";"0";"г Санкт-Петербург наб Морская 15";"0,0";"1,0";"2,0";"3,0";
"49,0";"28,03,2019";"Невский";"";"Столкновение";"";"0";"0";"г Санкт-Петербург пр-кт Большевиков 31";"0,0";"2,0";"2,0";"3,0";
"50,0";"28,03,2019";"Красногвардейский";"";"Столкновение";"";"0";"0";"г Санкт-Петербург пр-кт Новочеркасский 1Е";"0,0";"4,0";"3,0";"6,0";
"51,0";"28,03,2019";"Калининский";"";"Наезд на пешехода";"";"0";"0";"г Санкт-Петербург  ";"0,0";"1,0";"1,0";"2,0";
"52,0";"28,03,2019";"Московский";"";"Столкновение";"";"0";"0";"г Санкт-Петербург пр-кт Дунайский пр, Космонавтов";"0,0";"1,0";"2,0";"2,0";
"53,0";"28,03,2019";"Выборгский";"";"Наезд на пешехода";"";"0";"0";"г Санкт-Петербург пер 1-й Верхний Пр, Культуры";"0,0";"1,0";"1,0";"2,0";
"54,0";"28,03,2019";"Красносельский";"";"Наезд на пешехода";"";"0";"0";"г Санкт-Петербург пр-кт Ветеранов 143";"0,0";"1,0";"1,0";"2,0";
"55,0";"28,03,2019";"Василеостровский";"";"Столкновение";"Западный скоростной диаметр";"31";"300";"г Санкт-Петербург  ";"0,0";"2,0";"2,0";"3,0";
"56,0";"28,03,2019";"Адмиралтейский";"";"Иной вид ДТП";"";"0";"0";"г Санкт-Петербург ул Глинки 2";"0,0";"1,0";"1,0";"2,0";
"57,0";"28,03,2019";"Адмиралтейский";"";"Столкновение";"";"0";"0";"г Санкт-Петербург пр-кт Загородный 64";"0,0";"1,0";"2,0";"3,0";
"58,0";"27,03,2019";"Фрунзенский";"";"Столкновение";"";"0";"0";"г Санкт-Петербург ул Софийская 58";"0,0";"1,0";"2,0";"2,0";
"59,0";"27,03,2019";"Адмиралтейский";"";"Наезд на пешехода";"";"0";"0";"г Санкт-Петербург ул 1-я Красноармейская 15";"0,0";"1,0";"1,0";"2,0";
"60,0";"27,03,2019";"Центральный";"";"Наезд на пешехода";"";"0";"0";"г Санкт-Петербург ул Чайковского 12";"0,0";"1,0";"1,0";"2,0";
"61,0";"27,03,2019";"Пушкинский";"";"Столкновение";"";"0";"0";"п Шушары ш Московское д,177";"0,0";"1,0";"2,0";"2,0";
"62,0";"27,03,2019";"Адмиралтейский";"";"Столкновение";"";"0";"0";"г Санкт-Петербург пр-кт Загородный 47";"0,0";"1,0";"2,0";"3,0";
"63,0";"27,03,2019";"Кировский";"";"Столкновение";"";"0";"0";"г Санкт-Петербург ул Маршала Говорова 28";"0,0";"1,0";"2,0";"3,0";
"64,0";"27,03,2019";"Фрунзенский";"";"Падение пассажира";"";"0";"0";"г Санкт-Петербург ул Ярослава Гашека 7";"0,0";"1,0";"1,0";"2,0";
"65,0";"27,03,2019";"Адмиралтейский";"";"Наезд на пешехода";"";"0";"0";"г Санкт-Петербург ул Курляндская 49";"0,0";"1,0";"1,0";"2,0";
"66,0";"27,03,2019";"Центральный";"";"Столкновение";"";"0";"0";"г Санкт-Петербург ул Марата 50";"0,0";"1,0";"2,0";"3,0";
"67,0";"27,03,2019";"Курортный";"";"Наезд на препятствие";"";"0";"0";"п Репино ш Приморское 428";"0,0";"1,0";"1,0";"1,0";
"68,0";"27,03,2019";"Московский";"";"Столкновение";"";"0";"0";"г Санкт-Петербург пр-кт Ленинский 176";"0,0";"3,0";"3,0";"6,0";
"69,0";"27,03,2019";"Фрунзенский";"";"Наезд на пешехода";"";"0";"0";"г Санкт-Петербург  ";"0,0";"1,0";"1,0";"2,0";
"70,0";"27,03,2019";"Центральный";"";"Падение пассажира";"";"0";"0";"г Санкт-Петербург ул Кирочная 5";"0,0";"1,0";"1,0";"2,0";
"71,0";"27,03,2019";"Калининский";"";"Наезд на стоящее ТС";"";"0";"0";"г Санкт-Петербург пр-кт Гражданский 111";"0,0";"2,0";"2,0";"4,0";
"72,0";"27,03,2019";"Кировский";"";"Столкновение";"";"0";"0";"г Санкт-Петербург пр-кт Ветеранов 52";"0,0";"1,0";"2,0";"3,0";
"73,0";"27,03,2019";"Приморский";"";"Наезд на пешехода";"";"0";"0";"г Санкт-Петербург  ";"0,0";"1,0";"1,0";"2,0";
"74,0";"27,03,2019";"Невский";"";"Наезд на пешехода";"";"0";"0";"г Санкт-Петербург пр-кт Обуховской Обороны 97";"0,0";"1,0";"1,0";"2,0";
"75,0";"27,03,2019";"Приморский";"";"Наезд на пешехода";"";"0";"0";"г Санкт-Петербург пр-кт Авиаконструкторов 38 кор,1";"0,0";"1,0";"1,0";"3,0";
"76,0";"27,03,2019";"Кировский";"";"Столкновение";"";"0";"0";"г Санкт-Петербург пр-кт Ленинский 125";"0,0";"1,0";"3,0";"3,0";
"77,0";"27,03,2019";"Калининский";"";"Наезд на пешехода";"";"0";"0";"г Санкт-Петербург ул Руставели 36";"0,0";"1,0";"1,0";"2,0";
"78,0";"27,03,2019";"Выборгский";"";"Столкновение";"";"0";"0";"г Санкт-Петербург пр-кт Большой Сампсониевский Земледельческая ул,";"0,0";"2,0";"2,0";"4,0";
"79,0";"26,03,2019";"Красносельский";"";"Столкновение";"";"0";"0";"г Санкт-Петербург ул 2-я Комсомольская Ул,Добрушская";"0,0";"1,0";"2,0";"2,0";
"80,0";"26,03,2019";"Колпинский";"";"Наезд на пешехода";"";"0";"0";"г Колпино ул Павловская 1 21";"0,0";"1,0";"1,0";"2,0";
"81,0";"26,03,2019";"Кировский";"";"Столкновение";"";"0";"0";"г Санкт-Петербург пр-кт Ленинский 134";"0,0";"1,0";"2,0";"2,0";
"82,0";"26,03,2019";"Выборгский";"";"Столкновение";"";"0";"0";"г Санкт-Петербург наб Пироговская 19";"0,0";"2,0";"3,0";"4,0";
"83,0";"26,03,2019";"Центральный";"";"Столкновение";"";"0";"0";"г Санкт-Петербург пр-кт Литейный 56";"0,0";"1,0";"2,0";"3,0";
"84,0";"26,03,2019";"Адмиралтейский";"";"Наезд на пешехода";"";"0";"0";"г Санкт-Петербург пр-кт Английский 35";"0,0";"1,0";"1,0";"2,0";
"85,0";"26,03,2019";"Московский";"";"Столкновение";"";"0";"0";"г Санкт-Петербург ул Ленсовета 90";"0,0";"1,0";"2,0";"2,0";
"86,0";"26,03,2019";"Невский";"";"Наезд на пешехода";"";"0";"0";"г Санкт-Петербург пр-кт Обуховской Обороны 229 7";"0,0";"1,0";"1,0";"2,0";
"87,0";"26,03,2019";"Московский";"";"Наезд на пешехода";"";"0";"0";"г Санкт-Петербург  ";"0,0";"1,0";"1,0";"2,0";
"88,0";"26,03,2019";"Московский";"";"Столкновение";"";"0";"0";"г Санкт-Петербург пр-кт Юрия Гагарина БП Аваиционная ул,";"0,0";"1,0";"2,0";"2,0";
"89,0";"26,03,2019";"Невский";"";"Столкновение";"";"0";"0";"г Санкт-Петербург пр-кт Рыбацкий 37";"0,0";"1,0";"3,0";"2,0";
"90,0";"26,03,2019";"Калининский";"";"Столкновение";"";"0";"0";"г Санкт-Петербург пр-кт Науки 4";"0,0";"1,0";"4,0";"4,0";
"91,0";"26,03,2019";"Фрунзенский";"";"Наезд на пешехода";"";"0";"0";"г Санкт-Петербург  ";"0,0";"1,0";"1,0";"2,0";
"92,0";"26,03,2019";"Кировский";"";"Столкновение";"";"0";"0";"г Санкт-Петербург дор На Турухтанные острова 12";"0,0";"1,0";"2,0";"2,0";
"93,0";"26,03,2019";"Петродворцовый";"";"Столкновение";"";"0";"0";"п Стрельна ш Волхонское 4";"0,0";"4,0";"2,0";"4,0";
"94,0";"26,03,2019";"Московский";"";"Наезд на пешехода";"";"0";"0";"г Санкт-Петербург  ";"0,0";"1,0";"1,0";"2,0";
"95,0";"26,03,2019";"Петроградский";"";"Наезд на препятствие";"";"0";"0";"г Санкт-Петербург наб Реки Карповки 2Я по ул, Профессора";"0,0";"1,0";"1,0";"1,0";
"96,0";"26,03,2019";"Петроградский";"";"Наезд на пешехода";"";"0";"0";"г Санкт-Петербург пр-кт Добролюбова 8";"0,0";"1,0";"1,0";"2,0";
"97,0";"26,03,2019";"Кировский";"";"Наезд на пешехода";"";"0";"0";"г Санкт-Петербург пр-кт Дачный 24";"0,0";"1,0";"1,0";"3,0";
"98,0";"26,03,2019";"Кировский";"";"Наезд на пешехода";"";"0";"0";"г Санкт-Петербург ул Маршала Говорова 5 4";"0,0";"1,0";"1,0";"2,0";
"99,0";"26,03,2019";"Петроградский";"";"Столкновение";"";"0";"0";"г Санкт-Петербург пр-кт Крестовский 7";"0,0";"2,0";"2,0";"2,0";
"100,0";"26,03,2019";"Адмиралтейский";"";"Столкновение";"";"0";"0";"г Санкт-Петербург ул Якубовича 3";"0,0";"1,0";"2,0";"3,0";
"101,0";"26,03,2019";"Красносельский";"";"Наезд на пешехода";"";"0";"0";"г Санкт-Петербург пр-кт Маршала Жукова 37к,1";"0,0";"1,0";"1,0";"2,0";
"102,0";"26,03,2019";"Калининский";"";"Столкновение";"";"0";"0";"г Санкт-Петербург пр-кт Металлистов 110";"0,0";"1,0";"2,0";"2,0";
"103,0";"26,03,2019";"Приморский";"";"Наезд на пешехода";"";"0";"0";"г Санкт-Петербург пр-кт Королёва 48 к,1";"0,0";"1,0";"1,0";"2,0";
"104,0";"26,03,2019";"Приморский";"";"Наезд на пешехода";"";"0";"0";"г Санкт-Петербург ш Ланское Х Новосибирская ул,";"0,0";"1,0";"1,0";"2,0";
"105,0";"26,03,2019";"Красносельский";"";"Наезд на стоящее ТС";"";"0";"0";"г Санкт-Петербург ул Маршала Казакова 68к1";"0,0";"1,0";"4,0";"2,0";
"106,0";"26,03,2019";"Кировский";"";"Столкновение";"";"0";"0";"г Санкт-Петербург ул Калинина 13";"0,0";"4,0";"2,0";"4,0";
"107,0";"26,03,2019";"Выборгский";"";"Столкновение";"";"0";"0";"п Парголово ш Выборгское 505";"0,0";"4,0";"3,0";"5,0";
"108,0";"25,03,2019";"Калининский";"";"Столкновение";"";"0";"0";"г Санкт-Петербург ул Веденеева Светлановский";"0,0";"1,0";"2,0";"2,0";
"109,0";"25,03,2019";"Центральный";"";"Наезд на препятствие";"";"0";"0";"г Санкт-Петербург наб Синопская 24";"0,0";"1,0";"1,0";"1,0";
"110,0";"25,03,2019";"Петроградский";"";"Столкновение";"";"0";"0";"г Санкт-Петербург пр-кт Медиков 9";"0,0";"3,0";"2,0";"4,0";
"111,0";"25,03,2019";"Приморский";"";"Столкновение";"";"0";"0";"г Санкт-Петербург ул Савушкина Стародеревенская ул,";"0,0";"1,0";"2,0";"2,0";
"112,0";"25,03,2019";"Центральный";"";"Наезд на пешехода";"";"0";"0";"г Санкт-Петербург ул Маяковского Невский пр,";"0,0";"1,0";"1,0";"2,0";
"113,0";"25,03,2019";"Пушкинский";"";"Столкновение";"";"0";"0";"п Шушары пр-кт Витебский 500м от д138";"0,0";"1,0";"2,0";"2,0";
"114,0";"25,03,2019";"Адмиралтейский";"";"Наезд на пешехода";"";"0";"0";"г Санкт-Петербург ул Бронницкая 2 70";"0,0";"1,0";"1,0";"2,0";
"115,0";"25,03,2019";"Центральный";"";"Наезд на пешехода";"";"0";"0";"г Санкт-Петербург ул 7-я Советская Дегтярная ул,";"0,0";"2,0";"1,0";"2,0";
"116,0";"25,03,2019";"Калининский";"";"Столкновение";"";"0";"0";"г Санкт-Петербург ул Руставели Пр,Северный";"0,0";"1,0";"2,0";"2,0";
"117,0";"25,03,2019";"Колпинский";"";"Падение пассажира";"";"0";"0";"г Колпино ул Тверская ул, Ижорского б-на";"0,0";"1,0";"1,0";"2,0";
"118,0";"25,03,2019";"Калининский";"";"Наезд на пешехода";"";"0";"0";"г Санкт-Петербург пр-кт Луначарского Руставели";"0,0";"1,0";"1,0";"2,0";
"119,0";"25,03,2019";"Красногвардейский";"";"Столкновение";"А-118 Кольцевая автомобильная дорога вокруг Санкт-Петербурга";"32";"700";"г Санкт-Петербург  ";"0,0";"1,0";"2,0";"2,0";
"120,0";"25,03,2019";"Московский";"";"Столкновение";"";"0";"0";"г Санкт-Петербург  ";"0,0";"1,0";"2,0";"2,0";
"121,0";"25,03,2019";"Кировский";"";"Наезд на препятствие";"";"0";"0";"г Санкт-Петербург ул Автовская 31";"0,0";"1,0";"1,0";"1,0";
"122,0";"25,03,2019";"Кировский";"";"Наезд на пешехода";"";"0";"0";"г Санкт-Петербург ул Васи Алексеева 1";"0,0";"1,0";"1,0";"2,0";
"123,0";"25,03,2019";"Фрунзенский";"";"Столкновение";"";"0";"0";"г Санкт-Петербург пр-кт Дунайский 33-1";"0,0";"1,0";"2,0";"3,0";
"124,0";"25,03,2019";"Приморский";"";"Наезд на стоящее ТС";"";"0";"0";"г Санкт-Петербург ул Торжковская Лисичанска ул,";"0,0";"1,0";"2,0";"3,0";
"125,0";"25,03,2019";"Выборгский";"";"Столкновение";"";"0";"0";"г Санкт-Петербург пр-кт Луначарского 70";"0,0";"2,0";"2,0";"4,0";
"126,0";"25,03,2019";"Василеостровский";"";"Наезд на пешехода";"";"0";"0";"г Санкт-Петербург пр-кт Большой В,О, у д, 1-3 по 4 линии";"0,0";"1,0";"1,0";"2,0";
"127,0";"25,03,2019";"Адмиралтейский";"";"Наезд на пешехода";"";"0";"0";"г Санкт-Петербург наб Обводного канала 124 2";"0,0";"1,0";"1,0";"2,0";
"128,0";"25,03,2019";"Выборгский";"";"Столкновение";"";"0";"0";"г Санкт-Петербург пр-кт Энгельса 11лит,Б по 3 Верх";"0,0";"1,0";"3,0";"3,0";
"129,0";"25,03,2019";"Московский";"";"Наезд на пешехода";"";"0";"0";"г Санкт-Петербург ул Ленсовета 29";"0,0";"1,0";"1,0";"2,0";
"130,0";"24,03,2019";"Петроградский";"";"Столкновение";"";"0";"0";"г Санкт-Петербург наб Песочная 24 2";"0,0";"3,0";"2,0";"4,0";
"131,0";"24,03,2019";"Выборгский";"";"Столкновение";"";"0";"0";"п Парголово ул Николая Рубцова 280 м до пр,Энгельса";"0,0";"1,0";"2,0";"3,0";
"132,0";"24,03,2019";"Калининский";"";"Столкновение";"";"0";"0";"г Санкт-Петербург пр-кт Луначарского 104";"0,0";"1,0";"3,0";"3,0";
"133,0";"24,03,2019";"Центральный";"";"Столкновение";"";"0";"0";"г Санкт-Петербург пр-кт Литейный 43";"0,0";"1,0";"3,0";"2,0";
"134,0";"24,03,2019";"Кировский";"";"Наезд на препятствие";"";"0";"0";"г Санкт-Петербург пр-кт Дачный 35";"0,0";"1,0";"1,0";"1,0";
"135,0";"24,03,2019";"Пушкинский";"";"Столкновение";"";"0";"0";"г Павловск ул Матросова 69";"0,0";"8,0";"2,0";"9,0";
"136,0";"24,03,2019";"Красногвардейский";"";"Наезд на пешехода";"";"0";"0";"г Санкт-Петербург пр-кт Индустриальный 40";"0,0";"1,0";"1,0";"2,0";
"137,0";"24,03,2019";"Курортный";"";"Наезд на препятствие";"";"0";"0";"г Санкт-Петербург  ";"0,0";"1,0";"1,0";"1,0";
"138,0";"24,03,2019";"Центральный";"";"Наезд на пешехода";"";"0";"0";"г Санкт-Петербург наб Канала Грибоедова 16";"0,0";"1,0";"1,0";"2,0";
"139,0";"24,03,2019";"Кировский";"";"Столкновение";"";"0";"0";"г Санкт-Петербург пр-кт Народного Ополчения ул,Счастливая";"0,0";"2,0";"3,0";"4,0";
"140,0";"24,03,2019";"Пушкинский";"";"Столкновение";"";"0";"0";"г Павловск ул Садовая 53";"0,0";"2,0";"2,0";"2,0";
"141,0";"24,03,2019";"Красносельский";"";"Опрокидывание";"";"0";"0";"г Красное Село ш Гатчинское 25 км";"0,0";"1,0";"1,0";"2,0";
"142,0";"24,03,2019";"Невский";"";"Наезд на пешехода";"";"0";"0";"г Санкт-Петербург ул Народная 9";"0,0";"1,0";"1,0";"2,0";
"143,0";"24,03,2019";"Калининский";"";"Столкновение";"";"0";"0";"г Санкт-Петербург пр-кт Пискарёвский 38";"0,0";"2,0";"2,0";"4,0";
"144,0";"24,03,2019";"Фрунзенский";"";"Столкновение";"";"0";"0";"г Санкт-Петербург ул Софийская 22";"0,0";"3,0";"2,0";"5,0";
"145,0";"24,03,2019";"Центральный";"";"Наезд на пешехода";"";"0";"0";"г Санкт-Петербург ул Садовая 7";"0,0";"1,0";"1,0";"2,0";
"146,0";"24,03,2019";"Пушкинский";"";"Наезд на стоящее ТС";"";"0";"0";"г Пушкин ш Киевское 22км 850м";"0,0";"4,0";"2,0";"5,0";
"147,0";"24,03,2019";"Центральный";"";"Наезд на пешехода";"";"0";"0";"г Санкт-Петербург ул Новгородская 8";"0,0";"1,0";"1,0";"2,0";
"148,0";"24,03,2019";"Московский";"";"Столкновение";"";"0";"0";"г Санкт-Петербург ш Пулковское 41";"0,0";"1,0";"2,0";"2,0";
"149,0";"24,03,2019";"Фрунзенский";"";"Наезд на препятствие";"";"0";"0";"г Санкт-Петербург ул Бухарестская 47 по Дунайскому пр,";"0,0";"1,0";"1,0";"1,0";
"150,0";"24,03,2019";"Приморский";"";"Столкновение";"";"0";"0";"г Санкт-Петербург ул Автобусная 5";"0,0";"1,0";"2,0";"2,0";
"151,0";"24,03,2019";"Приморский";"";"Наезд на стоящее ТС";"";"0";"0";"г Санкт-Петербург ул Планерная 63к1";"0,0";"1,0";"3,0";"2,0";
"152,0";"24,03,2019";"Выборгский";"";"Наезд на пешехода";"";"0";"0";"г Санкт-Петербург ул Есенина 11 по Сикейроса";"0,0";"1,0";"1,0";"2,0";
"153,0";"23,03,2019";"Красногвардейский";"";"Наезд на стоящее ТС";"";"0";"0";"г Санкт-Петербург пр-кт Малоохтинский 98";"0,0";"2,0";"2,0";"3,0";
"154,0";"23,03,2019";"Центральный";"";"Столкновение";"";"0";"0";"г Санкт-Петербург ул Кирочная Радищева";"0,0";"1,0";"3,0";"4,0";
"155,0";"23,03,2019";"Кировский";"";"Наезд на пешехода";"";"0";"0";"г Санкт-Петербург  ";"0,0";"1,0";"1,0";"2,0";
"156,0";"23,03,2019";"Кировский";"";"Наезд на пешехода";"";"0";"0";"г Санкт-Петербург ул Маршала Казакова 3";"0,0";"1,0";"1,0";"2,0";
"157,0";"23,03,2019";"Василеостровский";"";"Столкновение";"";"0";"0";"г Санкт-Петербург наб Новосмоленская 1";"0,0";"1,0";"2,0";"2,0";
"158,0";"23,03,2019";"Пушкинский";"";"Падение пассажира";"";"0";"0";"п Шушары ш Колпинское (Детскосельский) 77";"0,0";"1,0";"1,0";"2,0";
"159,0";"23,03,2019";"Московский";"";"Наезд на пешехода";"";"0";"0";"г Санкт-Петербург ш Московское 11к,1";"0,0";"1,0";"1,0";"2,0";
"160,0";"23,03,2019";"Приморский";"";"Наезд на пешехода";"";"0";"0";"г Санкт-Петербург  ";"0,0";"1,0";"1,0";"2,0";
"161,0";"23,03,2019";"Красносельский";"";"Столкновение";"";"0";"0";"г Санкт-Петербург пр-кт Ленинский 88";"0,0";"1,0";"2,0";"4,0";
"162,0";"23,03,2019";"Калининский";"";"Наезд на пешехода";"";"0";"0";"г Санкт-Петербург пр-кт Кондратьевский 39";"0,0";"1,0";"1,0";"2,0";
"163,0";"23,03,2019";"Петроградский";"";"Наезд на пешехода";"";"0";"0";"г Санкт-Петербург пер Нестерова 3";"0,0";"1,0";"1,0";"2,0";
"164,0";"23,03,2019";"Красносельский";"";"Наезд на препятствие";"";"0";"0";"г Санкт-Петербург ул Лётчика Пилютова 10";"0,0";"3,0";"1,0";"3,0";
"165,0";"23,03,2019";"Невский";"";"Наезд на пешехода";"";"0";"0";"г Санкт-Петербург пр-кт Большевиков 17";"0,0";"2,0";"1,0";"3,0";
"166,0";"23,03,2019";"Курортный";"";"Столкновение";"";"0";"0";"г Сестрорецк ш Приморское 269";"0,0";"1,0";"2,0";"2,0";
"167,0";"23,03,2019";"Курортный";"";"Столкновение";"";"0";"0";"г Сестрорецк ш Приморское 256а";"0,0";"1,0";"2,0";"3,0";
"168,0";"23,03,2019";"Красногвардейский";"";"Падение пассажира";"";"0";"0";"г Санкт-Петербург пр-кт Косыгина 17, к, 1";"0,0";"1,0";"1,0";"2,0";
"169,0";"23,03,2019";"Московский";"";"Наезд на стоящее ТС";"";"0";"0";"г Санкт-Петербург ул Киевская 7";"0,0";"1,0";"2,0";"2,0";
"170,0";"22,03,2019";"Петроградский";"";"Столкновение";"";"0";"0";"г Санкт-Петербург ул Ленина 45";"0,0";"3,0";"2,0";"4,0";
"171,0";"22,03,2019";"Красносельский";"";"Столкновение";"А-118 Кольцевая автомобильная дорога вокруг Санкт-Петербурга";"77";"300";"г Санкт-Петербург  ";"0,0";"2,0";"4,0";"5,0";
"172,0";"22,03,2019";"Выборгский";"";"Наезд на пешехода";"";"0";"0";"г Санкт-Петербург ш Выборгское 346";"0,0";"1,0";"1,0";"2,0";
"173,0";"22,03,2019";"Петродворцовый";"";"Столкновение";"";"0";"0";"г Петергоф ш Ропшинское 4";"0,0";"1,0";"3,0";"3,0";
"174,0";"22,03,2019";"Василеостровский";"";"Столкновение";"";"0";"0";"г Санкт-Петербург ул Наличная 10";"0,0";"1,0";"3,0";"3,0";
"175,0";"22,03,2019";"Красносельский";"";"Столкновение";"А-118 Кольцевая автомобильная дорога вокруг Санкт-Петербурга";"62";"400";"г Санкт-Петербург  ";"0,0";"3,0";"3,0";"5,0";
"176,0";"22,03,2019";"Выборгский";"";"Столкновение";"";"0";"0";"г Санкт-Петербург пр-кт Просвещения Художников";"0,0";"1,0";"2,0";"2,0";
"177,0";"22,03,2019";"Выборгский";"";"Наезд на пешехода";"";"0";"0";"г Санкт-Петербург  ";"0,0";"1,0";"1,0";"2,0";
"178,0";"22,03,2019";"Кировский";"";"Наезд на пешехода";"";"0";"0";"г Санкт-Петербург пр-кт Стачек ул,Трефолева";"0,0";"1,0";"1,0";"2,0";
"179,0";"22,03,2019";"Московский";"";"Столкновение";"";"0";"0";"г Санкт-Петербург ул Кубинская 76 кор,4";"0,0";"1,0";"3,0";"3,0";
"180,0";"22,03,2019";"Кронштадтский";"";"Наезд на препятствие";"А-118 Кольцевая автомобильная дорога вокруг Санкт-Петербурга";"126";"450";"г Санкт-Петербург  ";"0,0";"1,0";"1,0";"1,0";
"181,0";"22,03,2019";"Курортный";"";"Столкновение";"";"0";"0";"г Санкт-Петербург  ";"0,0";"1,0";"2,0";"3,0";
"182,0";"22,03,2019";"Калининский";"";"Столкновение";"";"0";"0";"г Санкт-Петербург ул Бутлерова 22";"0,0";"2,0";"4,0";"6,0";
"183,0";"22,03,2019";"Красносельский";"";"Наезд на пешехода";"";"0";"0";"г Санкт-Петербург ул Лётчика Пилютова 11-4";"0,0";"1,0";"1,0";"2,0";
"184,0";"22,03,2019";"Калининский";"";"Наезд на пешехода";"";"0";"0";"г Санкт-Петербург ул Карпинского 11";"0,0";"1,0";"1,0";"2,0";
"185,0";"22,03,2019";"Приморский";"";"Столкновение";"";"0";"0";"г Санкт-Петербург наб Ушаковская 17";"0,0";"1,0";"8,0";"8,0";
"186,0";"22,03,2019";"Пушкинский";"";"Столкновение";"";"0";"0";"г Пушкин ш Петербургское Генерала Хазова ул,";"0,0";"2,0";"4,0";"5,0";
"187,0";"22,03,2019";"Приморский";"";"Падение пассажира";"";"0";"0";"г Санкт-Петербург аллея Липовая 15";"0,0";"1,0";"1,0";"2,0";
"188,0";"21,03,2019";"Московский";"";"Столкновение";"";"0";"0";"г Санкт-Петербург ш Волхонское 1";"0,0";"2,0";"4,0";"3,0";
"189,0";"21,03,2019";"Невский";"";"Столкновение";"";"0";"0";"г Санкт-Петербург ул Народная 100";"0,0";"2,0";"2,0";"3,0";
"190,0";"21,03,2019";"Кронштадтский";"";"Наезд на пешехода";"";"0";"0";"г Кронштадт пр-кт Ленина 13";"0,0";"1,0";"1,0";"2,0";
"191,0";"21,03,2019";"Выборгский";"";"Наезд на пешехода";"";"0";"0";"г Санкт-Петербург пр-кт Энгельса 36 141";"0,0";"1,0";"1,0";"2,0";
"192,0";"21,03,2019";"Петроградский";"";"Наезд на пешехода";"";"0";"0";"г Санкт-Петербург  ";"0,0";"1,0";"1,0";"2,0";
"193,0";"21,03,2019";"Красногвардейский";"";"Столкновение";"";"0";"0";"г Санкт-Петербург пр-кт Заневский 2";"0,0";"1,0";"2,0";"2,0";
"194,0";"21,03,2019";"Фрунзенский";"";"Столкновение";"";"0";"0";"г Санкт-Петербург пр-кт Славы 21";"0,0";"1,0";"2,0";"2,0";
"195,0";"21,03,2019";"Центральный";"";"Падение пассажира";"";"0";"0";"г Санкт-Петербург пр-кт Невский 116";"0,0";"2,0";"1,0";"3,0";
"196,0";"21,03,2019";"Невский";"";"Столкновение";"";"0";"0";"г Санкт-Петербург ул Латышских Стрелков 31";"0,0";"1,0";"4,0";"2,0";
"197,0";"21,03,2019";"Центральный";"";"Столкновение";"";"0";"0";"г Санкт-Петербург ул Шпалерная Чернышевского пр,";"0,0";"1,0";"2,0";"3,0";
"198,0";"21,03,2019";"Невский";"";"Наезд на пешехода";"";"0";"0";"г Санкт-Петербург пр-кт Шлиссельбургский 16";"0,0";"1,0";"1,0";"2,0";
"199,0";"21,03,2019";"Выборгский";"";"Столкновение";"";"0";"0";"г Санкт-Петербург пр-кт Энгельса 55";"0,0";"1,0";"2,0";"2,0";
"200,0";"21,03,2019";"Красногвардейский";"";"Наезд на пешехода";"";"0";"0";"г Санкт-Петербург пр-кт Энергетиков 9, корп, 1";"0,0";"1,0";"1,0";"2,0";
"201,0";"21,03,2019";"Петроградский";"";"Наезд на пешехода";"";"0";"0";"г Санкт-Петербург пр-кт Каменноостровский 15";"0,0";"1,0";"1,0";"2,0";
"202,0";"21,03,2019";"Кировский";"";"Столкновение";"";"0";"0";"г Санкт-Петербург пр-кт Стачек Ленинский пр,";"0,0";"1,0";"2,0";"2,0";
"203,0";"21,03,2019";"Калининский";"";"Наезд на пешехода";"";"0";"0";"г Санкт-Петербург пр-кт Непокорённых 63 кор, 25 ЛИТ, А";"0,0";"1,0";"1,0";"2,0";
"204,0";"20,03,2019";"Выборгский";"";"Столкновение";"";"0";"0";"г Санкт-Петербург ул Руднева 21 к,1";"0,0";"1,0";"3,0";"3,0";
"205,0";"20,03,2019";"Василеостровский";"";"Столкновение";"";"0";"0";"г Санкт-Петербург ул Уральская 29";"0,0";"1,0";"2,0";"3,0";
"206,0";"20,03,2019";"Московский";"";"Столкновение";"";"0";"0";"г Санкт-Петербург ш Пулковское 25";"0,0";"1,0";"2,0";"3,0";
"207,0";"20,03,2019";"Приморский";"";"Наезд на велосипедиста";"";"0";"0";"г Санкт-Петербург  ";"0,0";"1,0";"2,0";"2,0";
"208,0";"20,03,2019";"Кировский";"";"Столкновение";"";"0";"0";"г Санкт-Петербург дор На Турухтанные острова 10";"0,0";"1,0";"2,0";"2,0";
"209,0";"20,03,2019";"Выборгский";"";"Падение пассажира";"";"0";"0";"г Санкт-Петербург пр-кт Художников 2 кор,1";"0,0";"1,0";"1,0";"2,0";
"210,0";"20,03,2019";"Центральный";"";"Столкновение";"";"0";"0";"г Санкт-Петербург ул Мытнинская 1";"0,0";"1,0";"2,0";"2,0";
"211,0";"20,03,2019";"Адмиралтейский";"";"Падение пассажира";"";"0";"0";"г Санкт-Петербург пр-кт Римского-Корсакова 75";"0,0";"1,0";"1,0";"2,0";
"212,0";"20,03,2019";"Петродворцовый";"";"Наезд на стоящее ТС";"";"0";"0";"г Петергоф ул Блан-Менильская 7";"0,0";"2,0";"2,0";"3,0";
"213,0";"20,03,2019";"Центральный";"";"Столкновение";"";"0";"0";"г Санкт-Петербург пр-кт Лиговский 47";"0,0";"1,0";"2,0";"3,0";
"214,0";"20,03,2019";"Выборгский";"";"Столкновение";"";"0";"0";"г Санкт-Петербург пр-кт Луначарского Ул, Есенина";"0,0";"3,0";"5,0";"3,0";
"215,0";"20,03,2019";"Василеостровский";"";"Наезд на пешехода";"";"0";"0";"г Санкт-Петербург линия 5-я В,О, 40 корп, 2";"0,0";"1,0";"1,0";"2,0";
"216,0";"20,03,2019";"Кировский";"";"Столкновение";"";"0";"0";"г Санкт-Петербург пр-кт Трамвайный 1";"0,0";"1,0";"2,0";"3,0";
"217,0";"20,03,2019";"Пушкинский";"";"Столкновение";"";"0";"0";"п Шушары ул Софийская 96";"0,0";"2,0";"3,0";"3,0";
"218,0";"20,03,2019";"Красногвардейский";"";"Падение пассажира";"";"0";"0";"г Санкт-Петербург пр-кт Косыгина 23, корп, 1";"0,0";"1,0";"1,0";"2,0";
"219,0";"20,03,2019";"Фрунзенский";"";"Наезд на стоящее ТС";"";"0";"0";"г Санкт-Петербург пр-кт Славы 21";"0,0";"5,0";"3,0";"7,0";
"220,0";"20,03,2019";"Петродворцовый";"";"Столкновение";"";"0";"0";"г Петергоф ул Ульяновская Ул,Ботаническая";"0,0";"2,0";"2,0";"2,0";
"221,0";"20,03,2019";"Центральный";"";"Столкновение";"";"0";"0";"г Санкт-Петербург пр-кт Обуховской Обороны 3";"0,0";"1,0";"4,0";"4,0";
"222,0";"20,03,2019";"Выборгский";"";"Падение пассажира";"";"0";"0";"г Санкт-Петербург пр-кт Просвещения Энгельса пр,";"0,0";"1,0";"2,0";"3,0";
"223,0";"20,03,2019";"Приморский";"";"Наезд на пешехода";"";"0";"0";"г Санкт-Петербург пр-кт Богатырский х ул, Яхтенная";"0,0";"1,0";"1,0";"2,0";
"224,0";"20,03,2019";"Колпинский";"";"Наезд на пешехода";"";"0";"0";"г Колпино ул Тверская Ремизова";"0,0";"1,0";"1,0";"2,0";
"225,0";"20,03,2019";"Кировский";"";"Столкновение";"";"0";"0";"г Санкт-Петербург ул Маршала Говорова 4";"0,0";"1,0";"3,0";"4,0";
"226,0";"20,03,2019";"Центральный";"";"Падение пассажира";"";"0";"0";"г Санкт-Петербург ул Восстания 26";"0,0";"1,0";"1,0";"2,0";
"227,0";"19,03,2019";"Красносельский";"";"Наезд на пешехода";"";"0";"0";"г Санкт-Петербург ул Маршала Казакова 70 к,2";"0,0";"1,0";"1,0";"2,0";
"228,0";"19,03,2019";"Приморский";"";"Наезд на стоящее ТС";"";"0";"0";"г Санкт-Петербург пр-кт Комендантский 34 корп 1";"0,0";"1,0";"3,0";"4,0";
"229,0";"19,03,2019";"Петродворцовый";"";"Столкновение";"";"0";"0";"г Петергоф ул Ботаническая 70к,1";"0,0";"1,0";"2,0";"3,0";
"230,0";"19,03,2019";"Адмиралтейский";"";"Наезд на пешехода";"";"0";"0";"г Санкт-Петербург пр-кт Лермонтовский 52";"0,0";"1,0";"1,0";"2,0";
"231,0";"19,03,2019";"Петроградский";"";"Наезд на пешехода";"";"0";"0";"г Санкт-Петербург ул Ординарная 20";"0,0";"1,0";"1,0";"2,0";
"232,0";"19,03,2019";"Кировский";"";"Наезд на пешехода";"";"0";"0";"г Санкт-Петербург пр-кт Ленинский 141";"0,0";"1,0";"1,0";"2,0";
"233,0";"19,03,2019";"Невский";"";"Столкновение";"";"0";"0";"г Санкт-Петербург ул Коллонтай 18";"0,0";"1,0";"2,0";"3,0";
"234,0";"19,03,2019";"Фрунзенский";"";"Наезд на пешехода";"";"0";"0";"г Санкт-Петербург  ";"0,0";"1,0";"1,0";"2,0";
"235,0";"19,03,2019";"Красногвардейский";"";"Наезд на пешехода";"";"0";"0";"г Санкт-Петербург  ";"0,0";"1,0";"1,0";"2,0";
"236,0";"19,03,2019";"Пушкинский";"";"Наезд на стоящее ТС";"";"0";"0";"п Шушары ш Московское Курьерский пр-д";"0,0";"2,0";"4,0";"5,0";
"237,0";"18,03,2019";"Невский";"";"Наезд на пешехода";"";"0";"0";"г Санкт-Петербург ул Бабушкина 135";"0,0";"1,0";"1,0";"2,0";
"238,0";"18,03,2019";"Красногвардейский";"";"Столкновение";"";"0";"0";"г Санкт-Петербург пр-кт Косыгина 17к1";"0,0";"1,0";"2,0";"3,0";
"239,0";"18,03,2019";"Василеостровский";"";"Иной вид ДТП";"";"0";"0";"г Санкт-Петербург пр-кт Средний В,О, 25";"0,0";"1,0";"1,0";"2,0";
"240,0";"18,03,2019";"Калининский";"";"Наезд на пешехода";"";"0";"0";"г Санкт-Петербург пр-кт Гражданский 19";"0,0";"1,0";"2,0";"3,0";
"241,0";"18,03,2019";"Выборгский";"";"Столкновение";"";"0";"0";"г Санкт-Петербург ул Парашютная 150 м до д, Каменку";"0,0";"1,0";"2,0";"3,0";
"242,0";"18,03,2019";"Адмиралтейский";"";"Столкновение";"";"0";"0";"г Санкт-Петербург пр-кт Лермонтовский 59";"0,0";"1,0";"3,0";"3,0";
"243,0";"18,03,2019";"Невский";"";"Наезд на пешехода";"";"0";"0";"г Санкт-Петербург ул Крыленко 27";"0,0";"1,0";"1,0";"2,0";
"244,0";"18,03,2019";"Красносельский";"";"Столкновение";"А-118 Кольцевая автомобильная дорога вокруг Санкт-Петербурга";"64";"100";"г Санкт-Петербург  ";"0,0";"1,0";"2,0";"3,0";
"245,0";"18,03,2019";"Василеостровский";"";"Столкновение";"";"0";"0";"г Санкт-Петербург ул Наличная 38К2";"0,0";"1,0";"2,0";"3,0";
"246,0";"18,03,2019";"Кировский";"";"Столкновение";"";"0";"0";"г Санкт-Петербург пр-кт Маршала Жукова Дор,на Турухтанные о";"0,0";"3,0";"2,0";"3,0";
"247,0";"18,03,2019";"Красносельский";"";"Наезд на пешехода";"";"0";"0";"г Санкт-Петербург ул Адмирала Коновалова 2-4";"0,0";"1,0";"1,0";"2,0";
"248,0";"18,03,2019";"Выборгский";"";"Наезд на пешехода";"";"0";"0";"г Санкт-Петербург пр-кт 2-й Муринский 14";"0,0";"1,0";"1,0";"2,0";
"249,0";"18,03,2019";"Петроградский";"";"Падение пассажира";"";"0";"0";"г Санкт-Петербург пр-кт Медиков 10";"0,0";"1,0";"1,0";"2,0";
"250,0";"18,03,2019";"Красносельский";"";"Столкновение";"";"0";"0";"г Санкт-Петербург пр-кт Ветеранов Здоровцева";"0,0";"1,0";"2,0";"3,0";
"251,0";"18,03,2019";"Фрунзенский";"";"Падение пассажира";"";"0";"0";"г Санкт-Петербург ул Пражская 48 50";"0,0";"1,0";"1,0";"2,0";
"252,0";"18,03,2019";"Кировский";"";"Столкновение";"";"0";"0";"г Санкт-Петербург ул Маршала Говорова 29";"0,0";"2,0";"2,0";"2,0";
"253,0";"17,03,2019";"Выборгский";"";"Столкновение";"";"0";"0";"г Санкт-Петербург наб Выборгская Гренадерский мост";"0,0";"1,0";"2,0";"3,0";
"254,0";"17,03,2019";"Центральный";"";"Падение пассажира";"";"0";"0";"г Санкт-Петербург пр-кт Лиговский 8";"0,0";"1,0";"1,0";"2,0";
"255,0";"17,03,2019";"Красногвардейский";"";"Наезд на препятствие";"А-118 Кольцевая автомобильная дорога вокруг Санкт-Петербурга";"38";"500";"г Санкт-Петербург  ";"0,0";"1,0";"1,0";"1,0";
"256,0";"17,03,2019";"Адмиралтейский";"";"Падение пассажира";"";"0";"0";"г Санкт-Петербург ул Садовая 100";"0,0";"1,0";"1,0";"2,0";
"257,0";"17,03,2019";"Пушкинский";"";"Столкновение";"";"0";"0";"п Шушары ш Московское 16";"0,0";"3,0";"2,0";"4,0";
"258,0";"17,03,2019";"Красногвардейский";"";"Столкновение";"";"0";"0";"г Санкт-Петербург пр-кт Индустриальный 1 6";"0,0";"2,0";"2,0";"3,0";
"259,0";"17,03,2019";"Приморский";"";"Съезд с дороги";"";"0";"0";"г Санкт-Петербург ш Приморское 1 по ул,Песочная";"0,0";"2,0";"1,0";"2,0";
"260,0";"17,03,2019";"Пушкинский";"";"Столкновение";"";"0";"0";"п Шушары ул Софийская 115";"0,0";"3,0";"2,0";"4,0";
"261,0";"17,03,2019";"Адмиралтейский";"";"Столкновение";"";"0";"0";"г Санкт-Петербург пр-кт Римского-Корсакова 37";"0,0";"1,0";"2,0";"2,0";
"262,0";"17,03,2019";"Фрунзенский";"";"Наезд на пешехода";"";"0";"0";"г Санкт-Петербург ул Бухарестская 150";"0,0";"1,0";"1,0";"2,0";
"263,0";"17,03,2019";"Красногвардейский";"";"Падение пассажира";"";"0";"0";"г Санкт-Петербург пр-кт Заневский 67 2";"0,0";"1,0";"1,0";"2,0";
"264,0";"16,03,2019";"Приморский";"";"Наезд на пешехода";"";"0";"0";"г Санкт-Петербург  ";"0,0";"1,0";"3,0";"3,0";
"265,0";"16,03,2019";"Адмиралтейский";"";"Падение пассажира";"";"0";"0";"г Санкт-Петербург пр-кт Московский 25";"0,0";"1,0";"2,0";"3,0";
"266,0";"16,03,2019";"Фрунзенский";"";"Столкновение";"";"0";"0";"г Санкт-Петербург ул Малая Карпатская 21";"0,0";"1,0";"2,0";"2,0";
"267,0";"16,03,2019";"Приморский";"";"Наезд на пешехода";"";"0";"0";"г Санкт-Петербург ул Уточкина 4к1";"0,0";"1,0";"1,0";"2,0";
"268,0";"16,03,2019";"Красносельский";"";"Столкновение";"";"0";"0";"г Санкт-Петербург пр-кт Маршала Жукова М, Захарова ул";"0,0";"1,0";"3,0";"3,0";
"269,0";"16,03,2019";"Курортный";"";"Столкновение";"А-123 Зеленогорск - Приморск - Выборг";"6";"920";"п Серово  ";"0,0";"1,0";"2,0";"3,0";
"270,0";"16,03,2019";"Фрунзенский";"";"Столкновение";"";"0";"0";"г Санкт-Петербург пр-кт Славы 55";"0,0";"1,0";"2,0";"3,0";
"271,0";"16,03,2019";"Московский";"";"Наезд на стоящее ТС";"А-118 Кольцевая автомобильная дорога вокруг Санкт-Петербурга";"74";"40";"г Санкт-Петербург  ";"0,0";"1,0";"3,0";"4,0";
"272,0";"16,03,2019";"Московский";"";"Столкновение";"";"0";"0";"г Санкт-Петербург пр-кт Новоизмайловский Кузнецовская ул,";"0,0";"1,0";"3,0";"4,0";
"273,0";"16,03,2019";"Невский";"";"Столкновение";"";"0";"0";"г Санкт-Петербург ул Дыбенко 26";"0,0";"1,0";"2,0";"3,0";
"274,0";"16,03,2019";"Адмиралтейский";"";"Наезд на пешехода";"";"0";"0";"г Санкт-Петербург ул Гороховая 54";"0,0";"1,0";"1,0";"2,0";
"275,0";"16,03,2019";"Невский";"";"Столкновение";"А-118 Кольцевая автомобильная дорога вокруг Санкт-Петербурга";"82";"100";"г Санкт-Петербург  ";"0,0";"1,0";"2,0";"2,0";
"276,0";"16,03,2019";"Московский";"";"Столкновение";"";"0";"0";"г Санкт-Петербург ш Московское 11 к,1";"0,0";"1,0";"2,0";"3,0";
"277,0";"16,03,2019";"Красносельский";"";"Наезд на стоящее ТС";"";"0";"0";"г Санкт-Петербург пр-кт Ленинский 78 к,1 лит А";"0,0";"1,0";"3,0";"3,0";
"278,0";"16,03,2019";"Приморский";"";"Наезд на пешехода";"";"0";"0";"г Санкт-Петербург пр-кт Королёва 57к1(напротив)";"0,0";"1,0";"1,0";"2,0";
"279,0";"16,03,2019";"Кировский";"";"Столкновение";"";"0";"0";"г Санкт-Петербург пр-кт Стачек ул, Корнеева";"0,0";"2,0";"2,0";"2,0";
"280,0";"16,03,2019";"Центральный";"";"Наезд на пешехода";"";"0";"0";"г Санкт-Петербург пр-кт Лиговский Кузнечный";"0,0";"1,0";"1,0";"2,0";
"281,0";"16,03,2019";"Калининский";"";"Столкновение";"";"0";"0";"г Санкт-Петербург пр-кт Просвещения 81";"0,0";"3,0";"2,0";"3,0";
"282,0";"16,03,2019";"Фрунзенский";"";"Столкновение";"";"0";"0";"г Санкт-Петербург ул Будапештская 39";"0,0";"1,0";"2,0";"3,0";
"283,0";"15,03,2019";"Выборгский";"";"Столкновение";"";"0";"0";"п Парголово ш Выборгское 45 м до ул,Ломономов";"0,0";"1,0";"2,0";"3,0";
"284,0";"15,03,2019";"Красногвардейский";"";"Столкновение";"";"0";"0";"г Санкт-Петербург пр-кт Малоохтинский 82 1";"0,0";"1,0";"2,0";"3,0";
"285,0";"15,03,2019";"Центральный";"";"Наезд на пешехода";"";"0";"0";"г Санкт-Петербург пр-кт Невский 96 1";"0,0";"1,0";"1,0";"2,0";
"286,0";"15,03,2019";"Невский";"";"Столкновение";"";"0";"0";"г Санкт-Петербург ул Зольная 6";"0,0";"1,0";"2,0";"2,0";
"287,0";"15,03,2019";"Московский";"";"Столкновение";"";"0";"0";"г Санкт-Петербург ул Типанова 18";"0,0";"1,0";"2,0";"2,0";
"288,0";"15,03,2019";"Московский";"";"Столкновение";"";"0";"0";"г Санкт-Петербург ул Орджоникидзе 50";"0,0";"2,0";"2,0";"3,0";
"289,0";"15,03,2019";"Центральный";"";"Наезд на пешехода";"";"0";"0";"г Санкт-Петербург ул Большая Морская 16";"0,0";"1,0";"1,0";"2,0";
"290,0";"15,03,2019";"Адмиралтейский";"";"Столкновение";"";"0";"0";"г Санкт-Петербург пер Конногвардейский 2";"0,0";"1,0";"2,0";"2,0";
"291,0";"15,03,2019";"Курортный";"";"Наезд на пешехода";"";"0";"0";"г Сестрорецк  ";"0,0";"1,0";"1,0";"2,0";
"292,0";"15,03,2019";"Невский";"";"Столкновение";"";"0";"0";"г Санкт-Петербург пр-кт Советский (Усть-Славянка) 34 к 2";"0,0";"1,0";"2,0";"2,0";
"293,0";"15,03,2019";"Приморский";"";"Столкновение";"";"0";"0";"г Санкт-Петербург ул Савушкина Туристкая";"0,0";"2,0";"2,0";"2,0";
"294,0";"15,03,2019";"Кировский";"";"Столкновение";"Западный скоростной диаметр";"36";"500";"г Санкт-Петербург  ";"0,0";"1,0";"3,0";"3,0";
"295,0";"15,03,2019";"Кировский";"";"Столкновение";"";"0";"0";"г Санкт-Петербург пр-кт Стачек УЛ,Зенитчиков";"0,0";"1,0";"2,0";"2,0";
"296,0";"15,03,2019";"Красногвардейский";"";"Падение пассажира";"";"0";"0";"г Санкт-Петербург пр-кт Энергетиков 55";"0,0";"1,0";"1,0";"2,0";
"297,0";"15,03,2019";"Петродворцовый";"";"Наезд на пешехода";"";"0";"0";"г Петергоф ул Аврова 14а";"1,0";"0,0";"1,0";"2,0";
"298,0";"14,03,2019";"Центральный";"";"Столкновение";"";"0";"0";"г Санкт-Петербург наб Лебяжьей канавки осветиительн,опора 8";"0,0";"1,0";"3,0";"4,0";
"299,0";"14,03,2019";"Пушкинский";"";"Опрокидывание";"";"0";"0";"п Шушары ш Московское 677";"0,0";"2,0";"1,0";"3,0";
"300,0";"14,03,2019";"Калининский";"";"Наезд на пешехода";"";"0";"0";"г Санкт-Петербург пр-кт Гражданский 92 1";"0,0";"1,0";"1,0";"2,0";
"301,0";"14,03,2019";"Калининский";"";"Наезд на стоящее ТС";"";"0";"0";"г Санкт-Петербург пр-кт Пискарёвский Маршала Блюхера";"0,0";"1,0";"3,0";"3,0";
"302,0";"14,03,2019";"Красносельский";"";"Наезд на препятствие";"А-118 Кольцевая автомобильная дорога вокруг Санкт-Петербурга";"80";"500";"г Санкт-Петербург  ";"0,0";"2,0";"2,0";"3,0";
"303,0";"14,03,2019";"Невский";"";"Падение пассажира";"";"0";"0";"г Санкт-Петербург пр-кт Солидарности 10";"0,0";"1,0";"1,0";"2,0";
"304,0";"14,03,2019";"Красногвардейский";"";"Иной вид ДТП";"";"0";"0";"г Санкт-Петербург ул Большая Пороховская 16-27";"0,0";"1,0";"1,0";"1,0";
"305,0";"14,03,2019";"Выборгский";"";"Наезд на пешехода";"";"0";"0";"г Санкт-Петербург пр-кт Луначарского 58";"0,0";"1,0";"1,0";"2,0";
"306,0";"14,03,2019";"Московский";"";"Наезд на пешехода";"";"0";"0";"г Санкт-Петербург  ";"0,0";"1,0";"1,0";"2,0";
"307,0";"14,03,2019";"Адмиралтейский";"";"Наезд на стоящее ТС";"";"0";"0";"г Санкт-Петербург пр-кт Московский 25";"0,0";"1,0";"2,0";"3,0";
"308,0";"14,03,2019";"Фрунзенский";"";"Столкновение";"";"0";"0";"г Санкт-Петербург пр-кт Дунайский 41";"0,0";"1,0";"2,0";"3,0";
"309,0";"14,03,2019";"Невский";"";"Наезд на пешехода";"";"0";"0";"г Санкт-Петербург пр-кт Товарищеский 28";"0,0";"1,0";"1,0";"2,0";
"310,0";"14,03,2019";"Выборгский";"";"Наезд на пешехода";"";"0";"0";"г Санкт-Петербург ул Есенина 1";"0,0";"1,0";"1,0";"2,0";
"311,0";"14,03,2019";"Калининский";"";"Столкновение";"";"0";"0";"г Санкт-Петербург ул Замшина васенко";"0,0";"1,0";"2,0";"3,0";
"312,0";"14,03,2019";"Кировский";"";"Наезд на пешехода";"";"0";"0";"г Санкт-Петербург  ";"0,0";"1,0";"1,0";"2,0";
"313,0";"14,03,2019";"Калининский";"";"Падение пассажира";"";"0";"0";"г Санкт-Петербург ул Бестужевская 10";"0,0";"1,0";"1,0";"2,0";
"314,0";"14,03,2019";"Пушкинский";"";"Наезд на пешехода";"";"0";"0";"г Павловск ш Фильтровское 12а";"0,0";"1,0";"1,0";"2,0";
"315,0";"14,03,2019";"Красногвардейский";"";"Падение пассажира";"";"0";"0";"г Санкт-Петербург пл Карла Фаберже 8";"0,0";"1,0";"1,0";"2,0";
"316,0";"14,03,2019";"Центральный";"";"Наезд на пешехода";"";"0";"0";"г Санкт-Петербург пр-кт Невский Фонтанки наб,";"0,0";"1,0";"1,0";"2,0";
"317,0";"14,03,2019";"Выборгский";"";"Наезд на пешехода";"";"0";"0";"г Санкт-Петербург ш Выборгское 355";"0,0";"1,0";"1,0";"2,0";
"318,0";"13,03,2019";"Петроградский";"";"Наезд на препятствие";"";"0";"0";"г Санкт-Петербург наб Реки Карповки 2";"0,0";"1,0";"1,0";"1,0";
"319,0";"13,03,2019";"Калининский";"";"Столкновение";"";"0";"0";"г Санкт-Петербург пр-кт Светлановский 66- пр, Просвещения";"1,0";"3,0";"4,0";"5,0";
"320,0";"13,03,2019";"Московский";"";"Наезд на пешехода";"";"0";"0";"г Санкт-Петербург ул Ленсовета 54";"0,0";"1,0";"1,0";"2,0";
"321,0";"13,03,2019";"Московский";"";"Столкновение";"";"0";"0";"г Санкт-Петербург пл Победы 1";"0,0";"1,0";"2,0";"3,0";
"322,0";"13,03,2019";"Кировский";"";"Столкновение";"";"0";"0";"г Санкт-Петербург пр-кт Стачек Трамвайный пр,";"0,0";"2,0";"2,0";"2,0";
"323,0";"13,03,2019";"Курортный";"";"Столкновение";"";"0";"0";"г Зеленогорск ш Приморское 536";"0,0";"1,0";"2,0";"2,0";
"324,0";"13,03,2019";"Петроградский";"";"Съезд с дороги";"";"0";"0";"г Санкт-Петербург наб Реки Карповки 2";"0,0";"2,0";"1,0";"2,0";
"325,0";"13,03,2019";"Выборгский";"";"Наезд на пешехода";"";"0";"0";"г Санкт-Петербург пр-кт Энгельса 120";"0,0";"1,0";"1,0";"2,0";
"326,0";"13,03,2019";"Центральный";"";"Столкновение";"";"0";"0";"г Санкт-Петербург пр-кт Бакунина Перекупной пер,";"0,0";"1,0";"2,0";"3,0";
"327,0";"13,03,2019";"Петроградский";"";"Наезд на пешехода";"";"0";"0";"г Санкт-Петербург ул Рыбацкая 2";"0,0";"1,0";"1,0";"2,0";
"328,0";"13,03,2019";"Приморский";"";"Наезд на пешехода";"";"0";"0";"г Санкт-Петербург ул Савушкина Ул, Серебрякова";"0,0";"1,0";"1,0";"2,0";
"329,0";"13,03,2019";"Центральный";"";"Наезд на пешехода";"";"0";"0";"г Санкт-Петербург ул Большая Морская Кирпичный пер,";"0,0";"1,0";"1,0";"2,0";
"330,0";"12,03,2019";"Центральный";"";"Столкновение";"";"0";"0";"г Санкт-Петербург пр-кт Владимирский 1";"0,0";"1,0";"3,0";"3,0";
"331,0";"12,03,2019";"Красносельский";"";"Столкновение";"";"0";"0";"г Санкт-Петербург ул Маршала Казакова 36 лит,А";"0,0";"1,0";"2,0";"2,0";
"332,0";"12,03,2019";"Адмиралтейский";"";"Столкновение";"";"0";"0";"г Санкт-Петербург пр-кт Вознесенский 8";"0,0";"1,0";"2,0";"2,0";
"333,0";"12,03,2019";"Фрунзенский";"";"Наезд на препятствие";"";"0";"0";"г Санкт-Петербург пр-кт Славы 53";"0,0";"1,0";"1,0";"1,0";
"334,0";"12,03,2019";"Выборгский";"";"Наезд на пешехода";"";"0";"0";"г Санкт-Петербург пр-кт Энгельса 141";"0,0";"1,0";"1,0";"2,0";
"335,0";"12,03,2019";"Приморский";"";"Наезд на препятствие";"";"0";"0";"г Санкт-Петербург пр-кт Приморский 79(напротив)";"0,0";"1,0";"1,0";"2,0";
"336,0";"12,03,2019";"Пушкинский";"";"Столкновение";"";"0";"0";"г Пушкин ш Киевское 25 км250 м";"0,0";"1,0";"2,0";"2,0";
"337,0";"12,03,2019";"Кировский";"";"Столкновение";"";"0";"0";"г Санкт-Петербург  ";"0,0";"1,0";"2,0";"3,0";
"338,0";"12,03,2019";"Петроградский";"";"Столкновение";"";"0";"0";"г Санкт-Петербург пр-кт Большой П,С, 46";"0,0";"1,0";"2,0";"3,0";
"339,0";"12,03,2019";"Василеостровский";"";"Наезд на пешехода";"";"0";"0";"г Санкт-Петербург наб Макарова 8";"0,0";"1,0";"1,0";"2,0";
"340,0";"12,03,2019";"Красногвардейский";"";"Наезд на препятствие";"";"0";"0";"г Санкт-Петербург пр-кт Малоохтинский 98";"0,0";"1,0";"3,0";"3,0";
"341,0";"12,03,2019";"Московский";"";"Наезд на стоящее ТС";"";"0";"0";"г Санкт-Петербург пр-кт Ленинский 147";"0,0";"1,0";"2,0";"3,0";
"342,0";"12,03,2019";"Приморский";"";"Наезд на пешехода";"";"0";"0";"г Санкт-Петербург пр-кт Королёва 57 кор,1";"0,0";"1,0";"1,0";"2,0";
"343,0";"12,03,2019";"Фрунзенский";"";"Столкновение";"";"0";"0";"г Санкт-Петербург ул Бухарестская 30";"0,0";"1,0";"2,0";"2,0";
"344,0";"12,03,2019";"Адмиралтейский";"";"Наезд на пешехода";"";"0";"0";"г Санкт-Петербург наб Реки Фонтанки 132 А";"0,0";"1,0";"1,0";"2,0";
"345,0";"12,03,2019";"Невский";"";"Столкновение";"";"0";"0";"г Санкт-Петербург пр-кт Обуховской Обороны 195 корп, А";"0,0";"1,0";"2,0";"2,0";
"346,0";"12,03,2019";"Выборгский";"";"Наезд на пешехода";"";"0";"0";"г Санкт-Петербург пер 1-й Верхний 10 кор,3 А";"0,0";"1,0";"1,0";"2,0";
"347,0";"12,03,2019";"Петродворцовый";"";"Столкновение";"";"0";"0";"г Петергоф ш Санкт-Петербургское 111п";"1,0";"3,0";"2,0";"5,0";
"348,0";"12,03,2019";"Центральный";"";"Наезд на препятствие";"";"0";"0";"г Санкт-Петербург  ";"0,0";"1,0";"1,0";"1,0";
"349,0";"12,03,2019";"Невский";"";"Наезд на пешехода";"";"0";"0";"г Санкт-Петербург  ";"0,0";"1,0";"1,0";"2,0";
"350,0";"12,03,2019";"Пушкинский";"";"Столкновение";"";"0";"0";"г Павловск ул Матросова 65";"0,0";"1,0";"2,0";"2,0";
"351,0";"12,03,2019";"Центральный";"";"Наезд на пешехода";"";"0";"0";"г Санкт-Петербург ул Таврическая 5";"0,0";"1,0";"1,0";"2,0";
"352,0";"12,03,2019";"Калининский";"";"Наезд на пешехода";"";"0";"0";"г Санкт-Петербург  ";"0,0";"1,0";"1,0";"2,0";
"353,0";"12,03,2019";"Приморский";"";"Наезд на пешехода";"";"0";"0";"г Санкт-Петербург ул Планерная 49";"0,0";"2,0";"1,0";"3,0";
"354,0";"11,03,2019";"Приморский";"";"Наезд на пешехода";"";"0";"0";"г Санкт-Петербург ул Долгоозёрная 5к1";"0,0";"1,0";"1,0";"2,0";
"355,0";"11,03,2019";"Красносельский";"";"Столкновение";"";"0";"0";"г Санкт-Петербург ш Красносельское (Горелово) 2к1";"0,0";"1,0";"3,0";"4,0";
"356,0";"11,03,2019";"Приморский";"";"Наезд на стоящее ТС";"";"0";"0";"г Санкт-Петербург ул Камышовая 28";"0,0";"1,0";"3,0";"1,0";
"357,0";"11,03,2019";"Петроградский";"";"Наезд на пешехода";"";"0";"0";"г Санкт-Петербург пр-кт Каменноостровский 77";"0,0";"1,0";"1,0";"2,0";
"358,0";"11,03,2019";"Центральный";"";"Столкновение";"";"0";"0";"г Санкт-Петербург ул Некрасова 24";"0,0";"1,0";"2,0";"2,0";
"359,0";"11,03,2019";"Кировский";"";"Наезд на пешехода";"";"0";"0";"г Санкт-Петербург ул Автомобильная пр,Стачек боковой";"0,0";"1,0";"1,0";"2,0";
"360,0";"11,03,2019";"Центральный";"";"Наезд на пешехода";"";"0";"0";"г Санкт-Петербург пр-кт Невский 16";"0,0";"1,0";"1,0";"2,0";
"361,0";"11,03,2019";"Калининский";"";"Столкновение";"";"0";"0";"г Санкт-Петербург пр-кт Науки 17 6";"0,0";"1,0";"2,0";"2,0";
"362,0";"11,03,2019";"Петроградский";"";"Наезд на пешехода";"";"0";"0";"г Санкт-Петербург парк Александровский 1";"0,0";"1,0";"1,0";"2,0";
"363,0";"11,03,2019";"Невский";"";"Столкновение";"";"0";"0";"г Санкт-Петербург пр-кт Обуховской Обороны 41";"0,0";"1,0";"2,0";"2,0";
"364,0";"11,03,2019";"Фрунзенский";"";"Наезд на препятствие";"";"0";"0";"г Санкт-Петербург дор Нефтяная 3";"0,0";"1,0";"1,0";"2,0";
"365,0";"11,03,2019";"Фрунзенский";"";"Наезд на пешехода";"";"0";"0";"г Санкт-Петербург ул Софийская 40 корп, 1";"0,0";"1,0";"1,0";"2,0";
"366,0";"11,03,2019";"Калининский";"";"Наезд на пешехода";"";"0";"0";"г Санкт-Петербург ул Замшина 44";"0,0";"1,0";"1,0";"2,0";
"367,0";"11,03,2019";"Выборгский";"";"Наезд на пешехода";"";"0";"0";"г Санкт-Петербург пр-кт Энгельса 21";"0,0";"2,0";"1,0";"3,0";
"368,0";"10,03,2019";"Калининский";"";"Столкновение";"";"0";"0";"г Санкт-Петербург ул Руставели Просвещения";"0,0";"1,0";"2,0";"2,0";
"369,0";"10,03,2019";"Петроградский";"";"Наезд на пешехода";"";"0";"0";"г Санкт-Петербург наб Кронверкская 1";"0,0";"1,0";"1,0";"2,0";
"370,0";"10,03,2019";"Московский";"";"Наезд на пешехода";"";"0";"0";"г Санкт-Петербург  ";"0,0";"1,0";"1,0";"2,0";
"371,0";"10,03,2019";"Красногвардейский";"";"Наезд на пешехода";"";"0";"0";"г Санкт-Петербург  ";"0,0";"1,0";"1,0";"2,0";
"372,0";"10,03,2019";"Курортный";"";"Наезд на пешехода";"";"0";"0";"г Сестрорецк ул Сдт Разлив 16-я дорожка 12 15";"0,0";"1,0";"1,0";"2,0";
"373,0";"10,03,2019";"Приморский";"";"Столкновение";"";"0";"0";"г Санкт-Петербург ш Приморское 149 по Латинскому пр";"0,0";"2,0";"2,0";"2,0";
"374,0";"10,03,2019";"Центральный";"";"Наезд на пешехода";"";"0";"0";"г Санкт-Петербург  ";"0,0";"1,0";"1,0";"2,0";
"375,0";"10,03,2019";"Кировский";"";"Наезд на препятствие";"";"0";"0";"г Санкт-Петербург пр-кт Маршала Жукова 76к1";"0,0";"3,0";"1,0";"3,0";
"376,0";"10,03,2019";"Калининский";"";"Столкновение";"";"0";"0";"г Санкт-Петербург пр-кт Полюстровский 28 ЛИТ, Л-Замшина ул";"0,0";"1,0";"2,0";"3,0";
"377,0";"10,03,2019";"Красносельский";"";"Столкновение";"";"0";"0";"г Санкт-Петербург пр-кт Маршала Жукова 41";"0,0";"1,0";"2,0";"3,0";
"378,0";"10,03,2019";"Петроградский";"";"Столкновение";"";"0";"0";"г Санкт-Петербург пр-кт Каменноостровский 1-3";"0,0";"4,0";"2,0";"4,0";
"379,0";"10,03,2019";"Курортный";"";"Наезд на пешехода";"";"0";"0";"г Сестрорецк ш Приморское 202";"0,0";"1,0";"1,0";"2,0";
"380,0";"10,03,2019";"Выборгский";"";"Столкновение";"";"0";"0";"г Санкт-Петербург ул Академика Лебедева 6 лит, В";"0,0";"1,0";"2,0";"2,0";
"381,0";"10,03,2019";"Пушкинский";"";"Столкновение";"";"0";"0";"п Шушары ул Софийская Автозаводская ул,";"0,0";"2,0";"2,0";"3,0";
"382,0";"09,03,2019";"Кировский";"";"Столкновение";"";"0";"0";"г Санкт-Петербург пр-кт Стачек Ул, Васи Алексеева";"0,0";"1,0";"2,0";"3,0";
"383,0";"09,03,2019";"Василеостровский";"";"Наезд на препятствие";"";"0";"0";"г Санкт-Петербург ул Уральская 13";"0,0";"3,0";"1,0";"3,0";
"384,0";"09,03,2019";"Петроградский";"";"Столкновение";"";"0";"0";"г Санкт-Петербург аллея Теннисная 3";"0,0";"1,0";"2,0";"3,0";
"385,0";"09,03,2019";"Московский";"";"Наезд на пешехода";"";"0";"0";"г Санкт-Петербург  ";"0,0";"1,0";"1,0";"2,0";
"386,0";"09,03,2019";"Московский";"";"Наезд на пешехода";"";"0";"0";"г Санкт-Петербург  ";"0,0";"1,0";"1,0";"2,0";
"387,0";"09,03,2019";"Московский";"";"Иной вид ДТП";"";"0";"0";"г Санкт-Петербург ул Кубинская 42";"0,0";"1,0";"1,0";"2,0";
"388,0";"09,03,2019";"Кировский";"";"Столкновение";"";"0";"0";"г Санкт-Петербург ул Краснопутиловская пр,Н,Ополчения";"0,0";"2,0";"2,0";"2,0";
"389,0";"09,03,2019";"Пушкинский";"";"Столкновение";"";"0";"0";"г Пушкин ш Петербургское Витебский пр-т";"0,0";"1,0";"2,0";"2,0";
"390,0";"09,03,2019";"Курортный";"";"Наезд на препятствие";"А-181 Скандинавия Санкт-Петербург - Выборг - граница с Финляндской Республикой (основное направление)";"34";"415";"г Сестрорецк  ";"0,0";"2,0";"1,0";"2,0";
"391,0";"09,03,2019";"Выборгский";"";"Столкновение";"";"0";"0";"п Парголово аллея Берёзовая (Осиновая Роща) 2";"0,0";"1,0";"3,0";"4,0";
"392,0";"09,03,2019";"Кировский";"";"Наезд на препятствие";"";"0";"0";"г Санкт-Петербург пр-кт Ленинский пр,Н,Ополчения";"0,0";"1,0";"1,0";"2,0";
"393,0";"09,03,2019";"Выборгский";"";"Наезд на препятствие";"";"0";"0";"г Санкт-Петербург наб Пироговская 1";"0,0";"1,0";"1,0";"1,0";
"394,0";"09,03,2019";"Приморский";"";"Столкновение";"";"0";"0";"п Лисий Нос ш Приморское 30км";"0,0";"1,0";"4,0";"5,0";
"395,0";"09,03,2019";"Центральный";"";"Наезд на пешехода";"";"0";"0";"г Санкт-Петербург ул Шпалерная Таврическая ул,";"0,0";"1,0";"1,0";"2,0";
"396,0";"09,03,2019";"Выборгский";"";"Столкновение";"";"0";"0";"г Санкт-Петербург пр-кт Просвещения 62";"0,0";"1,0";"4,0";"4,0";
"397,0";"09,03,2019";"Выборгский";"";"Наезд на препятствие";"";"0";"0";"г Санкт-Петербург пр-кт 2-й Муринский Институтский";"0,0";"1,0";"1,0";"2,0";
"398,0";"09,03,2019";"Пушкинский";"";"Столкновение";"";"0";"0";"г Павловск ул Матросова Железнодорожная";"0,0";"1,0";"2,0";"2,0";
"399,0";"09,03,2019";"Пушкинский";"";"Столкновение";"А-118 Кольцевая автомобильная дорога вокруг Санкт-Петербурга";"67";"700";"г Санкт-Петербург  ";"0,0";"1,0";"4,0";"3,0";
"400,0";"09,03,2019";"Невский";"";"Столкновение";"";"0";"0";"г Санкт-Петербург пр-кт Дальневосточный 43";"0,0";"1,0";"2,0";"2,0";
"401,0";"09,03,2019";"Невский";"";"Столкновение";"";"0";"0";"г Санкт-Петербург пр-кт Российский 8";"0,0";"2,0";"2,0";"3,0";
"402,0";"09,03,2019";"Выборгский";"";"Столкновение";"";"0";"0";"г Санкт-Петербург наб Выборгская 57";"0,0";"1,0";"2,0";"2,0";
"403,0";"09,03,2019";"Приморский";"";"Наезд на пешехода";"";"0";"0";"г Санкт-Петербург пр-кт Коломяжский 15 к,2";"0,0";"1,0";"1,0";"2,0";
"404,0";"09,03,2019";"Красносельский";"";"Столкновение";"";"0";"0";"г Санкт-Петербург ул Маршала Захарова 34";"0,0";"2,0";"2,0";"3,0";
"405,0";"08,03,2019";"Адмиралтейский";"";"Наезд на пешехода";"";"0";"0";"г Санкт-Петербург ул Садовая 39";"0,0";"1,0";"1,0";"2,0";
"406,0";"08,03,2019";"Приморский";"";"Столкновение";"";"0";"0";"г Санкт-Петербург пр-кт Приморский 5";"0,0";"1,0";"2,0";"3,0";
"407,0";"08,03,2019";"Фрунзенский";"";"Наезд на пешехода";"";"0";"0";"г Санкт-Петербург  ";"0,0";"1,0";"1,0";"2,0";
"408,0";"08,03,2019";"Красногвардейский";"";"Наезд на стоящее ТС";"";"0";"0";"г Санкт-Петербург пр-кт Металлистов 4";"0,0";"4,0";"3,0";"7,0";
"409,0";"08,03,2019";"Кировский";"";"Наезд на препятствие";"Западный скоростной диаметр";"9";"800";"г Санкт-Петербург  ";"0,0";"1,0";"1,0";"2,0";
"410,0";"08,03,2019";"Центральный";"";"Наезд на препятствие";"";"0";"0";"г Санкт-Петербург пр-кт Лиговский 91";"0,0";"2,0";"1,0";"2,0";
"411,0";"08,03,2019";"Невский";"";"Наезд на пешехода";"";"0";"0";"г Санкт-Петербург ул Народная 87";"0,0";"1,0";"1,0";"2,0";
"412,0";"08,03,2019";"Петроградский";"";"Наезд на препятствие";"";"0";"0";"г Санкт-Петербург ул Ждановская 43";"0,0";"1,0";"1,0";"2,0";
"413,0";"08,03,2019";"Калининский";"";"Наезд на препятствие";"";"0";"0";"г Санкт-Петербург пр-кт Кондратьевский 13";"0,0";"1,0";"1,0";"2,0";
"414,0";"08,03,2019";"Московский";"";"Наезд на пешехода";"";"0";"0";"г Санкт-Петербург  ";"0,0";"1,0";"1,0";"2,0";
"415,0";"08,03,2019";"Выборгский";"";"Столкновение";"";"0";"0";"г Санкт-Петербург наб Пироговская 5 2";"0,0";"1,0";"2,0";"3,0";
"416,0";"08,03,2019";"Кронштадтский";"";"Столкновение";"";"0";"0";"г Кронштадт ул Гражданская 25";"0,0";"2,0";"2,0";"2,0";
"417,0";"08,03,2019";"Выборгский";"";"Наезд на стоящее ТС";"";"0";"0";"г Санкт-Петербург пр-кт Энгельса 128";"0,0";"1,0";"3,0";"3,0";
"418,0";"08,03,2019";"Кировский";"";"Наезд на препятствие";"Западный скоростной диаметр";"5";"600";"г Санкт-Петербург  ";"0,0";"1,0";"1,0";"1,0";
"419,0";"08,03,2019";"Калининский";"";"Столкновение";"";"0";"0";"г Санкт-Петербург пр-кт Луначарского Пр,Светлановский";"0,0";"1,0";"4,0";"4,0";
"420,0";"07,03,2019";"Красногвардейский";"";"Наезд на препятствие";"";"0";"0";"г Санкт-Петербург  ";"0,0";"1,0";"3,0";"2,0";
"421,0";"07,03,2019";"Колпинский";"";"Падение пассажира";"";"0";"0";"г Колпино ул Ленинградская 1 2";"0,0";"1,0";"1,0";"2,0";
"422,0";"07,03,2019";"Центральный";"";"Наезд на пешехода";"";"0";"0";"г Санкт-Петербург ул Гагаринская 28";"0,0";"1,0";"2,0";"2,0";
"423,0";"07,03,2019";"Адмиралтейский";"";"Наезд на пешехода";"";"0";"0";"г Санкт-Петербург пр-кт Старо-Петергофский 41";"0,0";"1,0";"1,0";"2,0";
"424,0";"07,03,2019";"Выборгский";"";"Наезд на пешехода";"";"0";"0";"г Санкт-Петербург ул Есенина 26";"0,0";"1,0";"1,0";"2,0";
"425,0";"07,03,2019";"Пушкинский";"";"Наезд на пешехода";"";"0";"0";"г Пушкин ул Генерала Хазова 14";"0,0";"1,0";"1,0";"2,0";
"426,0";"07,03,2019";"Фрунзенский";"";"Наезд на пешехода";"";"0";"0";"г Санкт-Петербург  ";"0,0";"1,0";"1,0";"2,0";
"427,0";"07,03,2019";"Пушкинский";"";"Наезд на пешехода";"";"0";"0";"г Пушкин ш Красносельское 65";"0,0";"1,0";"2,0";"3,0";
"428,0";"07,03,2019";"Красногвардейский";"";"Наезд на стоящее ТС";"";"0";"0";"г Санкт-Петербург пр-кт Ириновский 1";"0,0";"1,0";"3,0";"3,0";
"429,0";"07,03,2019";"Колпинский";"";"Столкновение";"";"0";"0";"г Колпино ул Веры Слуцкой 89";"0,0";"1,0";"2,0";"2,0";
"430,0";"07,03,2019";"Центральный";"";"Столкновение";"";"0";"0";"г Санкт-Петербург наб Обводного канала ул боровая";"0,0";"1,0";"2,0";"3,0";
"431,0";"07,03,2019";"Курортный";"";"Наезд на препятствие";"Западный скоростной диаметр";"38";"400";"г Санкт-Петербург  ";"0,0";"1,0";"1,0";"2,0";
"432,0";"07,03,2019";"Красногвардейский";"";"Столкновение";"";"0";"0";"г Санкт-Петербург пр-кт Шаумяна 9";"0,0";"1,0";"2,0";"2,0";
"433,0";"07,03,2019";"Красносельский";"";"Наезд на пешехода";"";"0";"0";"г Санкт-Петербург ш Красносельское (Горелово) 54 к,3";"0,0";"1,0";"1,0";"2,0";
"434,0";"06,03,2019";"Курортный";"";"Столкновение";"";"0";"0";"г Зеленогорск ш Приморское Широкая";"0,0";"1,0";"2,0";"3,0";
"435,0";"06,03,2019";"Московский";"";"Наезд на препятствие";"А-118 Кольцевая автомобильная дорога вокруг Санкт-Петербурга";"66";"520";"г Санкт-Петербург  ";"0,0";"2,0";"1,0";"2,0";
"436,0";"06,03,2019";"Невский";"";"Наезд на пешехода";"";"0";"0";"г Санкт-Петербург пр-кт Шлиссельбургский 20 к,1";"0,0";"1,0";"1,0";"2,0";
"437,0";"06,03,2019";"Центральный";"";"Наезд на пешехода";"";"0";"0";"г Санкт-Петербург ул Разъезжая 42 34";"0,0";"1,0";"1,0";"2,0";
"438,0";"06,03,2019";"Невский";"";"Наезд на пешехода";"";"0";"0";"г Санкт-Петербург ул Бехтерева 3 5";"0,0";"1,0";"1,0";"2,0";
"439,0";"06,03,2019";"Невский";"";"Наезд на пешехода";"";"0";"0";"г Санкт-Петербург пр-кт Обуховской Обороны 77";"0,0";"1,0";"1,0";"2,0";
"440,0";"06,03,2019";"Василеостровский";"";"Наезд на пешехода";"";"0";"0";"г Санкт-Петербург пр-кт Средний В,О, 45";"0,0";"1,0";"1,0";"2,0";
"441,0";"06,03,2019";"Адмиралтейский";"";"Наезд на пешехода";"";"0";"0";"г Санкт-Петербург ш Митрофаньевское 7";"0,0";"1,0";"1,0";"2,0";
"442,0";"06,03,2019";"Московский";"";"Наезд на пешехода";"";"0";"0";"г Санкт-Петербург ул Ленсовета 36";"0,0";"1,0";"1,0";"2,0";
"443,0";"06,03,2019";"Московский";"";"Наезд на пешехода";"";"0";"0";"г Санкт-Петербург пр-кт Юрия Гагарина 14 к,1";"0,0";"1,0";"1,0";"2,0";
"444,0";"06,03,2019";"Московский";"";"Столкновение";"";"0";"0";"г Санкт-Петербург ул Благодатная 38";"0,0";"1,0";"2,0";"3,0";
"445,0";"06,03,2019";"Выборгский";"";"Наезд на пешехода";"";"0";"0";"г Санкт-Петербург пр-кт Луначарского 76-2";"0,0";"1,0";"1,0";"2,0";
"446,0";"06,03,2019";"Приморский";"";"Падение пассажира";"";"0";"0";"г Санкт-Петербург ул Новосибирская 10";"0,0";"1,0";"1,0";"2,0";
"447,0";"06,03,2019";"Красносельский";"";"Столкновение";"";"0";"0";"г Санкт-Петербург ул Маршала Захарова Десантников";"0,0";"1,0";"2,0";"3,0";
"448,0";"06,03,2019";"Невский";"";"Наезд на пешехода";"";"0";"0";"г Санкт-Петербург ул Тепловозная 31";"0,0";"1,0";"1,0";"2,0";
"449,0";"06,03,2019";"Василеостровский";"";"Столкновение";"";"0";"0";"г Санкт-Петербург ул Наличная 38К2";"0,0";"1,0";"2,0";"2,0";
"450,0";"06,03,2019";"Центральный";"";"Столкновение";"";"0";"0";"г Санкт-Петербург пр-кт Литейный 1";"0,0";"1,0";"2,0";"3,0";
"451,0";"06,03,2019";"Московский";"";"Столкновение";"";"0";"0";"г Санкт-Петербург пр-кт Лиговский Воздухоплавотельная";"0,0";"1,0";"3,0";"3,0";
"452,0";"05,03,2019";"Приморский";"";"Наезд на стоящее ТС";"";"0";"0";"г Санкт-Петербург ул Долгоозёрная 2 по ул,Мартыновской";"0,0";"1,0";"3,0";"3,0";
"453,0";"05,03,2019";"Выборгский";"";"Столкновение";"";"0";"0";"г Санкт-Петербург пр-кт Энгельса 21";"0,0";"3,0";"2,0";"4,0";
"454,0";"05,03,2019";"Приморский";"";"Наезд на пешехода";"";"0";"0";"г Санкт-Петербург ул Оптиков 35";"0,0";"1,0";"1,0";"2,0";
"455,0";"05,03,2019";"Московский";"";"Наезд на пешехода";"";"0";"0";"г Санкт-Петербург ул Кузнецовская 34";"0,0";"1,0";"1,0";"2,0";
"456,0";"05,03,2019";"Красносельский";"";"Столкновение";"";"0";"0";"г Санкт-Петербург ш Петергофское ЛЭМЗ";"0,0";"1,0";"2,0";"3,0";
"457,0";"05,03,2019";"Петродворцовый";"";"Столкновение";"";"0";"0";"г Петергоф ш Ораниенбаумское 1";"0,0";"1,0";"3,0";"3,0";
"458,0";"05,03,2019";"Приморский";"";"Наезд на стоящее ТС";"";"0";"0";"г Санкт-Петербург пр-кт Сизова 32";"0,0";"1,0";"2,0";"3,0";
"459,0";"05,03,2019";"Выборгский";"";"Наезд на пешехода";"";"0";"0";"г Санкт-Петербург ул Гренадерская 29 по Выборгской наб";"0,0";"1,0";"1,0";"2,0";
"460,0";"05,03,2019";"Московский";"";"Столкновение";"А-118 Кольцевая автомобильная дорога вокруг Санкт-Петербурга";"72";"700";"г Санкт-Петербург  ";"0,0";"1,0";"2,0";"2,0";
"461,0";"05,03,2019";"Выборгский";"";"Наезд на пешехода";"";"0";"0";"п Парголово ул Фёдора Абрамова 23";"0,0";"1,0";"1,0";"2,0";
"462,0";"05,03,2019";"Фрунзенский";"";"Наезд на пешехода";"";"0";"0";"г Санкт-Петербург  ";"0,0";"1,0";"1,0";"2,0";
"463,0";"05,03,2019";"Курортный";"";"Столкновение";"Зеленогорское шоссе";"7";"20";"г Санкт-Петербург  ";"1,0";"3,0";"2,0";"4,0";
"464,0";"05,03,2019";"Василеостровский";"";"Наезд на пешехода";"";"0";"0";"г Санкт-Петербург ул Камская 12";"0,0";"1,0";"1,0";"2,0";
"465,0";"04,03,2019";"Колпинский";"";"Столкновение";"";"0";"0";"г Колпино ул Финляндская 23";"0,0";"1,0";"2,0";"3,0";
"466,0";"04,03,2019";"Приморский";"";"Столкновение";"";"0";"0";"г Санкт-Петербург пр-кт Лахтинский 98";"0,0";"1,0";"2,0";"2,0";
"467,0";"04,03,2019";"Красносельский";"";"Столкновение";"А-118 Кольцевая автомобильная дорога вокруг Санкт-Петербурга";"63";"800";"г Санкт-Петербург  ";"0,0";"1,0";"2,0";"2,0";
"468,0";"04,03,2019";"Невский";"";"Наезд на пешехода";"";"0";"0";"г Санкт-Петербург ул Кржижановского 8-1";"0,0";"1,0";"1,0";"2,0";
"469,0";"04,03,2019";"Калининский";"";"Наезд на пешехода";"";"0";"0";"г Санкт-Петербург  ";"0,0";"1,0";"1,0";"2,0";
"470,0";"04,03,2019";"Выборгский";"";"Столкновение";"";"0";"0";"г Санкт-Петербург пр-кт Тореза 82";"0,0";"2,0";"2,0";"3,0";
"471,0";"04,03,2019";"Петроградский";"";"Наезд на пешехода";"";"0";"0";"г Санкт-Петербург ул Куйбышева 23";"0,0";"1,0";"1,0";"2,0";
"472,0";"04,03,2019";"Василеостровский";"";"Падение пассажира";"";"0";"0";"г Санкт-Петербург наб Новосмоленская 6";"0,0";"1,0";"1,0";"2,0";
"473,0";"04,03,2019";"Кировский";"";"Столкновение";"";"0";"0";"г Санкт-Петербург пр-кт Стачек 91";"0,0";"1,0";"2,0";"2,0";
"474,0";"04,03,2019";"Центральный";"";"Столкновение";"";"0";"0";"г Санкт-Петербург ул Радищева Гродненский пер,";"0,0";"1,0";"2,0";"2,0";
"475,0";"04,03,2019";"Московский";"";"Столкновение";"";"0";"0";"г Санкт-Петербург ш Пулковское 36 корп 2";"0,0";"1,0";"2,0";"2,0";
"476,0";"04,03,2019";"Приморский";"";"Столкновение";"";"0";"0";"г Санкт-Петербург ул Гаккелевская 25";"0,0";"1,0";"2,0";"3,0";
"477,0";"04,03,2019";"Выборгский";"";"Падение пассажира";"";"0";"0";"г Санкт-Петербург пр-кт Лесной 22";"0,0";"1,0";"2,0";"3,0";
"478,0";"04,03,2019";"Петроградский";"";"Столкновение";"";"0";"0";"г Санкт-Петербург пр-кт Каменноостровский 8";"0,0";"3,0";"3,0";"4,0";
"479,0";"04,03,2019";"Калининский";"";"Наезд на пешехода";"";"0";"0";"г Санкт-Петербург ул Минеральная 13";"0,0";"1,0";"1,0";"2,0";
"480,0";"03,03,2019";"Калининский";"";"Наезд на пешехода";"";"0";"0";"г Санкт-Петербург пр-кт Просвещения 80";"0,0";"1,0";"1,0";"2,0";
"481,0";"03,03,2019";"Петродворцовый";"";"Наезд на пешехода";"";"0";"0";"п Стрельна ш Санкт-Петербургское 88";"0,0";"1,0";"1,0";"2,0";
"482,0";"03,03,2019";"Приморский";"";"Столкновение";"";"0";"0";"г Санкт-Петербург ул Торжковская 6";"0,0";"1,0";"2,0";"2,0";
"483,0";"03,03,2019";"Центральный";"";"Столкновение";"";"0";"0";"г Санкт-Петербург пр-кт Невский 65";"0,0";"1,0";"3,0";"4,0";
"484,0";"03,03,2019";"Московский";"";"Наезд на препятствие";"";"0";"0";"г Санкт-Петербург ш Пулковское 70";"0,0";"1,0";"1,0";"1,0";
"485,0";"03,03,2019";"Московский";"";"Наезд на препятствие";"";"0";"0";"г Санкт-Петербург пр-кт Ленинский 156";"0,0";"1,0";"1,0";"2,0";
"486,0";"03,03,2019";"Невский";"";"Падение пассажира";"";"0";"0";"г Санкт-Петербург пр-кт Большевиков 5";"0,0";"1,0";"1,0";"2,0";
"487,0";"03,03,2019";"Центральный";"";"Наезд на пешехода";"";"0";"0";"г Санкт-Петербург пр-кт Владимирский 5";"0,0";"1,0";"1,0";"2,0";
"488,0";"03,03,2019";"Невский";"";"Наезд на стоящее ТС";"";"0";"0";"г Санкт-Петербург пр-кт Большевиков 21";"0,0";"1,0";"2,0";"3,0";
"489,0";"03,03,2019";"Красносельский";"";"Столкновение";"";"0";"0";"г Санкт-Петербург ш Красносельское (Горелово) Аннинское";"0,0";"5,0";"2,0";"6,0";
"490,0";"03,03,2019";"Калининский";"";"Наезд на пешехода";"";"0";"0";"г Санкт-Петербург ул Бутлерова 40";"0,0";"1,0";"1,0";"2,0";
"491,0";"03,03,2019";"Фрунзенский";"";"Наезд на препятствие";"";"0";"0";"г Санкт-Петербург пр-кт Славы 2";"0,0";"1,0";"1,0";"2,0";
"492,0";"02,03,2019";"Кировский";"";"Столкновение";"";"0";"0";"г Санкт-Петербург пр-кт Народного Ополчения 149";"0,0";"2,0";"3,0";"4,0";
"493,0";"02,03,2019";"Кировский";"";"Столкновение";"";"0";"0";"г Санкт-Петербург пр-кт Стачек автомобильная";"0,0";"1,0";"2,0";"3,0";
"494,0";"02,03,2019";"Красносельский";"";"Наезд на пешехода";"";"0";"0";"г Санкт-Петербург ул Добровольцев 50";"0,0";"1,0";"1,0";"2,0";
"495,0";"02,03,2019";"Красносельский";"";"Наезд на препятствие";"А-118 Кольцевая автомобильная дорога вокруг Санкт-Петербурга";"83";"650";"г Санкт-Петербург  ";"0,0";"1,0";"1,0";"1,0";
"496,0";"02,03,2019";"Приморский";"";"Наезд на стоящее ТС";"";"0";"0";"г Санкт-Петербург  ";"0,0";"1,0";"3,0";"3,0";
"497,0";"02,03,2019";"Красносельский";"";"Столкновение";"";"0";"0";"г Санкт-Петербург ш Петергофское ул, Доблести";"0,0";"1,0";"2,0";"3,0";
"498,0";"02,03,2019";"Московский";"";"Столкновение";"Западный скоростной диаметр";"41";"970";"г Санкт-Петербург  ";"0,0";"1,0";"3,0";"2,0";
"499,0";"02,03,2019";"Курортный";"";"Столкновение";"Зеленогорское шоссе";"3";"450";"г Санкт-Петербург  ";"0,0";"2,0";"2,0";"3,0";
"500,0";"02,03,2019";"Кировский";"";"Наезд на препятствие";"";"0";"0";"г Санкт-Петербург пр-кт Народного Ополчения 9";"0,0";"1,0";"1,0";"1,0";
"501,0";"02,03,2019";"Красносельский";"";"Столкновение";"А-118 Кольцевая автомобильная дорога вокруг Санкт-Петербурга";"78";"800";"г Санкт-Петербург  ";"0,0";"2,0";"5,0";"5,0";
"502,0";"02,03,2019";"Калининский";"";"Столкновение";"";"0";"0";"г Санкт-Петербург пр-кт Светлановский Ак,Байкова";"0,0";"1,0";"2,0";"2,0";
"503,0";"02,03,2019";"Красногвардейский";"";"Столкновение";"";"0";"0";"г Санкт-Петербург ул Коммуны 13";"0,0";"1,0";"2,0";"2,0";
"504,0";"01,03,2019";"Красногвардейский";"";"Столкновение";"";"0";"0";"г Санкт-Петербург ул Хасанская 15";"0,0";"1,0";"2,0";"3,0";
"505,0";"01,03,2019";"Выборгский";"";"Наезд на пешехода";"";"0";"0";"п Парголово ул Кооперативная (Торфяное) 18";"0,0";"1,0";"1,0";"2,0";
"506,0";"01,03,2019";"Центральный";"";"Столкновение";"";"0";"0";"г Санкт-Петербург пр-кт Невский Лиговский пр,";"0,0";"1,0";"2,0";"3,0";
"507,0";"01,03,2019";"Московский";"";"Столкновение";"";"0";"0";"г Санкт-Петербург ш Пулковское 13";"0,0";"1,0";"2,0";"2,0";
"508,0";"01,03,2019";"Кронштадтский";"";"Наезд на пешехода";"";"0";"0";"г Кронштадт пр-кт Ленина 16";"0,0";"1,0";"1,0";"2,0";
"509,0";"01,03,2019";"Приморский";"";"Столкновение";"";"0";"0";"г Санкт-Петербург ул Вербная Афонская ул,";"0,0";"1,0";"2,0";"2,0";
"510,0";"01,03,2019";"Московский";"";"Столкновение";"";"0";"0";"г Санкт-Петербург ул Благодатная 50";"0,0";"1,0";"2,0";"2,0";
"511,0";"01,03,2019";"Московский";"";"Столкновение";"";"0";"0";"г Санкт-Петербург пр-кт Новоизмайловский 13";"0,0";"1,0";"2,0";"3,0";
"512,0";"01,03,2019";"Выборгский";"";"Столкновение";"";"0";"0";"г Санкт-Петербург пр-кт Просвещения Художников";"0,0";"1,0";"2,0";"2,0";
"513,0";"01,03,2019";"Фрунзенский";"";"Столкновение";"";"0";"0";"г Санкт-Петербург пр-кт Дунайский 64";"0,0";"1,0";"2,0";"3,0";
"514,0";"01,03,2019";"Фрунзенский";"";"Наезд на пешехода";"";"0";"0";"г Санкт-Петербург пер Моравский 7 корп,1";"0,0";"1,0";"1,0";"2,0";
"515,0";"01,03,2019";"Калининский";"";"Падение пассажира";"";"0";"0";"г Санкт-Петербург пр-кт Науки 69";"0,0";"1,0";"1,0";"2,0";
"516,0";"01,03,2019";"Московский";"";"Наезд на пешехода";"";"0";"0";"г Санкт-Петербург ул Звёздная 16";"0,0";"1,0";"1,0";"2,0";
"517,0";"01,03,2019";"Петроградский";"";"Наезд на пешехода";"";"0";"0";"г Санкт-Петербург пр-кт Большой П,С, 14";"0,0";"1,0";"1,0";"2,0";